;FLAVOR:Marlin
;TIME:934
;Filament used: 0.496609m
;Layer height: 0.28
;MINX:129.544
;MINY:135.313
;MINZ:0.28
;MAXX:170.454
;MAXY:164.587
;MAXZ:19.88
;Generated with Cura_SteamEngine 4.9.0
M140 S50
M105
M190 S50
M104 S210
M105
M109 S210
M82 ;absolute extrusion mode
M201 X500.00 Y500.00 Z100.00 E5000.00 ;Setup machine max acceleration
M203 X500.00 Y500.00 Z10.00 E50.00 ;Setup machine max feedrate
M204 P500.00 R1000.00 T500.00 ;Setup Print/Retract/Travel acceleration
M205 X8.00 Y8.00 Z0.40 E5.00 ;Setup Jerk
M220 S100 ;Reset Feedrate
M221 S100 ;Reset Flowrate

G28 ;Home

G92 E0 ;Reset Extruder
G1 Z2.0 F3000 ;Move Z Axis up
G1 X10.1 Y20 Z0.28 F5000.0 ;Move to start position
G1 X10.1 Y200.0 Z0.28 F1500.0 E15 ;Draw the first line
G1 X10.4 Y200.0 Z0.28 F5000.0 ;Move to side a little
G1 X10.4 Y20 Z0.28 F1500.0 E30 ;Draw the second line
G92 E0 ;Reset Extruder
G1 Z2.0 F3000 ;Move Z Axis up

G92 E0
G92 E0
G1 F2700 E-5
;LAYER_COUNT:71
;LAYER:0
M107
G0 F6000 X133.938 Y139.499 Z0.28
;TYPE:SKIRT
G1 F2700 E0
G1 F1200 X134.304 Y139.155 E0.02339
G1 X135.108 Y138.469 E0.0726
G1 X135.448 Y138.206 E0.09262
G1 X136.448 Y137.517 E0.14916
G1 X136.566 Y137.445 E0.1556
G1 X137.386 Y136.992 E0.19922
G1 X137.823 Y136.774 E0.22196
G1 X138.801 Y136.344 E0.27171
G1 X139.219 Y136.184 E0.29255
G1 X140.215 Y135.856 E0.34138
G1 X140.72 Y135.726 E0.36566
G1 X140.999 Y135.661 E0.379
G1 X141.879 Y135.493 E0.42072
G1 X142.081 Y135.463 E0.43022
G1 X142.934 Y135.37 E0.47018
G1 X143.423 Y135.336 E0.493
G1 X144.431 Y135.313 E0.53995
G1 X144.876 Y135.324 E0.56068
G1 X145.494 Y135.348 E0.58948
G1 X146.915 Y135.418 E0.65573
G1 X149.434 Y135.471 E0.77305
G1 X151.957 Y135.452 E0.89053
G1 X154.469 Y135.362 E1.00758
G1 X154.786 Y135.343 E1.02236
G1 X155.075 Y135.33 E1.03584
G1 X155.452 Y135.317 E1.0534
G1 X156.304 Y135.32 E1.09307
G1 X156.513 Y135.329 E1.10281
G1 X157.428 Y135.407 E1.14557
G1 X157.947 Y135.473 E1.16994
G1 X159.159 Y135.697 E1.22733
G1 X159.307 Y135.733 E1.23442
G1 X160.192 Y135.988 E1.27731
G1 X160.65 Y136.141 E1.29979
G1 X161.659 Y136.534 E1.35021
G1 X161.945 Y136.662 E1.3648
G1 X162.905 Y137.15 E1.41495
G1 X163.243 Y137.343 E1.43307
G1 X164.167 Y137.933 E1.48412
G1 X164.538 Y138.197 E1.50532
G1 X165.419 Y138.894 E1.55763
G1 X165.534 Y138.995 E1.56476
G1 X166.29 Y139.726 E1.61373
G1 X166.603 Y140.059 E1.63501
G1 X167.284 Y140.856 E1.68382
G1 X167.566 Y141.22 E1.70526
G1 X168.212 Y142.15 E1.75799
G1 X168.281 Y142.261 E1.76407
G1 X168.787 Y143.167 E1.8124
G1 X168.996 Y143.587 E1.83424
G1 X169.422 Y144.557 E1.88357
G1 X169.554 Y144.902 E1.90077
G1 X169.89 Y145.931 E1.95118
G1 X169.98 Y146.26 E1.96706
G1 X170.217 Y147.335 E2.01832
G1 X170.28 Y147.709 E2.03598
G1 X170.406 Y148.77 E2.08573
G1 X170.437 Y149.214 E2.10645
G1 X170.454 Y150.448 E2.16392
G1 X170.446 Y150.636 E2.17268
G1 X170.368 Y151.556 E2.21567
G1 X170.302 Y152.075 E2.24004
G1 X170.062 Y153.355 E2.30068
G1 X170.02 Y153.523 E2.30874
G1 X169.781 Y154.341 E2.34842
G1 X169.645 Y154.748 E2.3684
G1 X169.257 Y155.744 E2.41818
G1 X169.062 Y156.181 E2.44046
G1 X168.533 Y157.217 E2.49462
G1 X168.464 Y157.336 E2.50103
G1 X167.912 Y158.194 E2.54854
G1 X167.577 Y158.665 E2.57545
G1 X166.844 Y159.586 E2.63026
G1 X166.758 Y159.683 E2.6363
G1 X166.066 Y160.396 E2.68256
G1 X165.692 Y160.748 E2.70648
G1 X164.895 Y161.43 E2.75532
G1 X164.583 Y161.672 E2.77371
G1 X163.677 Y162.304 E2.82514
G1 X163.538 Y162.391 E2.83278
G1 X162.593 Y162.92 E2.88321
G1 X162.178 Y163.126 E2.90478
G1 X161.218 Y163.546 E2.95357
G1 X160.86 Y163.683 E2.97142
G1 X159.838 Y164.018 E3.0215
G1 X159.415 Y164.134 E3.04193
G1 X158.144 Y164.403 E3.10242
G1 X157.978 Y164.428 E3.11024
G1 X157.117 Y164.524 E3.15058
G1 X156.566 Y164.563 E3.1763
G1 X155.517 Y164.587 E3.22516
G1 X154.992 Y164.572 E3.24961
G1 X154.494 Y164.55 E3.27283
G1 X153.232 Y164.486 E3.33167
G1 X150.73 Y164.43 E3.4482
G1 X148.212 Y164.445 E3.56545
G1 X145.648 Y164.533 E3.68491
G1 X145.291 Y164.554 E3.70156
G1 X145.042 Y164.566 E3.71317
G1 X144.573 Y164.583 E3.73502
G1 X143.744 Y164.582 E3.77362
G1 X143.54 Y164.574 E3.78313
G1 X142.62 Y164.499 E3.82611
G1 X142.208 Y164.448 E3.84544
G1 X141.068 Y164.245 E3.89936
G1 X140.582 Y164.132 E3.9226
G1 X139.433 Y163.798 E3.97831
G1 X139.279 Y163.744 E3.98591
G1 X138.416 Y163.4 E4.02917
G1 X138.046 Y163.234 E4.04805
G1 X137.095 Y162.75 E4.09774
G1 X136.757 Y162.557 E4.11587
G1 X135.829 Y161.964 E4.16715
G1 X135.457 Y161.699 E4.18841
G1 X134.585 Y161.009 E4.24019
G1 X134.471 Y160.909 E4.24725
G1 X133.713 Y160.177 E4.29632
G1 X133.412 Y159.857 E4.31678
G1 X132.73 Y159.059 E4.36566
G1 X132.499 Y158.761 E4.38321
G1 X131.876 Y157.869 E4.43388
G1 X131.694 Y157.579 E4.44982
G1 X131.16 Y156.627 E4.50065
G1 X130.998 Y156.301 E4.5176
G1 X130.569 Y155.32 E4.56745
G1 X130.435 Y154.968 E4.58499
G1 X130.107 Y153.963 E4.63422
G1 X129.991 Y153.54 E4.65464
G1 X129.72 Y152.26 E4.71556
G1 X129.692 Y152.073 E4.72437
G1 X129.597 Y151.197 E4.7654
G1 X129.562 Y150.687 E4.7892
G1 X129.544 Y149.525 E4.84332
G1 X129.551 Y149.337 E4.85208
G1 X129.631 Y148.359 E4.89777
G1 X129.699 Y147.824 E4.92288
G1 X129.923 Y146.609 E4.98041
G1 X129.96 Y146.457 E4.98769
G1 X130.212 Y145.58 E5.03018
G1 X130.354 Y145.154 E5.05109
G1 X130.749 Y144.142 E5.10168
G1 X130.944 Y143.706 E5.12392
G1 X131.51 Y142.609 E5.1814
G1 X131.579 Y142.492 E5.18772
G1 X132.085 Y141.712 E5.23101
G1 X132.418 Y141.243 E5.2578
G1 X133.114 Y140.361 E5.31011
G1 X133.199 Y140.264 E5.31612
G1 X133.938 Y139.499 E5.36565
G0 F6000 X134.212 Y139.79
G1 F1200 X134.578 Y139.446 E5.38904
G1 X135.352 Y138.786 E5.4364
G1 X135.692 Y138.523 E5.45642
G1 X136.657 Y137.858 E5.51099
G1 X136.775 Y137.786 E5.51742
G1 X137.564 Y137.35 E5.5594
G1 X138.001 Y137.132 E5.58214
G1 X138.944 Y136.717 E5.63011
G1 X139.362 Y136.557 E5.65095
G1 X140.322 Y136.241 E5.69802
G1 X140.811 Y136.115 E5.72153
G1 X141.09 Y136.05 E5.73487
G1 X141.938 Y135.889 E5.77506
G1 X142.14 Y135.859 E5.78457
G1 X142.962 Y135.77 E5.82307
G1 X143.451 Y135.736 E5.84589
G1 X144.422 Y135.713 E5.89112
G1 X144.861 Y135.724 E5.91157
G1 X145.475 Y135.748 E5.94018
G1 X146.888 Y135.818 E6.00606
G1 X149.428 Y135.871 E6.12436
G1 X151.974 Y135.852 E6.24291
G1 X154.509 Y135.761 E6.36103
G1 X155.089 Y135.729 E6.38808
G1 X155.466 Y135.716 E6.40564
G1 X156.287 Y135.72 E6.44387
G1 X156.496 Y135.729 E6.45361
G1 X157.377 Y135.804 E6.49478
G1 X157.896 Y135.87 E6.51914
G1 X159.064 Y136.085 E6.57444
G1 X159.212 Y136.121 E6.58154
G1 X160.066 Y136.367 E6.62292
G1 X160.524 Y136.52 E6.6454
G1 X161.495 Y136.899 E6.69394
G1 X161.781 Y137.027 E6.70853
G1 X162.707 Y137.497 E6.75689
G1 X163.045 Y137.69 E6.77501
G1 X163.935 Y138.258 E6.82417
G1 X164.306 Y138.522 E6.84537
G1 X165.155 Y139.195 E6.89582
G1 X165.27 Y139.296 E6.90295
G1 X165.999 Y140 E6.95014
G1 X166.312 Y140.333 E6.97142
G1 X166.968 Y141.101 E7.01845
G1 X167.25 Y141.465 E7.03989
G1 X167.872 Y142.361 E7.09068
G1 X167.941 Y142.472 E7.09677
G1 X168.429 Y143.346 E7.14338
G1 X168.638 Y143.766 E7.16522
G1 X169.048 Y144.7 E7.21272
G1 X169.18 Y145.045 E7.22992
G1 X169.504 Y146.036 E7.27847
G1 X169.594 Y146.365 E7.29435
G1 X169.823 Y147.401 E7.34376
G1 X169.886 Y147.775 E7.36142
G1 X170.007 Y148.798 E7.40938
G1 X170.038 Y149.242 E7.43011
G1 X170.054 Y150.431 E7.48548
G1 X170.046 Y150.619 E7.49424
G1 X169.971 Y151.505 E7.53564
G1 X169.905 Y152.024 E7.56
G1 X169.674 Y153.258 E7.61846
G1 X169.632 Y153.426 E7.62653
G1 X169.402 Y154.214 E7.66475
G1 X169.266 Y154.621 E7.68473
G1 X168.892 Y155.581 E7.73271
G1 X168.697 Y156.018 E7.75499
G1 X168.187 Y157.016 E7.80718
G1 X168.118 Y157.135 E7.81358
G1 X167.586 Y157.962 E7.85937
G1 X167.251 Y158.433 E7.88628
G1 X166.545 Y159.321 E7.93911
G1 X166.459 Y159.418 E7.94514
G1 X165.792 Y160.105 E7.98973
G1 X165.418 Y160.457 E8.01364
G1 X164.65 Y161.114 E8.06071
G1 X164.338 Y161.356 E8.07909
G1 X163.465 Y161.965 E8.12866
G1 X163.326 Y162.052 E8.13629
G1 X162.415 Y162.562 E8.18491
G1 X162 Y162.768 E8.20648
G1 X161.075 Y163.173 E8.2535
G1 X160.717 Y163.31 E8.27135
G1 X159.732 Y163.633 E8.31962
G1 X159.309 Y163.749 E8.34004
G1 X158.085 Y164.008 E8.3983
G1 X157.919 Y164.033 E8.40612
G1 X157.088 Y164.125 E8.44505
G1 X156.537 Y164.164 E8.47077
G1 X155.527 Y164.187 E8.51781
G1 X155.009 Y164.172 E8.54194
G1 X154.514 Y164.151 E8.56501
G1 X153.225 Y164.086 E8.62511
G1 X150.737 Y164.03 E8.74099
G1 X148.195 Y164.045 E8.85936
G1 X145.653 Y164.132 E8.97779
G1 X145.268 Y164.155 E8.99575
G1 X145.028 Y164.166 E9.00694
G1 X144.559 Y164.183 E9.02879
G1 X143.76 Y164.182 E9.066
G1 X143.556 Y164.174 E9.0755
G1 X142.669 Y164.102 E9.11694
G1 X142.257 Y164.051 E9.13627
G1 X141.158 Y163.856 E9.18825
G1 X140.672 Y163.743 E9.21148
G1 X139.565 Y163.421 E9.26516
G1 X139.411 Y163.367 E9.27276
G1 X138.58 Y163.035 E9.31443
G1 X138.21 Y162.869 E9.33331
G1 X137.293 Y162.403 E9.38121
G1 X136.955 Y162.21 E9.39933
G1 X136.061 Y161.638 E9.44875
G1 X135.689 Y161.373 E9.47002
G1 X134.849 Y160.709 E9.51988
G1 X134.735 Y160.609 E9.52694
G1 X134.004 Y159.903 E9.57426
G1 X133.703 Y159.583 E9.59472
G1 X133.046 Y158.814 E9.64182
G1 X132.815 Y158.516 E9.65937
G1 X132.215 Y157.657 E9.70816
G1 X132.033 Y157.367 E9.72411
G1 X131.518 Y156.449 E9.77312
G1 X131.356 Y156.123 E9.79007
G1 X130.943 Y155.177 E9.83813
G1 X130.809 Y154.825 E9.85567
G1 X130.492 Y153.857 E9.9031
G1 X130.376 Y153.434 E9.92353
G1 X130.116 Y152.201 E9.9822
G1 X130.088 Y152.014 E9.99101
G1 X129.996 Y151.17 E10.03054
G1 X129.961 Y150.66 E10.05434
G1 X129.943 Y149.54 E10.1065
G1 X129.95 Y149.352 E10.11526
G1 X130.028 Y148.409 E10.15932
G1 X130.096 Y147.874 E10.18443
G1 X130.312 Y146.704 E10.23983
G1 X130.349 Y146.552 E10.24712
G1 X130.592 Y145.707 E10.28806
G1 X130.734 Y145.281 E10.30897
G1 X131.114 Y144.305 E10.35774
G1 X131.309 Y143.869 E10.37998
G1 X131.855 Y142.812 E10.43538
G1 X131.924 Y142.695 E10.4417
G1 X132.411 Y141.943 E10.48342
G1 X132.744 Y141.474 E10.5102
G1 X133.415 Y140.625 E10.56059
G1 X133.5 Y140.528 E10.5666
G1 X134.212 Y139.79 E10.61435
G0 F6000 X134.486 Y140.082
G1 F1200 X134.852 Y139.738 E10.63774
G1 X135.597 Y139.102 E10.68335
G1 X135.937 Y138.839 E10.70336
G1 X136.865 Y138.2 E10.75583
G1 X136.983 Y138.128 E10.76226
G1 X137.743 Y137.708 E10.8027
G1 X138.18 Y137.49 E10.82544
G1 X139.087 Y137.091 E10.87158
G1 X139.505 Y136.931 E10.89242
G1 X140.429 Y136.627 E10.93771
G1 X140.902 Y136.505 E10.96046
G1 X141.181 Y136.44 E10.9738
G1 X141.997 Y136.285 E11.01247
G1 X142.199 Y136.255 E11.02198
G1 X142.99 Y136.169 E11.05903
G1 X143.479 Y136.135 E11.08186
G1 X144.413 Y136.113 E11.12536
G1 X144.845 Y136.123 E11.14548
G1 X145.455 Y136.147 E11.17391
G1 X146.895 Y136.218 E11.24104
G1 X149.423 Y136.271 E11.35878
G1 X151.992 Y136.252 E11.47841
G1 X154.506 Y136.162 E11.59555
G1 X154.835 Y136.142 E11.61089
G1 X155.102 Y136.129 E11.62334
G1 X155.479 Y136.116 E11.64091
G1 X156.27 Y136.119 E11.67774
G1 X156.479 Y136.128 E11.68748
G1 X157.327 Y136.2 E11.72711
G1 X157.846 Y136.266 E11.75147
G1 X158.97 Y136.474 E11.8047
G1 X159.118 Y136.51 E11.81179
G1 X159.939 Y136.747 E11.85158
G1 X160.397 Y136.9 E11.87406
G1 X161.332 Y137.264 E11.92078
G1 X161.618 Y137.392 E11.93537
G1 X162.509 Y137.844 E11.9819
G1 X162.847 Y138.037 E12.00002
G1 X163.703 Y138.584 E12.04732
G1 X164.074 Y138.848 E12.06852
G1 X164.891 Y139.495 E12.11705
G1 X165.006 Y139.596 E12.12418
G1 X165.707 Y140.274 E12.16959
G1 X166.02 Y140.607 E12.19087
G1 X166.651 Y141.346 E12.23612
G1 X166.933 Y141.71 E12.25756
G1 X167.533 Y142.572 E12.30646
G1 X167.602 Y142.683 E12.31255
G1 X168.071 Y143.524 E12.35739
G1 X168.28 Y143.944 E12.37923
G1 X168.675 Y144.843 E12.42496
G1 X168.807 Y145.188 E12.44216
G1 X169.119 Y146.142 E12.48889
G1 X169.209 Y146.471 E12.50478
G1 X169.428 Y147.468 E12.55231
G1 X169.491 Y147.842 E12.56997
G1 X169.608 Y148.826 E12.61611
G1 X169.639 Y149.27 E12.63683
G1 X169.655 Y150.414 E12.69011
G1 X169.647 Y150.602 E12.69887
G1 X169.575 Y151.455 E12.73873
G1 X169.509 Y151.974 E12.76309
G1 X169.285 Y153.161 E12.81934
G1 X169.243 Y153.329 E12.8274
G1 X169.022 Y154.088 E12.86421
G1 X168.886 Y154.495 E12.8842
G1 X168.527 Y155.418 E12.93031
G1 X168.332 Y155.855 E12.95259
G1 X167.841 Y156.815 E13.0028
G1 X167.772 Y156.934 E13.00921
G1 X167.26 Y157.73 E13.05328
G1 X166.925 Y158.201 E13.08019
G1 X166.245 Y159.056 E13.13106
G1 X166.159 Y159.153 E13.1371
G1 X165.518 Y159.814 E13.17997
G1 X165.144 Y160.166 E13.20389
G1 X164.404 Y160.798 E13.2492
G1 X164.092 Y161.04 E13.26759
G1 X163.253 Y161.626 E13.31524
G1 X163.114 Y161.713 E13.32288
G1 X162.237 Y162.203 E13.36965
G1 X161.822 Y162.409 E13.39123
G1 X160.933 Y162.799 E13.43643
G1 X160.575 Y162.936 E13.45428
G1 X159.627 Y163.247 E13.50074
G1 X159.204 Y163.363 E13.52116
G1 X158.025 Y163.612 E13.57727
G1 X157.859 Y163.637 E13.58509
G1 X157.06 Y163.726 E13.62252
G1 X156.509 Y163.765 E13.64824
G1 X155.537 Y163.787 E13.69352
G1 X155.026 Y163.773 E13.71732
G1 X154.534 Y163.751 E13.74025
G1 X153.254 Y163.687 E13.79993
G1 X150.743 Y163.63 E13.91688
G1 X148.18 Y163.645 E14.03623
G1 X145.614 Y163.733 E14.15578
G1 X145.244 Y163.755 E14.17304
G1 X145.013 Y163.766 E14.18381
G1 X144.544 Y163.783 E14.20566
G1 X143.775 Y163.782 E14.24147
G1 X143.571 Y163.774 E14.25098
G1 X142.718 Y163.705 E14.29083
G1 X142.306 Y163.654 E14.31016
G1 X141.249 Y163.466 E14.36015
G1 X140.763 Y163.353 E14.38338
G1 X139.698 Y163.043 E14.43503
G1 X139.544 Y162.989 E14.44263
G1 X138.744 Y162.67 E14.48273
G1 X138.374 Y162.504 E14.50162
G1 X137.491 Y162.056 E14.54772
G1 X137.153 Y161.863 E14.56585
G1 X136.293 Y161.313 E14.61338
G1 X135.921 Y161.048 E14.63465
G1 X135.113 Y160.408 E14.68264
G1 X134.999 Y160.308 E14.6897
G1 X134.295 Y159.629 E14.73525
G1 X133.994 Y159.309 E14.75571
G1 X133.362 Y158.569 E14.80102
G1 X133.131 Y158.271 E14.81858
G1 X132.553 Y157.444 E14.86556
G1 X132.371 Y157.154 E14.8815
G1 X131.877 Y156.271 E14.92861
G1 X131.715 Y155.945 E14.94556
G1 X131.316 Y155.035 E14.99183
G1 X131.182 Y154.683 E15.00937
G1 X130.878 Y153.752 E15.05497
G1 X130.762 Y153.329 E15.0754
G1 X130.511 Y152.141 E15.13194
G1 X130.483 Y151.954 E15.14074
G1 X130.395 Y151.142 E15.17877
G1 X130.36 Y150.632 E15.20258
G1 X130.343 Y149.554 E15.25278
G1 X130.35 Y149.366 E15.26154
G1 X130.424 Y148.46 E15.30387
G1 X130.492 Y147.925 E15.32898
G1 X130.7 Y146.799 E15.3823
G1 X130.737 Y146.647 E15.38958
G1 X130.971 Y145.833 E15.42902
G1 X131.113 Y145.407 E15.44993
G1 X131.479 Y144.469 E15.49681
G1 X131.674 Y144.033 E15.51905
G1 X132.199 Y143.016 E15.57235
G1 X132.268 Y142.899 E15.57867
G1 X132.737 Y142.175 E15.61884
G1 X133.07 Y141.706 E15.64562
G1 X133.716 Y140.889 E15.69412
G1 X133.801 Y140.792 E15.70013
G1 X134.486 Y140.082 E15.74607
G1 F2700 E10.74607
;MESH:Shiny Hillar (2).stl
G0 F6000 X146.575 Y146.363
G0 X151.528 Y150.326
G0 X152.612 Y150.271
G0 X153.594 Y151.768
G0 X154.234 Y152.35
G0 X154.658 Y152.549
G0 X155.823 Y152.998
;TYPE:WALL-INNER
G1 F2700 E15.74607
G1 F1200 X155.521 Y152.983 E15.76015
G1 X155.226 Y152.939 E15.77404
G1 X154.932 Y152.866 E15.78814
G1 X154.66 Y152.768 E15.8016
G1 X154.383 Y152.637 E15.81587
G1 X154.137 Y152.49 E15.82922
G1 X153.889 Y152.306 E15.84359
G1 X153.669 Y152.104 E15.8575
G1 X153.469 Y151.885 E15.87131
G1 X153.288 Y151.642 E15.88542
G1 X153.132 Y151.381 E15.89958
G1 X153.005 Y151.111 E15.91347
G1 X152.907 Y150.836 E15.92707
G1 X152.836 Y150.55 E15.94079
G1 X152.792 Y150.252 E15.95482
G1 X152.777 Y149.95 E15.96889
G1 X152.792 Y149.64 E15.98335
G1 X152.836 Y149.349 E15.99705
G1 X152.908 Y149.059 E16.01096
G1 X153.004 Y148.792 E16.02418
G1 X153.141 Y148.503 E16.03907
G1 X153.287 Y148.259 E16.05231
G1 X153.465 Y148.019 E16.06622
G1 X153.671 Y147.794 E16.08043
G1 X153.89 Y147.594 E16.09424
G1 X154.134 Y147.412 E16.10841
G1 X154.39 Y147.259 E16.1223
G1 X154.659 Y147.132 E16.13615
G1 X154.941 Y147.031 E16.1501
G1 X155.223 Y146.961 E16.16363
G1 X155.521 Y146.917 E16.17765
G1 X155.837 Y146.902 E16.19239
G1 X156.118 Y146.916 E16.20549
G1 X156.423 Y146.96 E16.21984
G1 X156.718 Y147.034 E16.234
G1 X156.99 Y147.132 E16.24746
G1 X157.257 Y147.258 E16.26121
G1 X157.526 Y147.419 E16.27581
G1 X157.758 Y147.591 E16.28925
G1 X157.987 Y147.799 E16.30366
G1 X158.177 Y148.01 E16.31688
G1 X158.363 Y148.259 E16.33135
G1 X158.514 Y148.512 E16.34507
G1 X158.643 Y148.785 E16.35913
G1 X158.743 Y149.064 E16.37293
G1 X158.814 Y149.35 E16.38665
G1 X158.858 Y149.648 E16.40068
G1 X158.873 Y149.95 E16.41476
G1 X158.858 Y150.254 E16.42893
G1 X158.815 Y150.547 E16.44272
G1 X158.741 Y150.84 E16.45679
G1 X158.643 Y151.114 E16.47034
G1 X158.51 Y151.395 E16.48482
G1 X158.37 Y151.63 E16.49756
G1 X158.179 Y151.889 E16.51254
G1 X157.978 Y152.11 E16.52645
G1 X157.757 Y152.308 E16.54027
G1 X157.526 Y152.481 E16.55371
G1 X157.258 Y152.641 E16.56824
G1 X156.987 Y152.77 E16.58222
G1 X156.713 Y152.867 E16.59575
G1 X156.423 Y152.94 E16.60968
G1 X156.129 Y152.983 E16.62351
G1 X155.823 Y152.998 E16.63778
G0 F6000 X155.823 Y153.399
;TYPE:WALL-OUTER
G1 F1200 X155.483 Y153.382 E16.65363
G1 X155.152 Y153.333 E16.66921
G1 X154.82 Y153.25 E16.68514
G1 X154.503 Y153.136 E16.70083
G1 X154.193 Y152.99 E16.71679
G1 X153.913 Y152.822 E16.73199
G1 X153.637 Y152.617 E16.748
G1 X153.385 Y152.387 E16.76389
G1 X153.158 Y152.138 E16.77958
G1 X152.958 Y151.869 E16.79519
G1 X152.777 Y151.566 E16.81162
G1 X152.634 Y151.262 E16.82726
G1 X152.525 Y150.955 E16.84243
G1 X152.442 Y150.621 E16.85846
G1 X152.393 Y150.29 E16.87404
G1 X152.376 Y149.95 E16.88989
G1 X152.393 Y149.602 E16.90611
G1 X152.442 Y149.275 E16.92151
G1 X152.524 Y148.947 E16.93725
G1 X152.638 Y148.63 E16.95294
G1 X152.786 Y148.316 E16.9691
G1 X152.951 Y148.041 E16.98404
G1 X153.158 Y147.762 E17.00021
G1 X153.388 Y147.51 E17.0161
G1 X153.637 Y147.283 E17.03179
G1 X153.906 Y147.083 E17.0474
G1 X154.205 Y146.904 E17.06363
G1 X154.505 Y146.763 E17.07906
G1 X154.824 Y146.648 E17.09485
G1 X155.151 Y146.567 E17.11054
G1 X155.485 Y146.518 E17.12626
G1 X155.827 Y146.501 E17.1422
G1 X156.165 Y146.518 E17.15796
G1 X156.498 Y146.567 E17.17363
G1 X156.83 Y146.65 E17.18957
G1 X157.147 Y146.764 E17.20525
G1 X157.447 Y146.905 E17.22069
G1 X157.744 Y147.083 E17.23681
G1 X158.015 Y147.284 E17.25252
G1 X158.271 Y147.517 E17.26864
G1 X158.488 Y147.757 E17.28371
G1 X158.692 Y148.031 E17.29961
G1 X158.871 Y148.33 E17.31584
G1 X159.014 Y148.633 E17.33144
G1 X159.124 Y148.941 E17.34667
G1 X159.208 Y149.279 E17.36289
G1 X159.257 Y149.61 E17.37847
G1 X159.274 Y149.95 E17.39432
G1 X159.257 Y150.29 E17.41017
G1 X159.208 Y150.625 E17.42594
G1 X159.124 Y150.959 E17.44197
G1 X159.014 Y151.267 E17.4572
G1 X158.865 Y151.582 E17.47343
G1 X158.699 Y151.859 E17.48847
G1 X158.491 Y152.14 E17.50475
G1 X158.26 Y152.394 E17.52073
G1 X158.01 Y152.619 E17.53639
G1 X157.75 Y152.813 E17.5515
G1 X157.445 Y152.996 E17.56806
G1 X157.142 Y153.139 E17.58366
G1 X156.83 Y153.25 E17.59908
G1 X156.498 Y153.333 E17.61502
G1 X156.165 Y153.382 E17.63069
G1 X155.823 Y153.399 E17.64664
G0 F6000 X155.823 Y152.959
G0 X155.823 Y152.607
;TYPE:SKIN
G1 F1200 X155.558 Y152.593 E17.65899
G1 X155.294 Y152.555 E17.67141
G1 X155.05 Y152.494 E17.68312
G1 X154.818 Y152.411 E17.6946
G1 X154.56 Y152.288 E17.70791
G1 X154.355 Y152.166 E17.71901
G1 X154.129 Y151.998 E17.73213
G1 X153.951 Y151.835 E17.74336
G1 X153.762 Y151.627 E17.75645
G1 X153.619 Y151.436 E17.76756
G1 X153.477 Y151.197 E17.78051
G1 X153.363 Y150.955 E17.79296
G1 X153.22 Y150.48 E17.81606
G1 X153.182 Y150.217 E17.82844
G1 X153.168 Y149.95 E17.84088
G1 X153.182 Y149.675 E17.85371
G1 X153.221 Y149.412 E17.86609
G1 X153.363 Y148.946 E17.88877
G1 X153.486 Y148.687 E17.90212
G1 X153.617 Y148.468 E17.914
G1 X153.769 Y148.265 E17.92581
G1 X153.953 Y148.065 E17.93847
G1 X154.143 Y147.89 E17.9505
G1 X154.34 Y147.744 E17.96191
G1 X154.579 Y147.601 E17.97488
G1 X154.812 Y147.491 E17.98688
G1 X155.055 Y147.404 E17.9989
G1 X155.293 Y147.345 E18.01032
G1 X155.555 Y147.307 E18.02264
G1 X155.836 Y147.293 E18.03574
G1 X156.085 Y147.306 E18.04735
G1 X156.35 Y147.344 E18.05982
G1 X156.598 Y147.406 E18.07172
G1 X156.843 Y147.494 E18.08385
G1 X157.068 Y147.6 E18.09543
G1 X157.309 Y147.744 E18.1085
G1 X157.512 Y147.895 E18.12028
G1 X157.71 Y148.074 E18.13271
G1 X157.875 Y148.257 E18.14418
G1 X158.041 Y148.479 E18.15709
G1 X158.165 Y148.688 E18.16841
G1 X158.286 Y148.942 E18.18151
G1 X158.37 Y149.178 E18.19317
G1 X158.429 Y149.414 E18.2045
G1 X158.468 Y149.683 E18.21716
G1 X158.482 Y149.95 E18.22961
G1 X158.468 Y150.219 E18.24215
G1 X158.432 Y150.468 E18.25386
G1 X158.369 Y150.723 E18.26609
G1 X158.286 Y150.955 E18.27757
G1 X158.163 Y151.215 E18.29096
G1 X158.042 Y151.417 E18.30192
G1 X157.884 Y151.633 E18.31439
G1 X157.699 Y151.836 E18.32718
G1 X157.508 Y152.007 E18.33911
G1 X157.313 Y152.153 E18.35046
G1 X157.073 Y152.297 E18.36349
G1 X156.835 Y152.409 E18.37574
G1 X156.595 Y152.494 E18.38759
G1 X156.351 Y152.556 E18.39931
G1 X156.094 Y152.593 E18.4114
G1 X155.823 Y152.607 E18.42404
G0 F6000 X155.192 Y152.364
G1 F1200 X153.419 Y150.591 E18.5408
G0 F6000 X153.329 Y149.934
G1 F1200 X155.838 Y152.444 E18.70605
G0 F6000 X156.35 Y152.39
G1 F1200 X153.382 Y149.422 E18.9015
G0 F6000 X153.517 Y148.991
G1 F1200 X156.781 Y152.256 E19.11647
G0 F6000 X157.153 Y152.061
G1 F1200 X153.711 Y148.62 E19.3431
G0 F6000 X153.954 Y148.297
G1 F1200 X157.476 Y151.819 E19.57503
G0 F6000 X157.756 Y151.534
G1 F1200 X154.239 Y148.016 E19.80666
G0 F6000 X154.577 Y147.788
G1 F1200 X157.986 Y151.197 E20.03115
G0 F6000 X158.167 Y150.813
G1 F1200 X154.961 Y147.607 E20.24227
G0 F6000 X155.409 Y147.489
G1 F1200 X158.284 Y150.364 E20.4316
G0 F6000 X158.314 Y149.828
G1 F1200 X155.945 Y147.46 E20.58757
G0 F6000 X156.643 Y147.592
G1 F1200 X158.184 Y149.133 E20.68904
G0 F6000 X158.513 Y149.014
G1 F2700 E15.68904
G0 F6000 X158.598 Y148.986
G0 X158.045 Y148.119
G0 X157.427 Y147.558
G0 X156.667 Y147.197
G0 X155.837 Y147.072
G0 X154.992 Y147.194
G0 X154.23 Y147.553
G0 X153.599 Y148.126
G0 X153.163 Y148.857
G0 X153.05 Y149.309
G0 X152.733 Y150.88
G0 X151.682 Y151.144
G0 X147.788 Y152.306
G0 X146.858 Y151.749
G0 X145.429 Y152.525
G0 X144.173 Y152.998
;TYPE:WALL-INNER
G1 F2700 E20.68904
G1 F1200 X143.871 Y152.983 E20.70312
G1 X143.573 Y152.939 E20.71715
G1 X143.29 Y152.868 E20.73074
G1 X143.007 Y152.767 E20.74473
G1 X142.743 Y152.642 E20.75833
G1 X142.474 Y152.481 E20.77293
G1 X142.242 Y152.309 E20.78637
G1 X142.013 Y152.101 E20.80078
G1 X141.823 Y151.89 E20.814
G1 X141.636 Y151.639 E20.82858
G1 X141.483 Y151.383 E20.84246
G1 X141.356 Y151.113 E20.85636
G1 X141.258 Y150.838 E20.86995
G1 X141.183 Y150.539 E20.8843
G1 X141.141 Y150.247 E20.89804
G1 X141.127 Y149.95 E20.91189
G1 X141.142 Y149.642 E20.92624
G1 X141.186 Y149.351 E20.93995
G1 X141.259 Y149.058 E20.95401
G1 X141.357 Y148.786 E20.96747
G1 X141.491 Y148.503 E20.98205
G1 X141.633 Y148.266 E20.99492
G1 X141.821 Y148.011 E21.00967
G1 X142.024 Y147.788 E21.02371
G1 X142.24 Y147.593 E21.03726
G1 X142.476 Y147.418 E21.05094
G1 X142.745 Y147.257 E21.06554
G1 X143.012 Y147.131 E21.07929
G1 X143.286 Y147.032 E21.09285
G1 X143.574 Y146.961 E21.10666
G1 X143.873 Y146.917 E21.12074
G1 X144.187 Y146.902 E21.13538
G1 X144.468 Y146.916 E21.14848
G1 X144.77 Y146.96 E21.16269
G1 X145.063 Y147.033 E21.17675
G1 X145.34 Y147.132 E21.19044
G1 X145.612 Y147.261 E21.20446
G1 X145.872 Y147.416 E21.21856
G1 X146.112 Y147.595 E21.2325
G1 X146.331 Y147.795 E21.24631
G1 X146.531 Y148.015 E21.26015
G1 X146.713 Y148.259 E21.27433
G1 X146.864 Y148.512 E21.28805
G1 X146.993 Y148.785 E21.30211
G1 X147.092 Y149.062 E21.3158
G1 X147.164 Y149.352 E21.32972
G1 X147.209 Y149.659 E21.34417
G1 X147.223 Y149.94 E21.35727
G1 X147.208 Y150.256 E21.372
G1 X147.165 Y150.55 E21.38583
G1 X147.093 Y150.837 E21.39961
G1 X146.992 Y151.118 E21.41351
G1 X146.867 Y151.382 E21.42712
G1 X146.706 Y151.651 E21.44171
G1 X146.534 Y151.883 E21.45516
G1 X146.328 Y152.11 E21.46944
G1 X146.115 Y152.302 E21.48279
G1 X145.866 Y152.488 E21.49726
G1 X145.613 Y152.639 E21.51098
G1 X145.337 Y152.77 E21.52521
G1 X145.063 Y152.867 E21.53874
G1 X144.773 Y152.939 E21.55265
G1 X144.477 Y152.983 E21.56659
G1 X144.173 Y152.998 E21.58076
G0 F6000 X144.173 Y153.399
;TYPE:WALL-OUTER
G1 F1200 X143.833 Y153.382 E21.59661
G1 X143.502 Y153.333 E21.61219
G1 X143.172 Y153.251 E21.62803
G1 X142.853 Y153.136 E21.64382
G1 X142.553 Y152.995 E21.65925
G1 X142.256 Y152.817 E21.67537
G1 X141.985 Y152.616 E21.69109
G1 X141.729 Y152.383 E21.7072
G1 X141.512 Y152.143 E21.72227
G1 X141.307 Y151.867 E21.73828
G1 X141.128 Y151.568 E21.75451
G1 X140.985 Y151.264 E21.77015
G1 X140.875 Y150.955 E21.78542
G1 X140.79 Y150.615 E21.80174
G1 X140.742 Y150.281 E21.81745
G1 X140.726 Y149.95 E21.83288
G1 X140.743 Y149.604 E21.84902
G1 X140.792 Y149.277 E21.86441
G1 X140.877 Y148.937 E21.88073
G1 X140.986 Y148.633 E21.89577
G1 X141.136 Y148.316 E21.9121
G1 X141.301 Y148.041 E21.92703
G1 X141.509 Y147.76 E21.94331
G1 X141.742 Y147.504 E21.95943
G1 X141.983 Y147.286 E21.97456
G1 X142.258 Y147.082 E21.99051
G1 X142.555 Y146.904 E22.00663
G1 X142.855 Y146.763 E22.02206
G1 X143.172 Y146.649 E22.03775
G1 X143.502 Y146.567 E22.05358
G1 X143.837 Y146.518 E22.06935
G1 X144.177 Y146.501 E22.0852
G1 X144.515 Y146.518 E22.10096
G1 X144.845 Y146.566 E22.11649
G1 X145.184 Y146.651 E22.13276
G1 X145.492 Y146.761 E22.14799
G1 X145.799 Y146.906 E22.1638
G1 X146.096 Y147.084 E22.17992
G1 X146.365 Y147.284 E22.19553
G1 X146.615 Y147.513 E22.21132
G1 X146.842 Y147.762 E22.22701
G1 X147.042 Y148.031 E22.24262
G1 X147.221 Y148.33 E22.25884
G1 X147.364 Y148.633 E22.27444
G1 X147.474 Y148.941 E22.28967
G1 X147.558 Y149.277 E22.3058
G1 X147.607 Y149.612 E22.32156
G1 X147.624 Y149.95 E22.33732
G1 X147.607 Y150.292 E22.35327
G1 X147.558 Y150.625 E22.36894
G1 X147.476 Y150.953 E22.38468
G1 X147.361 Y151.272 E22.40047
G1 X147.22 Y151.572 E22.41591
G1 X147.042 Y151.869 E22.43203
G1 X146.841 Y152.14 E22.44774
G1 X146.61 Y152.394 E22.46373
G1 X146.368 Y152.613 E22.47893
G1 X146.094 Y152.817 E22.49483
G1 X145.795 Y152.996 E22.51106
G1 X145.492 Y153.139 E22.52666
G1 X145.18 Y153.25 E22.54208
G1 X144.848 Y153.333 E22.55802
G1 X144.513 Y153.382 E22.57378
G1 X144.173 Y153.399 E22.58963
G0 F6000 X144.173 Y152.959
G0 X144.173 Y152.607
;TYPE:SKIN
G1 F1200 X143.906 Y152.593 E22.60208
G1 X143.645 Y152.555 E22.61436
G1 X143.402 Y152.494 E22.62603
G1 X143.164 Y152.409 E22.6378
G1 X142.923 Y152.295 E22.65021
G1 X142.692 Y152.157 E22.66274
G1 X142.488 Y152.005 E22.67459
G1 X142.288 Y151.824 E22.68715
G1 X142.121 Y151.637 E22.69882
G1 X141.964 Y151.428 E22.711
G1 X141.828 Y151.199 E22.7234
G1 X141.715 Y150.959 E22.73575
G1 X141.63 Y150.721 E22.74752
G1 X141.566 Y150.465 E22.7598
G1 X141.53 Y150.212 E22.7717
G1 X141.517 Y149.951 E22.78387
G1 X141.532 Y149.672 E22.79688
G1 X141.571 Y149.414 E22.80903
G1 X141.631 Y149.176 E22.82046
G1 X141.716 Y148.94 E22.83214
G1 X141.835 Y148.688 E22.84512
G1 X141.965 Y148.473 E22.85682
G1 X142.122 Y148.259 E22.86918
G1 X142.305 Y148.058 E22.88183
G1 X142.683 Y147.749 E22.90457
G1 X142.934 Y147.599 E22.91818
G1 X143.159 Y147.493 E22.92976
G1 X143.401 Y147.405 E22.94175
G1 X143.651 Y147.344 E22.95374
G1 X143.906 Y147.307 E22.96574
G1 X144.187 Y147.293 E22.97884
G1 X144.435 Y147.306 E22.9904
G1 X144.7 Y147.344 E23.00287
G1 X144.949 Y147.406 E23.01481
G1 X145.183 Y147.49 E23.02639
G1 X145.433 Y147.608 E23.03926
G1 X145.657 Y147.741 E23.05139
G1 X145.859 Y147.891 E23.06311
G1 X146.047 Y148.064 E23.07501
G1 X146.232 Y148.267 E23.0878
G1 X146.39 Y148.477 E23.10003
G1 X146.515 Y148.688 E23.11145
G1 X146.636 Y148.942 E23.12455
G1 X146.779 Y149.416 E23.14761
G1 X146.819 Y149.687 E23.16036
G1 X146.832 Y149.94 E23.17216
G1 X146.819 Y150.218 E23.18512
G1 X146.782 Y150.472 E23.19707
G1 X146.72 Y150.721 E23.20902
G1 X146.633 Y150.964 E23.22104
G1 X146.524 Y151.195 E23.23293
G1 X146.385 Y151.429 E23.2456
G1 X146.23 Y151.637 E23.25768
G1 X146.055 Y151.831 E23.26985
G1 X145.87 Y151.998 E23.28145
G1 X145.654 Y152.16 E23.29403
G1 X145.436 Y152.29 E23.30584
G1 X145.182 Y152.411 E23.31895
G1 X144.943 Y152.495 E23.33074
G1 X144.704 Y152.555 E23.34222
G1 X144.442 Y152.593 E23.35454
G1 X144.173 Y152.607 E23.36709
G0 F6000 X144.16 Y152.887
G0 X143.072 Y152.608
G0 X142.345 Y152.172
G0 X142.026 Y151.82
G0 X141.479 Y151.115
G0 X141.877 Y150.928
G1 F1200 X143.191 Y152.242 E23.45362
G0 F6000 X143.948 Y152.433
G1 F1200 X141.687 Y150.172 E23.60251
G0 F6000 X141.701 Y149.62
G1 F1200 X144.501 Y152.421 E23.78692
G0 F6000 X144.962 Y152.316
G1 F1200 X141.806 Y149.159 E23.99478
G0 F6000 X141.975 Y148.763
G1 F1200 X145.359 Y152.147 E24.21763
G0 F6000 X145.7 Y151.923
G1 F1200 X142.199 Y148.422 E24.44817
G0 F6000 X142.472 Y148.128
G1 F1200 X145.997 Y151.654 E24.68033
G0 F6000 X146.25 Y151.342
G1 F1200 X142.783 Y147.875 E24.90864
G0 F6000 X143.148 Y147.674
G1 F1200 X146.45 Y150.975 E25.12605
G0 F6000 X146.596 Y150.556
G1 F1200 X143.568 Y147.527 E25.32548
G0 F6000 X144.065 Y147.46
G1 F1200 X146.666 Y150.06 E25.49673
G0 F6000 X146.623 Y149.451
G1 F1200 X144.673 Y147.501 E25.62514
G0 F6000 X144.779 Y147.076
G0 X145.997 Y147.648
G0 X145.735 Y147.998
G1 F1200 X146.116 Y148.379 E25.65023
G0 F6000 X146.397 Y148.167
G1 F2700 E20.65023
;MESH:NONMESH
G0 F300 X146.397 Y148.167 Z0.56
G0 F6000 X146.468 Y148.114
G0 X147.388 Y149.631
G0 X148.472 Y149.576
G0 X151.695 Y151.2
G0 X152.835 Y151.174
G0 X154.234 Y152.35
G0 X154.658 Y152.549
G0 X155.81 Y152.998
;TIME_ELAPSED:37.162066
;LAYER:1
M106 S85
;TYPE:WALL-INNER
;MESH:Shiny Hillar (2).stl
G1 F2700 E25.65023
G1 F1343.6 X155.525 Y152.983 E25.66352
G1 X155.227 Y152.939 E25.67755
G1 X154.931 Y152.866 E25.69174
G1 X154.658 Y152.767 E25.70526
G1 X154.38 Y152.635 E25.71959
G1 X154.133 Y152.487 E25.733
G1 X153.885 Y152.302 E25.74741
G1 X153.663 Y152.102 E25.76132
G1 X153.469 Y151.887 E25.77481
G1 X153.29 Y151.646 E25.78879
G1 X153.134 Y151.382 E25.80306
G1 X153.003 Y151.104 E25.81737
G1 X152.905 Y150.83 E25.83092
G1 X152.835 Y150.547 E25.8445
G1 X152.792 Y150.254 E25.85829
G1 X152.777 Y149.941 E25.87288
G1 X152.792 Y149.65 E25.88645
G1 X152.839 Y149.335 E25.90128
G1 X152.905 Y149.07 E25.914
G1 X153.008 Y148.783 E25.92819
G1 X153.14 Y148.505 E25.94252
G1 X153.288 Y148.258 E25.95593
G1 X153.473 Y148.01 E25.97034
G1 X153.673 Y147.788 E25.98425
G1 X153.888 Y147.594 E25.99774
G1 X154.129 Y147.415 E26.01172
G1 X154.394 Y147.258 E26.02606
G1 X154.653 Y147.135 E26.03941
G1 X154.947 Y147.029 E26.05396
G1 X155.228 Y146.96 E26.06743
G1 X155.521 Y146.917 E26.08122
G1 X155.842 Y146.902 E26.09619
G1 X156.118 Y146.916 E26.10906
G1 X156.423 Y146.961 E26.12341
G1 X156.719 Y147.034 E26.13761
G1 X156.997 Y147.135 E26.15138
G1 X157.261 Y147.26 E26.16498
G1 X157.517 Y147.413 E26.17887
G1 X157.768 Y147.601 E26.19347
G1 X157.982 Y147.793 E26.20686
G1 X158.177 Y148.01 E26.22044
G1 X158.363 Y148.259 E26.23492
G1 X158.512 Y148.51 E26.24851
G1 X158.645 Y148.792 E26.26303
G1 X158.747 Y149.075 E26.27703
G1 X158.815 Y149.352 E26.29031
G1 X158.858 Y149.644 E26.30406
G1 X158.873 Y149.95 E26.31832
G1 X158.858 Y150.254 E26.3325
G1 X158.814 Y150.548 E26.34634
G1 X158.741 Y150.844 E26.36053
G1 X158.643 Y151.115 E26.37395
G1 X158.513 Y151.389 E26.38808
G1 X158.358 Y151.649 E26.40217
G1 X158.179 Y151.888 E26.41607
G1 X157.989 Y152.099 E26.4293
G1 X157.746 Y152.317 E26.4445
G1 X157.524 Y152.483 E26.4574
G1 X157.265 Y152.637 E26.47143
G1 X156.985 Y152.769 E26.48585
G1 X156.7 Y152.872 E26.49996
G1 X156.429 Y152.939 E26.51296
G1 X156.129 Y152.983 E26.52708
G1 X155.81 Y152.998 E26.54195
G0 F7500 X155.819 Y153.399
;TYPE:WALL-OUTER
G1 F1343.6 X155.478 Y153.381 E26.55785
G1 X155.152 Y153.333 E26.57319
G1 X154.815 Y153.249 E26.58936
G1 X154.503 Y153.136 E26.60482
G1 X154.194 Y152.989 E26.62075
G1 X153.906 Y152.817 E26.63637
G1 X153.632 Y152.613 E26.65228
G1 X153.38 Y152.385 E26.6681
G1 X153.162 Y152.144 E26.68323
G1 X152.955 Y151.865 E26.69941
G1 X152.78 Y151.57 E26.71538
G1 X152.635 Y151.261 E26.73127
G1 X152.521 Y150.944 E26.74696
G1 X152.441 Y150.619 E26.76255
G1 X152.393 Y150.29 E26.77803
G1 X152.376 Y149.95 E26.79388
G1 X152.394 Y149.602 E26.8101
G1 X152.445 Y149.261 E26.82616
G1 X152.523 Y148.949 E26.84113
G1 X152.636 Y148.634 E26.85672
G1 X152.786 Y148.319 E26.87296
G1 X152.958 Y148.031 E26.88858
G1 X153.162 Y147.757 E26.90449
G1 X153.39 Y147.505 E26.92031
G1 X153.631 Y147.287 E26.93545
G1 X153.91 Y147.08 E26.95162
G1 X154.201 Y146.907 E26.96739
G1 X154.509 Y146.761 E26.98326
G1 X154.824 Y146.648 E26.99884
G1 X155.156 Y146.566 E27.01476
G1 X155.485 Y146.518 E27.03025
G1 X155.832 Y146.501 E27.04642
G1 X156.165 Y146.518 E27.06195
G1 X156.498 Y146.567 E27.07762
G1 X156.835 Y146.651 E27.0938
G1 X157.147 Y146.764 E27.10925
G1 X157.451 Y146.908 E27.12491
G1 X157.745 Y147.084 E27.14087
G1 X158.021 Y147.29 E27.1569
G1 X158.265 Y147.51 E27.1722
G1 X158.488 Y147.757 E27.1877
G1 X158.695 Y148.035 E27.20383
G1 X158.868 Y148.326 E27.2196
G1 X159.016 Y148.639 E27.23572
G1 X159.128 Y148.952 E27.2512
G1 X159.209 Y149.279 E27.26689
G1 X159.257 Y149.61 E27.28246
G1 X159.274 Y149.95 E27.29831
G1 X159.257 Y150.29 E27.31416
G1 X159.208 Y150.623 E27.32984
G1 X159.124 Y150.96 E27.34601
G1 X159.014 Y151.265 E27.36111
G1 X158.865 Y151.579 E27.37729
G1 X158.691 Y151.87 E27.39308
G1 X158.484 Y152.147 E27.40918
G1 X158.272 Y152.382 E27.42392
G1 X158.001 Y152.626 E27.4409
G1 X157.747 Y152.816 E27.45567
G1 X157.449 Y152.993 E27.47181
G1 X157.138 Y153.14 E27.48782
G1 X156.823 Y153.253 E27.50341
G1 X156.501 Y153.333 E27.51886
G1 X156.165 Y153.382 E27.53467
G1 X155.819 Y153.399 E27.5508
G0 F7500 X155.819 Y152.959
G0 X155.813 Y152.607
;TYPE:SKIN
G1 F1343.6 X155.559 Y152.593 E27.56264
G1 X155.303 Y152.556 E27.57469
G1 X155.046 Y152.493 E27.58701
G1 X154.81 Y152.407 E27.59871
G1 X154.566 Y152.291 E27.61129
G1 X154.339 Y152.155 E27.62361
G1 X154.138 Y152.006 E27.63526
G1 X153.932 Y151.819 E27.64821
G1 X153.778 Y151.648 E27.65893
G1 X153.612 Y151.423 E27.67195
G1 X153.479 Y151.2 E27.68404
G1 X153.362 Y150.951 E27.69685
G1 X153.276 Y150.711 E27.70872
G1 X153.219 Y150.48 E27.7198
G1 X153.182 Y150.221 E27.73198
G1 X153.168 Y149.941 E27.74504
G1 X153.181 Y149.687 E27.75688
G1 X153.224 Y149.398 E27.77048
G1 X153.277 Y149.188 E27.78057
G1 X153.369 Y148.934 E27.79315
G1 X153.487 Y148.685 E27.80598
G1 X153.62 Y148.464 E27.81799
G1 X153.769 Y148.263 E27.82964
G1 X153.954 Y148.058 E27.8425
G1 X154.127 Y147.903 E27.85331
G1 X154.352 Y147.736 E27.86636
G1 X154.569 Y147.607 E27.87812
G1 X154.805 Y147.495 E27.89028
G1 X155.061 Y147.402 E27.90296
G1 X155.305 Y147.343 E27.91465
G1 X155.554 Y147.307 E27.92637
G1 X155.84 Y147.292 E27.9397
G1 X156.083 Y147.306 E27.95104
G1 X156.347 Y147.344 E27.96346
G1 X156.613 Y147.409 E27.97621
G1 X156.834 Y147.49 E27.98717
G1 X157.081 Y147.607 E27.99989
G1 X157.301 Y147.738 E28.01182
G1 X157.519 Y147.902 E28.02452
G1 X157.706 Y148.07 E28.03622
G1 X157.877 Y148.259 E28.04809
G1 X158.036 Y148.472 E28.06047
G1 X158.171 Y148.701 E28.07285
G1 X158.283 Y148.939 E28.0851
G1 X158.373 Y149.188 E28.09742
G1 X158.432 Y149.428 E28.10893
G1 X158.468 Y149.677 E28.12065
G1 X158.482 Y149.95 E28.13338
G1 X158.468 Y150.217 E28.14583
G1 X158.429 Y150.483 E28.15834
G1 X158.286 Y150.956 E28.18135
G1 X158.168 Y151.206 E28.19423
G1 X158.036 Y151.429 E28.20629
G1 X157.879 Y151.638 E28.21846
G1 X157.713 Y151.823 E28.23004
G1 X157.497 Y152.016 E28.24353
G1 X157.307 Y152.159 E28.2546
G1 X157.086 Y152.29 E28.26656
G1 X156.838 Y152.407 E28.27933
G1 X156.585 Y152.499 E28.29187
G1 X156.352 Y152.556 E28.30304
G1 X156.096 Y152.593 E28.31508
G1 X155.813 Y152.607 E28.32827
G0 F7500 X155.8 Y152.886
G0 X156.911 Y152.614
G0 X157.641 Y152.182
G0 X158.107 Y151.673
G0 X158.647 Y150.763
G0 X158.209 Y150.654
G1 F1343.6 X156.512 Y152.351 E28.44002
G0 F7500 X155.854 Y152.444
G1 F1343.6 X158.318 Y149.98 E28.60228
G0 F7500 X158.273 Y149.459
G1 F1343.6 X155.333 Y152.399 E28.79589
G0 F7500 X154.897 Y152.269
G1 F1343.6 X158.142 Y149.024 E29.00958
G0 F7500 X157.952 Y148.648
G1 F1343.6 X154.522 Y152.078 E29.23545
G0 F7500 X154.193 Y151.841
G1 F1343.6 X157.715 Y148.32 E29.46734
G0 F7500 X157.43 Y148.039
G1 F1343.6 X153.912 Y151.557 E29.69901
G0 F7500 X153.68 Y151.223
G1 F1343.6 X157.1 Y147.804 E29.92419
G0 F7500 X156.72 Y147.618
G1 F1343.6 X153.493 Y150.844 E30.13666
G0 F7500 X153.369 Y150.403
G1 F1343.6 X156.276 Y147.496 E30.32809
G0 F7500 X155.75 Y147.457
G1 F1343.6 X153.331 Y149.875 E30.48735
G0 F7500 X153.442 Y149.199
G1 F1343.6 X155.075 Y147.566 E30.59489
G0 F7500 X154.957 Y147.237
G1 F2700 E25.59489
G0 F7500 X154.929 Y147.153
G0 X154.091 Y147.668
G0 X152.736 Y149.005
G0 X151.683 Y148.744
G0 X148.305 Y151.203
G0 X147.16 Y151.184
G0 X145.773 Y152.345
G0 X145.339 Y152.549
G0 X144.17 Y152.999
;TYPE:WALL-INNER
G1 F2700 E30.59489
G1 F1343.6 X143.875 Y152.983 E30.60865
G1 X143.574 Y152.939 E30.62281
G1 X143.286 Y152.868 E30.63662
G1 X143.009 Y152.768 E30.65034
G1 X142.735 Y152.638 E30.66446
G1 X142.476 Y152.483 E30.67851
G1 X142.237 Y152.304 E30.69242
G1 X142.018 Y152.107 E30.70613
G1 X141.819 Y151.886 E30.71998
G1 X141.636 Y151.639 E30.73429
G1 X141.485 Y151.384 E30.74809
G1 X141.355 Y151.109 E30.76226
G1 X141.253 Y150.825 E30.77631
G1 X141.184 Y150.547 E30.78965
G1 X141.14 Y150.232 E30.80446
G1 X141.127 Y149.96 E30.81714
G1 X141.143 Y149.637 E30.8322
G1 X141.186 Y149.352 E30.84562
G1 X141.259 Y149.056 E30.85981
G1 X141.355 Y148.789 E30.87302
G1 X141.49 Y148.505 E30.88767
G1 X141.642 Y148.251 E30.90145
G1 X141.821 Y148.012 E30.91535
G1 X142.01 Y147.802 E30.92851
G1 X142.249 Y147.588 E30.94345
G1 X142.49 Y147.408 E30.95745
G1 X142.744 Y147.258 E30.97119
G1 X143.003 Y147.135 E30.98454
G1 X143.293 Y147.031 E30.99889
G1 X143.577 Y146.96 E31.01252
G1 X143.876 Y146.917 E31.02658
G1 X144.192 Y146.902 E31.04131
G1 X144.47 Y146.916 E31.05428
G1 X144.764 Y146.958 E31.0681
G1 X145.069 Y147.034 E31.08274
G1 X145.336 Y147.13 E31.09595
G1 X145.615 Y147.263 E31.11035
G1 X145.877 Y147.42 E31.12457
G1 X146.117 Y147.6 E31.13854
G1 X146.337 Y147.798 E31.15232
G1 X146.531 Y148.013 E31.1658
G1 X146.71 Y148.254 E31.17978
G1 X146.862 Y148.51 E31.19365
G1 X146.997 Y148.794 E31.20829
G1 X147.094 Y149.069 E31.22187
G1 X147.165 Y149.35 E31.23536
G1 X147.209 Y149.662 E31.25003
G1 X147.223 Y149.94 E31.26299
G1 X147.208 Y150.253 E31.27759
G1 X147.162 Y150.562 E31.29213
G1 X147.094 Y150.833 E31.30514
G1 X146.992 Y151.119 E31.31928
G1 X146.863 Y151.39 E31.33326
G1 X146.708 Y151.649 E31.34731
G1 X146.529 Y151.888 E31.36122
G1 X146.332 Y152.107 E31.37493
G1 X146.115 Y152.302 E31.38852
G1 X145.866 Y152.488 E31.40299
G1 X145.615 Y152.637 E31.41658
G1 X145.335 Y152.769 E31.431
G1 X145.05 Y152.872 E31.44511
G1 X144.778 Y152.939 E31.45815
G1 X144.463 Y152.984 E31.47297
G1 X144.17 Y152.999 E31.48663
G0 F7500 X144.169 Y153.399
;TYPE:WALL-OUTER
G1 F1343.6 X143.828 Y153.381 E31.50253
G1 X143.502 Y153.333 E31.51787
G1 X143.172 Y153.251 E31.53371
G1 X142.852 Y153.136 E31.54954
G1 X142.549 Y152.992 E31.56516
G1 X142.255 Y152.816 E31.58112
G1 X141.978 Y152.609 E31.59722
G1 X141.735 Y152.39 E31.61245
G1 X141.512 Y152.143 E31.62795
G1 X141.301 Y151.858 E31.64446
G1 X141.129 Y151.568 E31.66016
G1 X140.984 Y151.261 E31.67597
G1 X140.872 Y150.948 E31.69145
G1 X140.791 Y150.621 E31.70713
G1 X140.743 Y150.283 E31.72303
G1 X140.726 Y149.95 E31.73856
G1 X140.743 Y149.609 E31.75445
G1 X140.792 Y149.277 E31.77008
G1 X140.876 Y148.94 E31.78625
G1 X140.986 Y148.635 E31.80135
G1 X141.136 Y148.319 E31.81764
G1 X141.309 Y148.03 E31.83332
G1 X141.516 Y147.753 E31.84942
G1 X141.728 Y147.518 E31.86416
G1 X141.994 Y147.279 E31.88081
G1 X142.266 Y147.076 E31.89662
G1 X142.551 Y146.907 E31.91205
G1 X142.859 Y146.761 E31.92792
G1 X143.172 Y146.649 E31.9434
G1 X143.501 Y146.567 E31.95919
G1 X143.842 Y146.518 E31.97523
G1 X144.182 Y146.501 E31.99108
G1 X144.515 Y146.518 E32.0066
G1 X144.84 Y146.565 E32.0219
G1 X145.185 Y146.651 E32.03845
G1 X145.49 Y146.761 E32.05355
G1 X145.806 Y146.911 E32.06984
G1 X146.101 Y147.088 E32.08586
G1 X146.372 Y147.291 E32.10162
G1 X146.62 Y147.515 E32.11718
G1 X146.838 Y147.756 E32.13232
G1 X147.045 Y148.035 E32.14849
G1 X147.218 Y148.326 E32.16426
G1 X147.366 Y148.639 E32.18038
G1 X147.477 Y148.951 E32.1958
G1 X147.558 Y149.274 E32.2113
G1 X147.607 Y149.617 E32.22744
G1 X147.624 Y149.95 E32.24296
G1 X147.607 Y150.291 E32.25886
G1 X147.556 Y150.633 E32.27496
G1 X147.477 Y150.951 E32.29022
G1 X147.361 Y151.273 E32.30616
G1 X147.217 Y151.576 E32.32178
G1 X147.041 Y151.87 E32.33773
G1 X146.834 Y152.147 E32.35384
G1 X146.615 Y152.39 E32.36907
G1 X146.368 Y152.613 E32.38456
G1 X146.09 Y152.82 E32.4007
G1 X145.799 Y152.993 E32.41647
G1 X145.488 Y153.14 E32.43248
G1 X145.173 Y153.253 E32.44807
G1 X144.851 Y153.333 E32.46352
G1 X144.508 Y153.382 E32.47965
G1 X144.169 Y153.399 E32.49546
G0 F7500 X144.169 Y152.959
G0 X144.171 Y152.607
;TYPE:SKIN
G1 F1343.6 X143.908 Y152.593 E32.50772
G1 X143.651 Y152.556 E32.51981
G1 X143.401 Y152.495 E32.53179
G1 X143.166 Y152.409 E32.54344
G1 X142.912 Y152.289 E32.55653
G1 X142.692 Y152.158 E32.56845
G1 X142.487 Y152.003 E32.58041
G1 X142.294 Y151.831 E32.59245
G1 X142.12 Y151.637 E32.60459
G1 X141.955 Y151.413 E32.61754
G1 X141.827 Y151.196 E32.62927
G1 X141.716 Y150.959 E32.64146
G1 X141.623 Y150.702 E32.65419
G1 X141.567 Y150.473 E32.66516
G1 X141.53 Y150.203 E32.67785
G1 X141.518 Y149.96 E32.68918
G1 X141.533 Y149.674 E32.70252
G1 X141.572 Y149.41 E32.71494
G1 X141.715 Y148.939 E32.73786
G1 X141.832 Y148.694 E32.75051
G1 X141.972 Y148.461 E32.76316
G1 X142.286 Y148.079 E32.78619
G1 X142.5 Y147.887 E32.79958
G1 X142.702 Y147.736 E32.81132
G1 X142.927 Y147.603 E32.82349
G1 X143.161 Y147.492 E32.83555
G1 X143.408 Y147.404 E32.84776
G1 X143.651 Y147.343 E32.85943
G1 X143.907 Y147.307 E32.87146
G1 X144.191 Y147.293 E32.8847
G1 X144.439 Y147.306 E32.89627
G1 X144.693 Y147.342 E32.90821
G1 X144.951 Y147.406 E32.92059
G1 X145.186 Y147.49 E32.93221
G1 X145.424 Y147.604 E32.9445
G1 X145.664 Y147.748 E32.95753
G1 X145.863 Y147.897 E32.96911
G1 X146.069 Y148.081 E32.98197
G1 X146.222 Y148.252 E32.99265
G1 X146.391 Y148.48 E33.00587
G1 X146.511 Y148.682 E33.01681
G1 X146.639 Y148.951 E33.03068
G1 X146.723 Y149.192 E33.04257
G1 X146.782 Y149.425 E33.05376
G1 X146.819 Y149.688 E33.06612
G1 X146.833 Y149.941 E33.07792
G1 X146.819 Y150.215 E33.0907
G1 X146.779 Y150.484 E33.10336
G1 X146.721 Y150.718 E33.11459
G1 X146.637 Y150.956 E33.12634
G1 X146.518 Y151.206 E33.13923
G1 X146.38 Y151.436 E33.15172
G1 X146.228 Y151.638 E33.16349
G1 X146.056 Y151.831 E33.17553
G1 X145.868 Y152 E33.1873
G1 X145.653 Y152.161 E33.19981
G1 X145.428 Y152.294 E33.21198
G1 X145.19 Y152.406 E33.22423
G1 X144.935 Y152.499 E33.23687
G1 X144.7 Y152.556 E33.24813
G1 X144.432 Y152.594 E33.26073
G1 X144.171 Y152.607 E33.2729
G0 F7500 X144.156 Y152.887
G0 X145.261 Y152.614
G0 X145.936 Y152.211
G0 X146.688 Y151.466
G0 X146.31 Y151.239
G1 F1343.6 X145.465 Y152.085 E33.32858
G0 F7500 X144.572 Y152.411
G1 F1343.6 X146.636 Y150.347 E33.46449
G0 F7500 X146.661 Y149.757
G1 F1343.6 X143.983 Y152.435 E33.64085
G0 F7500 X143.498 Y152.354
G1 F1343.6 X146.578 Y149.275 E33.84364
G0 F7500 X146.42 Y148.867
G1 F1343.6 X143.091 Y152.196 E34.06286
G0 F7500 X142.734 Y151.987
G1 F1343.6 X146.212 Y148.509 E34.29189
G0 F7500 X145.958 Y148.198
G1 F1343.6 X142.424 Y151.732 E34.52461
G0 F7500 X142.164 Y151.426
G1 F1343.6 X145.651 Y147.938 E34.75427
G0 F7500 X145.303 Y147.721
G1 F1343.6 X141.948 Y151.076 E34.9752
G0 F7500 X141.784 Y150.675
G1 F1343.6 X144.901 Y147.557 E35.18049
G0 F7500 X144.428 Y147.464
G1 F1343.6 X141.691 Y150.202 E35.36076
G0 F7500 X141.701 Y149.626
G1 F1343.6 X143.852 Y147.475 E35.50241
G0 F7500 X143.032 Y147.729
G1 F1343.6 X141.954 Y148.807 E35.5734
G0 F7500 X141.639 Y148.655
G1 F2700 E30.5734
;MESH:NONMESH
G0 F300 X141.639 Y148.655 Z0.84
G0 F7500 X141.56 Y148.615
G0 X142.354 Y147.723
G0 X143.068 Y147.294
G0 X143.892 Y147.088
G0 X144.729 Y147.125
G0 X145.533 Y147.413
G0 X146.212 Y147.914
G0 X146.711 Y148.591
G0 X146.943 Y149.234
G0 X147.268 Y150.884
G0 X148.319 Y151.145
G0 X152.204 Y152.293
G0 X153.135 Y151.739
G0 X154.569 Y152.523
G0 X155.807 Y152.998
;TIME_ELAPSED:51.232782
;LAYER:2
M106 S170
;TYPE:WALL-INNER
;MESH:Shiny Hillar (2).stl
G1 F2700 E35.5734
G1 F1339.5 X155.52 Y152.982 E35.58678
G1 X155.224 Y152.939 E35.60071
G1 X154.94 Y152.868 E35.61434
G1 X154.654 Y152.765 E35.62849
G1 X154.376 Y152.633 E35.64282
G1 X154.134 Y152.488 E35.65596
G1 X153.89 Y152.306 E35.67013
G1 X153.655 Y152.092 E35.68493
G1 X153.473 Y151.89 E35.6976
G1 X153.287 Y151.641 E35.71207
G1 X153.131 Y151.377 E35.72635
G1 X153.007 Y151.116 E35.7398
G1 X152.903 Y150.822 E35.75432
G1 X152.834 Y150.544 E35.76766
G1 X152.792 Y150.254 E35.7813
G1 X152.777 Y149.949 E35.79552
G1 X152.791 Y149.643 E35.80979
G1 X152.837 Y149.343 E35.82392
G1 X152.906 Y149.068 E35.83712
G1 X153.008 Y148.783 E35.85122
G1 X153.142 Y148.501 E35.86576
G1 X153.287 Y148.259 E35.87889
G1 X153.469 Y148.015 E35.89307
G1 X153.682 Y147.781 E35.9078
G1 X153.885 Y147.598 E35.92053
G1 X154.134 Y147.412 E35.935
G1 X154.393 Y147.259 E35.94901
G1 X154.664 Y147.131 E35.96296
G1 X154.941 Y147.031 E35.97667
G1 X155.234 Y146.959 E35.99072
G1 X155.52 Y146.917 E36.00418
G1 X155.845 Y146.902 E36.01933
G1 X156.118 Y146.916 E36.03206
G1 X156.426 Y146.961 E36.04656
G1 X156.71 Y147.032 E36.06019
G1 X157.001 Y147.137 E36.07459
G1 X157.257 Y147.257 E36.08776
G1 X157.528 Y147.42 E36.10248
G1 X157.767 Y147.599 E36.11639
G1 X157.98 Y147.792 E36.12977
G1 X158.177 Y148.01 E36.14345
G1 X158.363 Y148.259 E36.15793
G1 X158.519 Y148.523 E36.1722
G1 X158.643 Y148.784 E36.18566
G1 X158.747 Y149.076 E36.20009
G1 X158.816 Y149.359 E36.21366
G1 X158.858 Y149.644 E36.22707
G1 X158.873 Y149.95 E36.24134
G1 X158.858 Y150.256 E36.2556
G1 X158.816 Y150.542 E36.26906
G1 X158.737 Y150.855 E36.28409
G1 X158.646 Y151.108 E36.29661
G1 X158.51 Y151.394 E36.31136
G1 X158.355 Y151.653 E36.32541
G1 X158.176 Y151.892 E36.33932
G1 X157.983 Y152.105 E36.3527
G1 X157.765 Y152.302 E36.36638
G1 X157.516 Y152.488 E36.38086
G1 X157.252 Y152.644 E36.39514
G1 X156.988 Y152.769 E36.40874
G1 X156.704 Y152.87 E36.42277
G1 X156.426 Y152.939 E36.43611
G1 X156.128 Y152.983 E36.45014
G1 X155.807 Y152.998 E36.4651
G0 F9000 X155.814 Y153.399
;TYPE:WALL-OUTER
G1 F1339.5 X155.473 Y153.38 E36.481
G1 X155.152 Y153.333 E36.49611
G1 X154.822 Y153.251 E36.51194
G1 X154.499 Y153.134 E36.52794
G1 X154.19 Y152.987 E36.54387
G1 X153.906 Y152.817 E36.55929
G1 X153.637 Y152.617 E36.57489
G1 X153.371 Y152.374 E36.59167
G1 X153.162 Y152.143 E36.60618
G1 X152.955 Y151.865 E36.62231
G1 X152.778 Y151.566 E36.63849
G1 X152.636 Y151.267 E36.65391
G1 X152.521 Y150.943 E36.66992
G1 X152.44 Y150.613 E36.68574
G1 X152.393 Y150.29 E36.70094
G1 X152.376 Y149.95 E36.71679
G1 X152.392 Y149.612 E36.73255
G1 X152.445 Y149.264 E36.74894
G1 X152.524 Y148.947 E36.76415
G1 X152.636 Y148.634 E36.77963
G1 X152.788 Y148.315 E36.79608
G1 X152.958 Y148.031 E36.81149
G1 X153.158 Y147.762 E36.8271
G1 X153.401 Y147.496 E36.84388
G1 X153.632 Y147.287 E36.85838
G1 X153.91 Y147.08 E36.87452
G1 X154.209 Y146.903 E36.8907
G1 X154.505 Y146.763 E36.90595
G1 X154.824 Y146.648 E36.92174
G1 X155.161 Y146.565 E36.9379
G1 X155.485 Y146.518 E36.95315
G1 X155.837 Y146.501 E36.96956
G1 X156.165 Y146.518 E36.98485
G1 X156.498 Y146.567 E37.00052
G1 X156.828 Y146.649 E37.01636
G1 X157.156 Y146.768 E37.0326
G1 X157.447 Y146.905 E37.04758
G1 X157.745 Y147.084 E37.06377
G1 X158.026 Y147.294 E37.0801
G1 X158.263 Y147.509 E37.095
G1 X158.488 Y147.757 E37.11059
G1 X158.695 Y148.035 E37.12673
G1 X158.872 Y148.334 E37.14291
G1 X159.014 Y148.633 E37.15832
G1 X159.129 Y148.957 E37.17433
G1 X159.21 Y149.286 E37.19011
G1 X159.257 Y149.61 E37.20536
G1 X159.274 Y149.95 E37.22121
G1 X159.257 Y150.29 E37.23706
G1 X159.209 Y150.621 E37.25263
G1 X159.122 Y150.965 E37.26916
G1 X159.014 Y151.265 E37.284
G1 X158.862 Y151.585 E37.3005
G1 X158.691 Y151.87 E37.31597
G1 X158.481 Y152.151 E37.33231
G1 X158.266 Y152.388 E37.34721
G1 X158.018 Y152.613 E37.3628
G1 X157.74 Y152.82 E37.37894
G1 X157.441 Y152.997 E37.39512
G1 X157.142 Y153.139 E37.41053
G1 X156.82 Y153.253 E37.42644
G1 X156.498 Y153.333 E37.44189
G1 X156.165 Y153.382 E37.45756
G1 X155.814 Y153.399 E37.47392
G0 F9000 X155.815 Y152.959
G0 X155.811 Y152.606
;TYPE:SKIN
G1 F1339.5 X155.553 Y152.592 E37.48596
G1 X155.297 Y152.555 E37.498
G1 X155.056 Y152.495 E37.50956
G1 X154.812 Y152.408 E37.52163
G1 X154.559 Y152.287 E37.53469
G1 X154.34 Y152.156 E37.54657
G1 X154.143 Y152.009 E37.55801
G1 X153.933 Y151.818 E37.57123
G1 X153.773 Y151.639 E37.58241
G1 X153.611 Y151.422 E37.59502
G1 X153.479 Y151.2 E37.60705
G1 X153.367 Y150.963 E37.61925
G1 X153.274 Y150.699 E37.63229
G1 X153.218 Y150.474 E37.64308
G1 X153.182 Y150.221 E37.65498
G1 X153.167 Y149.947 E37.66776
G1 X153.18 Y149.682 E37.68011
G1 X153.222 Y149.41 E37.69293
G1 X153.365 Y148.942 E37.71572
G1 X153.485 Y148.688 E37.7288
G1 X153.619 Y148.465 E37.74091
G1 X153.767 Y148.267 E37.75242
G1 X153.951 Y148.065 E37.76515
G1 X154.143 Y147.891 E37.77721
G1 X154.342 Y147.743 E37.78876
G1 X154.58 Y147.602 E37.80164
G1 X154.811 Y147.493 E37.81353
G1 X155.056 Y147.404 E37.82567
G1 X155.311 Y147.342 E37.83789
G1 X155.553 Y147.307 E37.84928
G1 X155.843 Y147.292 E37.8628
G1 X156.083 Y147.306 E37.87399
G1 X156.354 Y147.345 E37.88674
G1 X156.591 Y147.404 E37.89811
G1 X156.859 Y147.501 E37.91139
G1 X157.071 Y147.6 E37.92228
G1 X157.308 Y147.743 E37.93517
G1 X157.524 Y147.904 E37.94771
G1 X157.871 Y148.253 E37.97063
G1 X158.04 Y148.478 E37.98373
G1 X158.166 Y148.691 E37.99526
G1 X158.287 Y148.946 E38.0084
G1 X158.431 Y149.422 E38.03156
G1 X158.468 Y149.672 E38.04333
G1 X158.482 Y149.95 E38.05629
G1 X158.468 Y150.221 E38.06892
G1 X158.432 Y150.47 E38.08064
G1 X158.366 Y150.734 E38.09331
G1 X158.289 Y150.95 E38.10399
G1 X158.167 Y151.206 E38.11719
G1 X158.027 Y151.44 E38.12989
G1 X157.871 Y151.649 E38.14203
G1 X157.522 Y151.996 E38.16495
G1 X157.297 Y152.164 E38.17802
G1 X157.079 Y152.294 E38.18984
G1 X156.834 Y152.41 E38.20247
G1 X156.59 Y152.497 E38.21453
G1 X156.358 Y152.555 E38.22566
G1 X156.093 Y152.593 E38.23813
G1 X155.811 Y152.606 E38.25127
G0 F9000 X155.795 Y152.886
G0 X154.719 Y152.606
G0 X153.995 Y152.171
G0 X153.487 Y151.611
G0 X152.982 Y150.685
G0 X153.408 Y150.58
G1 F1339.5 X155.192 Y152.363 E38.36872
G0 F9000 X155.839 Y152.445
G1 F1339.5 X153.327 Y149.933 E38.53414
G0 F9000 X153.384 Y149.424
G1 F1339.5 X156.35 Y152.39 E38.72946
G0 F9000 X156.781 Y152.256
G1 F1339.5 X153.517 Y148.992 E38.9444
G0 F9000 X153.711 Y148.62
G1 F1339.5 X157.153 Y152.061 E39.17102
G0 F9000 X157.473 Y151.816
G1 F1339.5 X153.954 Y148.297 E39.40276
G0 F9000 X154.241 Y148.018
G1 F1339.5 X157.756 Y151.534 E39.63426
G0 F9000 X157.985 Y151.197
G1 F1339.5 X154.577 Y147.789 E39.85868
G0 F9000 X154.962 Y147.608
G1 F1339.5 X158.167 Y150.813 E40.06974
G0 F9000 X158.284 Y150.364
G1 F1339.5 X155.409 Y147.489 E40.25906
G0 F9000 X155.944 Y147.459
G1 F1339.5 X158.314 Y149.829 E40.41513
G0 F9000 X158.172 Y149.121
G1 F1339.5 X156.645 Y147.594 E40.51568
G0 F9000 X156.764 Y147.264
G1 F2700 E35.51568
G0 F9000 X156.795 Y147.18
G0 X155.844 Y147.073
G0 X154.994 Y147.194
G0 X154.227 Y147.555
G0 X153.667 Y148.063
G0 X152.61 Y149.633
G0 X151.527 Y149.579
G0 X148.319 Y151.149
G0 X147.266 Y150.887
G0 X146.01 Y152.167
G0 X145.412 Y152.526
G0 X144.157 Y152.998
;TYPE:WALL-INNER
G1 F2700 E40.51568
G1 F1339.5 X143.87 Y152.982 E40.52907
G1 X143.574 Y152.939 E40.543
G1 X143.29 Y152.868 E40.55663
G1 X143.003 Y152.764 E40.57084
G1 X142.737 Y152.638 E40.58455
G1 X142.472 Y152.48 E40.59891
G1 X142.234 Y152.301 E40.61278
G1 X142.017 Y152.106 E40.62636
G1 X141.826 Y151.895 E40.63962
G1 X141.633 Y151.631 E40.65484
G1 X141.479 Y151.372 E40.66888
G1 X141.354 Y151.109 E40.68243
G1 X141.255 Y150.828 E40.69631
G1 X141.184 Y150.545 E40.70989
G1 X141.141 Y150.237 E40.72437
G1 X141.127 Y149.959 E40.73734
G1 X141.142 Y149.641 E40.75216
G1 X141.186 Y149.348 E40.76596
G1 X141.255 Y149.07 E40.77929
G1 X141.358 Y148.783 E40.79349
G1 X141.49 Y148.506 E40.80778
G1 X141.645 Y148.247 E40.82184
G1 X141.824 Y148.009 E40.8357
G1 X142.019 Y147.792 E40.84929
G1 X142.23 Y147.601 E40.86254
G1 X142.495 Y147.407 E40.87783
G1 X142.748 Y147.256 E40.89155
G1 X143.017 Y147.129 E40.9054
G1 X143.284 Y147.033 E40.91861
G1 X143.58 Y146.959 E40.93282
G1 X143.877 Y146.917 E40.94679
G1 X144.196 Y146.902 E40.96166
G1 X144.472 Y146.916 E40.97453
G1 X144.764 Y146.958 E40.98826
G1 X145.053 Y147.029 E41.00212
G1 X145.342 Y147.133 E41.01642
G1 X145.631 Y147.271 E41.03134
G1 X145.871 Y147.416 E41.04439
G1 X146.117 Y147.6 E41.0587
G1 X146.343 Y147.806 E41.07294
G1 X146.527 Y148.01 E41.08573
G1 X146.713 Y148.259 E41.1002
G1 X146.868 Y148.521 E41.11438
G1 X146.993 Y148.784 E41.12793
G1 X147.094 Y149.069 E41.14201
G1 X147.166 Y149.355 E41.15575
G1 X147.209 Y149.663 E41.17023
G1 X147.223 Y149.942 E41.18324
G1 X147.209 Y150.248 E41.1975
G1 X147.162 Y150.56 E41.21219
G1 X147.093 Y150.837 E41.22548
G1 X146.992 Y151.118 E41.23939
G1 X146.867 Y151.381 E41.25295
G1 X146.705 Y151.653 E41.26769
G1 X146.526 Y151.891 E41.28156
G1 X146.332 Y152.107 E41.29507
G1 X146.115 Y152.302 E41.30866
G1 X145.866 Y152.488 E41.32313
G1 X145.602 Y152.644 E41.33741
G1 X145.338 Y152.769 E41.35101
G1 X145.056 Y152.869 E41.36494
G1 X144.77 Y152.941 E41.37868
G1 X144.473 Y152.983 E41.39264
G1 X144.157 Y152.998 E41.40737
G0 F9000 X144.164 Y153.399
;TYPE:WALL-OUTER
G1 F1339.5 X143.823 Y153.38 E41.42328
G1 X143.502 Y153.333 E41.43838
G1 X143.172 Y153.251 E41.45422
G1 X142.844 Y153.132 E41.47046
G1 X142.55 Y152.993 E41.48561
G1 X142.255 Y152.816 E41.50163
G1 X141.974 Y152.606 E41.51796
G1 X141.735 Y152.39 E41.53296
G1 X141.512 Y152.144 E41.54842
G1 X141.3 Y151.855 E41.56511
G1 X141.128 Y151.566 E41.58077
G1 X140.986 Y151.267 E41.59619
G1 X140.871 Y150.942 E41.61224
G1 X140.791 Y150.622 E41.6276
G1 X140.743 Y150.28 E41.64368
G1 X140.726 Y149.95 E41.65907
G1 X140.743 Y149.604 E41.6752
G1 X140.792 Y149.277 E41.69059
G1 X140.874 Y148.947 E41.70643
G1 X140.986 Y148.634 E41.72191
G1 X141.138 Y148.315 E41.73836
G1 X141.309 Y148.03 E41.75384
G1 X141.519 Y147.749 E41.77017
G1 X141.735 Y147.51 E41.78517
G1 X141.981 Y147.287 E41.80063
G1 X142.27 Y147.075 E41.81732
G1 X142.559 Y146.903 E41.83298
G1 X142.855 Y146.763 E41.84823
G1 X143.172 Y146.649 E41.86391
G1 X143.503 Y146.566 E41.8798
G1 X143.845 Y146.518 E41.89589
G1 X144.187 Y146.501 E41.91183
G1 X144.517 Y146.518 E41.92722
G1 X144.837 Y146.564 E41.94227
G1 X145.176 Y146.648 E41.95853
G1 X145.491 Y146.761 E41.97412
G1 X145.82 Y146.918 E41.99109
G1 X146.098 Y147.086 E42.00622
G1 X146.37 Y147.289 E42.02202
G1 X146.629 Y147.526 E42.03837
G1 X146.838 Y147.757 E42.05287
G1 X147.045 Y148.035 E42.06901
G1 X147.222 Y148.334 E42.08519
G1 X147.364 Y148.633 E42.1006
G1 X147.477 Y148.951 E42.11632
G1 X147.559 Y149.278 E42.13202
G1 X147.607 Y149.62 E42.1481
G1 X147.624 Y149.95 E42.16348
G1 X147.608 Y150.286 E42.17915
G1 X147.556 Y150.634 E42.19553
G1 X147.477 Y150.949 E42.21065
G1 X147.358 Y151.28 E42.22703
G1 X147.222 Y151.568 E42.24186
G1 X147.041 Y151.87 E42.25826
G1 X146.831 Y152.151 E42.27459
G1 X146.615 Y152.39 E42.28959
G1 X146.368 Y152.613 E42.30509
G1 X146.09 Y152.82 E42.32123
G1 X145.791 Y152.997 E42.33741
G1 X145.492 Y153.139 E42.35282
G1 X145.17 Y153.253 E42.36872
G1 X144.847 Y153.334 E42.38423
G1 X144.505 Y153.382 E42.40031
G1 X144.164 Y153.399 E42.41621
G0 F9000 X144.165 Y152.959
G0 X144.161 Y152.606
;TYPE:SKIN
G1 F1339.5 X143.903 Y152.592 E42.42824
G1 X143.647 Y152.555 E42.44028
G1 X143.41 Y152.496 E42.45166
G1 X143.155 Y152.404 E42.46428
G1 X142.912 Y152.289 E42.4768
G1 X142.693 Y152.158 E42.48868
G1 X142.484 Y152 E42.50088
G1 X142.285 Y151.823 E42.51328
G1 X142.124 Y151.643 E42.52453
G1 X141.961 Y151.42 E42.53739
G1 X141.828 Y151.197 E42.54948
G1 X141.713 Y150.955 E42.56196
G1 X141.629 Y150.714 E42.57384
G1 X141.566 Y150.469 E42.58562
G1 X141.53 Y150.199 E42.5983
G1 X141.517 Y149.957 E42.60959
G1 X141.531 Y149.679 E42.62255
G1 X141.572 Y149.407 E42.63536
G1 X141.627 Y149.188 E42.64587
G1 X141.718 Y148.933 E42.65848
G1 X141.829 Y148.7 E42.6705
G1 X141.973 Y148.46 E42.68353
G1 X142.122 Y148.262 E42.69507
G1 X142.302 Y148.06 E42.70767
G1 X142.478 Y147.902 E42.71868
G1 X142.706 Y147.735 E42.73184
G1 X142.927 Y147.603 E42.74383
G1 X143.169 Y147.489 E42.75628
G1 X143.401 Y147.406 E42.76776
G1 X143.655 Y147.342 E42.77995
G1 X143.906 Y147.307 E42.79175
G1 X144.194 Y147.292 E42.80518
G1 X144.686 Y147.341 E42.82821
G1 X144.94 Y147.402 E42.84037
G1 X145.204 Y147.498 E42.85345
G1 X145.44 Y147.611 E42.86563
G1 X145.65 Y147.738 E42.87706
G1 X145.864 Y147.897 E42.88948
G1 X146.065 Y148.08 E42.90213
G1 X146.227 Y148.26 E42.91341
G1 X146.384 Y148.469 E42.92558
G1 X146.523 Y148.704 E42.93829
G1 X146.629 Y148.928 E42.94983
G1 X146.726 Y149.2 E42.96328
G1 X146.783 Y149.429 E42.97427
G1 X146.819 Y149.689 E42.98649
G1 X146.833 Y149.944 E42.99838
G1 X146.82 Y150.21 E43.01078
G1 X146.778 Y150.492 E43.02406
G1 X146.721 Y150.719 E43.03496
G1 X146.635 Y150.96 E43.04687
G1 X146.516 Y151.209 E43.05972
G1 X146.383 Y151.433 E43.07185
G1 X146.228 Y151.638 E43.08382
G1 X146.056 Y151.83 E43.09582
G1 X145.866 Y152.001 E43.10773
G1 X145.656 Y152.159 E43.11996
G1 X145.419 Y152.299 E43.13278
G1 X145.178 Y152.413 E43.1452
G1 X144.949 Y152.494 E43.15651
G1 X144.692 Y152.559 E43.16885
G1 X144.444 Y152.593 E43.18051
G1 X144.161 Y152.606 E43.1937
G0 F9000 X144.145 Y152.886
G0 X143.074 Y152.608
G0 X142.339 Y152.166
G0 X142.02 Y151.809
G0 X141.482 Y151.12
G0 X141.88 Y150.931
G1 F1339.5 X143.191 Y152.242 E43.28003
G0 F9000 X143.947 Y152.433
G1 F1339.5 X141.688 Y150.173 E43.42882
G0 F9000 X141.701 Y149.62
G1 F1339.5 X144.502 Y152.422 E43.6133
G0 F9000 X144.962 Y152.316
G1 F1339.5 X141.805 Y149.159 E43.8212
G0 F9000 X141.975 Y148.763
G1 F1339.5 X145.359 Y152.147 E44.04404
G0 F9000 X145.7 Y151.923
G1 F1339.5 X142.2 Y148.423 E44.27452
G0 F9000 X142.469 Y148.126
G1 F1339.5 X145.997 Y151.654 E44.50685
G0 F9000 X146.25 Y151.341
G1 F1339.5 X142.784 Y147.875 E44.73509
G0 F9000 X143.149 Y147.675
G1 F1339.5 X146.45 Y150.975 E44.95243
G0 F9000 X146.596 Y150.556
G1 F1339.5 X143.568 Y147.528 E45.15183
G0 F9000 X144.065 Y147.459
G1 F1339.5 X146.666 Y150.06 E45.32311
G0 F9000 X146.624 Y149.453
G1 F1339.5 X144.673 Y147.501 E45.45162
G0 F9000 X144.777 Y147.076
G0 X146.008 Y147.657
G0 X145.745 Y148.008
G1 F1339.5 X146.117 Y148.379 E45.47608
G0 F9000 X146.397 Y148.168
G1 F2700 E40.47608
;MESH:NONMESH
G0 F300 X146.397 Y148.168 Z1.12
G0 F9000 X146.468 Y148.115
G0 X147.388 Y149.635
G0 X148.471 Y149.578
G0 X151.816 Y151.537
G0 X152.835 Y151.174
G0 X154.23 Y152.347
G0 X154.66 Y152.549
G0 X155.803 Y152.998
;TIME_ELAPSED:65.340527
;LAYER:3
M106 S255
;TYPE:WALL-INNER
;MESH:Shiny Hillar (2).stl
G1 F2700 E45.47608
G1 F1328 X155.517 Y152.982 E45.48942
G1 X155.223 Y152.939 E45.50326
G1 X154.94 Y152.868 E45.51684
G1 X154.644 Y152.761 E45.5315
G1 X154.389 Y152.64 E45.54464
G1 X154.134 Y152.487 E45.55849
G1 X153.885 Y152.302 E45.57293
G1 X153.668 Y152.107 E45.58652
G1 X153.473 Y151.89 E45.6001
G1 X153.293 Y151.648 E45.61415
G1 X153.132 Y151.379 E45.62875
G1 X153.001 Y151.1 E45.6431
G1 X152.906 Y150.834 E45.65625
G1 X152.836 Y150.551 E45.66982
G1 X152.792 Y150.254 E45.68381
G1 X152.777 Y149.95 E45.69798
G1 X152.792 Y149.646 E45.71215
G1 X152.836 Y149.349 E45.72613
G1 X152.907 Y149.061 E45.73994
G1 X153.006 Y148.787 E45.75351
G1 X153.133 Y148.518 E45.76736
G1 X153.29 Y148.255 E45.78162
G1 X153.473 Y148.01 E45.79586
G1 X153.668 Y147.793 E45.80945
G1 X153.885 Y147.598 E45.82303
G1 X154.13 Y147.415 E45.83727
G1 X154.393 Y147.258 E45.85153
G1 X154.662 Y147.131 E45.86539
G1 X154.936 Y147.032 E45.87895
G1 X155.224 Y146.961 E45.89276
G1 X155.521 Y146.917 E45.90674
G1 X155.849 Y146.902 E45.92203
G1 X156.118 Y146.916 E45.93458
G1 X156.426 Y146.961 E45.94907
G1 X156.71 Y147.032 E45.9627
G1 X157.006 Y147.139 E45.97736
G1 X157.261 Y147.26 E45.9905
G1 X157.516 Y147.413 E46.00435
G1 X157.765 Y147.598 E46.01879
G1 X157.982 Y147.793 E46.03238
G1 X158.177 Y148.01 E46.04596
G1 X158.36 Y148.255 E46.0602
G1 X158.517 Y148.518 E46.07446
G1 X158.637 Y148.772 E46.08754
G1 X158.751 Y149.093 E46.10341
G1 X158.814 Y149.349 E46.11568
G1 X158.858 Y149.646 E46.12966
G1 X158.873 Y149.95 E46.14383
G1 X158.858 Y150.254 E46.15801
G1 X158.814 Y150.551 E46.17199
G1 X158.743 Y150.839 E46.1858
G1 X158.644 Y151.113 E46.19937
G1 X158.517 Y151.383 E46.21326
G1 X158.363 Y151.641 E46.22725
G1 X158.177 Y151.89 E46.24172
G1 X157.982 Y152.107 E46.25531
G1 X157.765 Y152.302 E46.26889
G1 X157.52 Y152.485 E46.28313
G1 X157.257 Y152.642 E46.29739
G1 X156.998 Y152.764 E46.31072
G1 X156.692 Y152.872 E46.32584
G1 X156.423 Y152.94 E46.33875
G1 X156.128 Y152.983 E46.35264
G1 X155.803 Y152.998 E46.36779
G0 F9000 X155.81 Y153.399
;TYPE:WALL-OUTER
G1 F1328 X155.468 Y153.38 E46.38374
G1 X155.152 Y153.333 E46.39861
G1 X154.822 Y153.251 E46.41445
G1 X154.494 Y153.132 E46.43069
G1 X154.199 Y152.992 E46.4459
G1 X153.906 Y152.817 E46.46179
G1 X153.632 Y152.613 E46.47769
G1 X153.385 Y152.39 E46.49319
G1 X153.162 Y152.143 E46.50869
G1 X152.958 Y151.869 E46.52459
G1 X152.781 Y151.572 E46.54069
G1 X152.63 Y151.251 E46.55721
G1 X152.525 Y150.957 E46.57175
G1 X152.442 Y150.623 E46.58777
G1 X152.393 Y150.29 E46.60344
G1 X152.376 Y149.95 E46.6193
G1 X152.393 Y149.61 E46.63515
G1 X152.442 Y149.277 E46.65082
G1 X152.524 Y148.947 E46.66665
G1 X152.638 Y148.63 E46.68234
G1 X152.78 Y148.328 E46.69788
G1 X152.958 Y148.031 E46.714
G1 X153.162 Y147.757 E46.72991
G1 X153.385 Y147.51 E46.7454
G1 X153.632 Y147.287 E46.7609
G1 X153.906 Y147.083 E46.77681
G1 X154.203 Y146.905 E46.79293
G1 X154.505 Y146.763 E46.80847
G1 X154.822 Y146.649 E46.82416
G1 X155.152 Y146.567 E46.83999
G1 X155.485 Y146.518 E46.85566
G1 X155.841 Y146.501 E46.87226
G1 X156.165 Y146.518 E46.88736
G1 X156.498 Y146.567 E46.90304
G1 X156.828 Y146.649 E46.91887
G1 X157.156 Y146.768 E46.93512
G1 X157.451 Y146.908 E46.95032
G1 X157.744 Y147.083 E46.96621
G1 X158.018 Y147.287 E46.98212
G1 X158.265 Y147.51 E46.99762
G1 X158.488 Y147.757 E47.01311
G1 X158.692 Y148.031 E47.02902
G1 X158.87 Y148.328 E47.04514
G1 X159.008 Y148.621 E47.06022
G1 X159.133 Y148.974 E47.07766
G1 X159.208 Y149.277 E47.09219
G1 X159.257 Y149.61 E47.10787
G1 X159.274 Y149.95 E47.12372
G1 X159.257 Y150.29 E47.13957
G1 X159.208 Y150.623 E47.15524
G1 X159.126 Y150.953 E47.17108
G1 X159.012 Y151.27 E47.18676
G1 X158.872 Y151.568 E47.20209
G1 X158.692 Y151.869 E47.21842
G1 X158.488 Y152.143 E47.23433
G1 X158.265 Y152.39 E47.24983
G1 X158.018 Y152.613 E47.26532
G1 X157.744 Y152.817 E47.28123
G1 X157.447 Y152.995 E47.29735
G1 X157.151 Y153.134 E47.31258
G1 X156.806 Y153.256 E47.32962
G1 X156.498 Y153.333 E47.3444
G1 X156.165 Y153.382 E47.36007
G1 X155.81 Y153.399 E47.37662
G0 F9000 X155.811 Y152.959
G0 X155.807 Y152.606
;TYPE:SKIN
G1 F1328 X155.551 Y152.592 E47.38856
G1 X155.295 Y152.555 E47.40061
G1 X155.06 Y152.496 E47.41189
G1 X154.796 Y152.401 E47.42495
G1 X154.566 Y152.292 E47.4368
G1 X154.353 Y152.164 E47.44838
G1 X154.131 Y151.998 E47.46128
G1 X153.944 Y151.831 E47.47296
G1 X153.766 Y151.633 E47.48535
G1 X153.624 Y151.442 E47.49644
G1 X153.477 Y151.195 E47.50982
G1 X153.36 Y150.947 E47.52259
G1 X153.221 Y150.485 E47.54506
G1 X153.182 Y150.219 E47.55757
G1 X153.168 Y149.95 E47.57012
G1 X153.182 Y149.681 E47.58266
G1 X153.219 Y149.425 E47.5947
G1 X153.28 Y149.176 E47.60664
G1 X153.369 Y148.933 E47.61869
G1 X153.475 Y148.707 E47.63031
G1 X153.622 Y148.461 E47.64366
G1 X153.769 Y148.263 E47.65514
G1 X153.944 Y148.069 E47.66731
G1 X154.14 Y147.893 E47.67957
G1 X154.336 Y147.747 E47.69095
G1 X154.582 Y147.6 E47.7043
G1 X154.809 Y147.493 E47.71598
G1 X155.051 Y147.405 E47.72797
G1 X155.3 Y147.344 E47.73991
G1 X155.556 Y147.307 E47.75196
G1 X155.846 Y147.293 E47.76547
G1 X156.084 Y147.306 E47.77657
G1 X156.354 Y147.345 E47.78928
G1 X156.591 Y147.404 E47.80065
G1 X156.854 Y147.499 E47.81367
G1 X157.084 Y147.608 E47.82552
G1 X157.3 Y147.738 E47.83726
G1 X157.513 Y147.896 E47.84961
G1 X157.706 Y148.07 E47.86171
G1 X157.881 Y148.263 E47.87384
G1 X158.032 Y148.466 E47.88562
G1 X158.175 Y148.706 E47.89863
G1 X158.278 Y148.925 E47.9099
G1 X158.376 Y149.2 E47.92349
G1 X158.431 Y149.425 E47.93428
G1 X158.468 Y149.681 E47.94632
G1 X158.482 Y149.95 E47.95887
G1 X158.468 Y150.219 E47.97141
G1 X158.431 Y150.475 E47.98345
G1 X158.37 Y150.724 E47.99539
G1 X158.282 Y150.966 E48.00738
G1 X158.172 Y151.199 E48.01938
G1 X158.035 Y151.43 E48.03188
G1 X157.881 Y151.637 E48.0439
G1 X157.706 Y151.831 E48.05606
G1 X157.512 Y152.006 E48.06823
G1 X157.314 Y152.153 E48.07971
G1 X157.064 Y152.302 E48.09326
G1 X156.858 Y152.399 E48.10387
G1 X156.576 Y152.499 E48.1178
G1 X156.347 Y152.556 E48.12879
G1 X156.095 Y152.593 E48.14065
G1 X155.807 Y152.606 E48.15407
G0 F9000 X156.515 Y152.348
G1 F1328 X158.225 Y150.638 E48.26668
G0 F9000 X158.318 Y149.98
G1 F1328 X155.854 Y152.443 E48.4289
G0 F9000 X155.334 Y152.398
G1 F1328 X158.272 Y149.46 E48.62238
G0 F9000 X158.143 Y149.024
G1 F1328 X154.898 Y152.269 E48.83606
G0 F9000 X154.521 Y152.079
G1 F1328 X157.953 Y148.647 E49.06207
G0 F9000 X157.715 Y148.319
G1 F1328 X154.194 Y151.841 E49.29396
G0 F9000 X153.913 Y151.556
G1 F1328 X157.43 Y148.039 E49.52556
G0 F9000 X157.1 Y147.804
G1 F1328 X153.681 Y151.223 E49.75071
G0 F9000 X153.495 Y150.842
G1 F1328 X156.718 Y147.619 E49.96295
G0 F9000 X156.276 Y147.496
G1 F1328 X153.37 Y150.403 E50.15435
G0 F9000 X153.332 Y149.874
G1 F1328 X155.749 Y147.457 E50.31351
G0 F9000 X155.075 Y147.566
G1 F1328 X153.442 Y149.199 E50.42105
G0 F9000 X153.114 Y149.079
G1 F2700 E45.42105
G0 F9000 X153.03 Y149.047
G0 X152.612 Y149.629
G0 X151.527 Y149.575
G0 X148.18 Y151.55
G0 X147.16 Y151.184
G0 X145.774 Y152.344
G0 X145.336 Y152.548
G0 X144.167 Y152.998
;TYPE:WALL-INNER
G1 F2700 E50.42105
G1 F1328 X143.867 Y152.982 E50.43504
G1 X143.573 Y152.939 E50.44887
G1 X143.286 Y152.868 E50.46264
G1 X143.012 Y152.769 E50.47621
G1 X142.743 Y152.642 E50.49006
G1 X142.48 Y152.485 E50.50432
G1 X142.235 Y152.302 E50.51856
G1 X142.018 Y152.107 E50.53214
G1 X141.823 Y151.89 E50.54573
G1 X141.637 Y151.641 E50.5602
G1 X141.483 Y151.383 E50.57419
G1 X141.362 Y151.126 E50.58742
G1 X141.25 Y150.809 E50.60307
G1 X141.184 Y150.545 E50.61575
G1 X141.141 Y150.243 E50.62995
G1 X141.127 Y149.95 E50.64361
G1 X141.142 Y149.645 E50.65783
G1 X141.186 Y149.349 E50.67176
G1 X141.257 Y149.061 E50.68557
G1 X141.356 Y148.787 E50.69914
G1 X141.483 Y148.518 E50.71299
G1 X141.64 Y148.255 E50.72725
G1 X141.823 Y148.01 E50.74149
G1 X142.019 Y147.792 E50.75514
G1 X142.234 Y147.598 E50.76863
G1 X142.487 Y147.412 E50.78325
G1 X142.748 Y147.255 E50.79743
G1 X143.012 Y147.131 E50.81101
G1 X143.284 Y147.033 E50.82448
G1 X143.58 Y146.959 E50.83868
G1 X143.882 Y146.916 E50.85289
G1 X144.175 Y146.902 E50.86655
G1 X144.481 Y146.917 E50.88081
G1 X144.763 Y146.958 E50.89408
G1 X145.045 Y147.027 E50.9076
G1 X145.342 Y147.132 E50.92227
G1 X145.612 Y147.26 E50.93618
G1 X145.88 Y147.422 E50.95076
G1 X146.103 Y147.588 E50.96371
G1 X146.348 Y147.811 E50.97914
G1 X146.527 Y148.01 E50.9916
G1 X146.71 Y148.255 E51.00584
G1 X146.867 Y148.518 E51.0201
G1 X146.987 Y148.772 E51.03318
G1 X147.1 Y149.091 E51.04894
G1 X147.166 Y149.354 E51.06157
G1 X147.209 Y149.655 E51.07572
G1 X147.223 Y149.949 E51.08943
G1 X147.208 Y150.254 E51.10365
G1 X147.164 Y150.551 E51.11763
G1 X147.093 Y150.839 E51.13144
G1 X146.994 Y151.113 E51.14501
G1 X146.867 Y151.383 E51.1589
G1 X146.713 Y151.641 E51.17289
G1 X146.527 Y151.89 E51.18736
G1 X146.332 Y152.107 E51.20095
G1 X146.115 Y152.302 E51.21453
G1 X145.87 Y152.485 E51.22877
G1 X145.607 Y152.642 E51.24304
G1 X145.348 Y152.764 E51.25637
G1 X145.044 Y152.871 E51.27137
G1 X144.768 Y152.941 E51.28463
G1 X144.468 Y152.984 E51.29874
G1 X144.167 Y152.998 E51.31277
G0 F9000 X144.176 Y153.399
;TYPE:WALL-OUTER
G1 F1328 X143.818 Y153.38 E51.32947
G1 X143.502 Y153.333 E51.34434
G1 X143.172 Y153.251 E51.36018
G1 X142.855 Y153.137 E51.37586
G1 X142.553 Y152.995 E51.3914
G1 X142.256 Y152.817 E51.40753
G1 X141.982 Y152.613 E51.42343
G1 X141.735 Y152.39 E51.43893
G1 X141.512 Y152.143 E51.45442
G1 X141.308 Y151.869 E51.47033
G1 X141.128 Y151.568 E51.48666
G1 X140.991 Y151.276 E51.50168
G1 X140.867 Y150.926 E51.51897
G1 X140.791 Y150.622 E51.53356
G1 X140.742 Y150.275 E51.54988
G1 X140.726 Y149.95 E51.56503
G1 X140.743 Y149.609 E51.58093
G1 X140.792 Y149.277 E51.59656
G1 X140.874 Y148.947 E51.61239
G1 X140.988 Y148.63 E51.62808
G1 X141.13 Y148.328 E51.64361
G1 X141.308 Y148.031 E51.65974
G1 X141.512 Y147.757 E51.67564
G1 X141.735 Y147.51 E51.69114
G1 X141.981 Y147.287 E51.7066
G1 X142.271 Y147.075 E51.72333
G1 X142.553 Y146.905 E51.73866
G1 X142.855 Y146.763 E51.7542
G1 X143.172 Y146.649 E51.76989
G1 X143.503 Y146.566 E51.78578
G1 X143.85 Y146.517 E51.80209
G1 X144.175 Y146.501 E51.81725
G1 X144.515 Y146.518 E51.8331
G1 X144.836 Y146.564 E51.8482
G1 X145.16 Y146.644 E51.86374
G1 X145.492 Y146.761 E51.88013
G1 X145.804 Y146.909 E51.89621
G1 X146.107 Y147.092 E51.91269
G1 X146.356 Y147.277 E51.92713
G1 X146.633 Y147.53 E51.9446
G1 X146.838 Y147.757 E51.95885
G1 X147.042 Y148.031 E51.97475
G1 X147.22 Y148.328 E51.99087
G1 X147.358 Y148.621 E52.00596
G1 X147.483 Y148.974 E52.02339
G1 X147.559 Y149.278 E52.03798
G1 X147.608 Y149.621 E52.05412
G1 X147.624 Y149.95 E52.06946
G1 X147.607 Y150.29 E52.08531
G1 X147.558 Y150.623 E52.10098
G1 X147.476 Y150.953 E52.11681
G1 X147.362 Y151.27 E52.1325
G1 X147.222 Y151.568 E52.14783
G1 X147.042 Y151.869 E52.16416
G1 X146.838 Y152.143 E52.18007
G1 X146.615 Y152.39 E52.19556
G1 X146.368 Y152.613 E52.21106
G1 X146.094 Y152.817 E52.22697
G1 X145.797 Y152.995 E52.24309
G1 X145.501 Y153.134 E52.25832
G1 X145.156 Y153.256 E52.27535
G1 X144.847 Y153.334 E52.29019
G1 X144.5 Y153.383 E52.30651
G1 X144.176 Y153.399 E52.32162
G0 F9000 X144.176 Y152.959
G0 X144.171 Y152.607
;TYPE:SKIN
G1 F1328 X143.9 Y152.592 E52.33426
G1 X143.64 Y152.555 E52.34648
G1 X143.409 Y152.498 E52.35756
G1 X143.156 Y152.406 E52.3701
G1 X142.932 Y152.3 E52.38164
G1 X142.686 Y152.153 E52.39498
G1 X142.488 Y152.006 E52.40647
G1 X142.294 Y151.831 E52.41863
G1 X142.119 Y151.637 E52.4308
G1 X141.968 Y151.434 E52.44258
G1 X141.821 Y151.187 E52.45596
G1 X141.728 Y150.987 E52.46623
G1 X141.62 Y150.683 E52.48125
G1 X141.567 Y150.469 E52.49152
G1 X141.53 Y150.205 E52.50393
G1 X141.518 Y149.95 E52.51582
G1 X141.532 Y149.68 E52.52841
G1 X141.568 Y149.43 E52.54017
G1 X141.63 Y149.176 E52.55235
G1 X141.718 Y148.934 E52.56434
G1 X141.825 Y148.707 E52.57602
G1 X141.972 Y148.461 E52.58937
G1 X142.119 Y148.263 E52.60085
G1 X142.3 Y148.062 E52.61344
G1 X142.478 Y147.903 E52.62456
G1 X142.704 Y147.736 E52.63764
G1 X142.929 Y147.601 E52.64986
G1 X143.159 Y147.493 E52.66169
G1 X143.404 Y147.405 E52.67381
G1 X143.655 Y147.342 E52.68586
G1 X143.911 Y147.306 E52.6979
G1 X144.175 Y147.293 E52.71021
G1 X144.448 Y147.307 E52.72294
G1 X144.686 Y147.341 E52.73413
G1 X144.933 Y147.401 E52.74597
G1 X145.187 Y147.491 E52.75852
G1 X145.439 Y147.611 E52.77151
G1 X145.671 Y147.751 E52.78413
G1 X145.845 Y147.881 E52.79424
G1 X146.07 Y148.086 E52.80842
G1 X146.231 Y148.263 E52.81956
G1 X146.382 Y148.466 E52.83134
G1 X146.525 Y148.706 E52.84435
G1 X146.625 Y148.919 E52.85531
G1 X146.729 Y149.214 E52.86987
G1 X146.783 Y149.429 E52.88019
G1 X146.819 Y149.681 E52.89205
G1 X146.833 Y149.95 E52.90459
G1 X146.819 Y150.216 E52.91699
G1 X146.782 Y150.47 E52.92894
G1 X146.72 Y150.724 E52.94112
G1 X146.632 Y150.966 E52.95311
G1 X146.522 Y151.199 E52.96511
G1 X146.385 Y151.43 E52.97761
G1 X146.231 Y151.637 E52.98963
G1 X146.056 Y151.831 E53.00179
G1 X145.862 Y152.006 E53.01396
G1 X145.664 Y152.153 E53.02544
G1 X145.418 Y152.3 E53.03878
G1 X145.199 Y152.403 E53.05005
G1 X144.932 Y152.498 E53.06325
G1 X144.692 Y152.558 E53.07477
G1 X144.437 Y152.594 E53.08676
G1 X144.171 Y152.607 E53.09916
G0 F9000 X144.156 Y152.886
G0 X144.634 Y152.785
G0 X145.695 Y152.46
G0 X145.469 Y152.08
G1 F1328 X146.311 Y151.238 E53.15461
G0 F9000 X146.637 Y150.347
G1 F1328 X144.571 Y152.413 E53.29066
G0 F9000 X143.983 Y152.435
G1 F1328 X146.661 Y149.757 E53.46701
G0 F9000 X146.578 Y149.275
G1 F1328 X143.498 Y152.354 E53.6698
G0 F9000 X143.09 Y152.197
G1 F1328 X146.422 Y148.865 E53.88922
G0 F9000 X146.214 Y148.507
G1 F1328 X142.733 Y151.988 E54.11845
G0 F9000 X142.424 Y151.731
G1 F1328 X145.956 Y148.2 E54.351
G0 F9000 X145.654 Y147.936
G1 F1328 X142.163 Y151.427 E54.58089
G0 F9000 X141.947 Y151.077
G1 F1328 X145.302 Y147.722 E54.80182
G0 F9000 X144.901 Y147.558
G1 F1328 X141.786 Y150.672 E55.00692
G0 F9000 X141.691 Y150.202
G1 F1328 X144.427 Y147.465 E55.18712
G0 F9000 X143.853 Y147.474
G1 F1328 X141.702 Y149.625 E55.32877
G0 F9000 X141.954 Y148.807
G1 F1328 X143.035 Y147.726 E55.39995
G0 F9000 X142.887 Y147.411
G1 F2700 E50.39995
;MESH:NONMESH
G0 F300 X142.887 Y147.411 Z1.4
G0 F9000 X142.851 Y147.329
G0 X143.898 Y147.087
G0 X144.731 Y147.126
G0 X145.529 Y147.41
G0 X146.227 Y147.93
G0 X147.389 Y149.638
G0 X148.472 Y149.584
G0 X151.695 Y151.203
G0 X152.831 Y151.164
G0 X154.231 Y152.347
G0 X154.655 Y152.548
G0 X155.8 Y152.998
;TIME_ELAPSED:79.186717
;LAYER:4
;TYPE:WALL-INNER
;MESH:Shiny Hillar (2).stl
G1 F2700 E55.39995
G1 F684.1 X155.512 Y152.982 E55.41339
G1 X155.223 Y152.939 E55.42699
G1 X154.936 Y152.868 E55.44076
G1 X154.662 Y152.769 E55.45432
G1 X154.393 Y152.642 E55.46818
G1 X154.13 Y152.485 E55.48244
G1 X153.885 Y152.302 E55.49668
G1 X153.668 Y152.107 E55.51026
G1 X153.473 Y151.89 E55.52385
G1 X153.287 Y151.641 E55.53832
G1 X153.133 Y151.383 E55.55231
G1 X153.006 Y151.113 E55.5662
G1 X152.907 Y150.839 E55.57977
G1 X152.836 Y150.551 E55.59358
G1 X152.792 Y150.254 E55.60756
G1 X152.777 Y149.95 E55.62173
G1 X152.792 Y149.646 E55.63591
G1 X152.836 Y149.349 E55.64989
G1 X152.907 Y149.061 E55.6637
G1 X153.006 Y148.787 E55.67727
G1 X153.133 Y148.518 E55.69112
G1 X153.29 Y148.255 E55.70538
G1 X153.473 Y148.01 E55.71962
G1 X153.668 Y147.793 E55.7332
G1 X153.885 Y147.598 E55.74679
G1 X154.13 Y147.415 E55.76103
G1 X154.393 Y147.258 E55.77529
G1 X154.662 Y147.131 E55.78914
G1 X154.936 Y147.032 E55.80271
G1 X155.224 Y146.961 E55.81652
G1 X155.521 Y146.917 E55.8305
G1 X155.854 Y146.902 E55.84602
G1 X156.118 Y146.916 E55.85833
G1 X156.426 Y146.961 E55.87283
G1 X156.714 Y147.032 E55.88664
G1 X156.988 Y147.131 E55.9002
G1 X157.257 Y147.258 E55.91406
G1 X157.52 Y147.415 E55.92832
G1 X157.765 Y147.598 E55.94256
G1 X157.982 Y147.793 E55.95614
G1 X158.177 Y148.01 E55.96973
G1 X158.36 Y148.255 E55.98397
G1 X158.517 Y148.518 E55.99823
G1 X158.644 Y148.787 E56.01208
G1 X158.743 Y149.061 E56.02565
G1 X158.814 Y149.349 E56.03946
G1 X158.858 Y149.646 E56.05344
G1 X158.873 Y149.95 E56.06761
G1 X158.858 Y150.254 E56.08178
G1 X158.814 Y150.551 E56.09576
G1 X158.743 Y150.839 E56.10958
G1 X158.644 Y151.113 E56.12314
G1 X158.517 Y151.383 E56.13704
G1 X158.363 Y151.641 E56.15103
G1 X158.177 Y151.89 E56.1655
G1 X157.982 Y152.107 E56.17908
G1 X157.765 Y152.302 E56.19267
G1 X157.52 Y152.485 E56.20691
G1 X157.257 Y152.642 E56.22117
G1 X156.988 Y152.769 E56.23502
G1 X156.714 Y152.868 E56.24859
G1 X156.426 Y152.939 E56.2624
G1 X156.129 Y152.983 E56.27638
G1 X155.8 Y152.998 E56.29172
G0 F9000 X155.805 Y153.399
;TYPE:WALL-OUTER
G1 F684.1 X155.463 Y153.379 E56.30767
G1 X155.152 Y153.333 E56.32231
G1 X154.822 Y153.251 E56.33814
G1 X154.505 Y153.137 E56.35383
G1 X154.203 Y152.995 E56.36937
G1 X153.906 Y152.817 E56.38549
G1 X153.632 Y152.613 E56.4014
G1 X153.385 Y152.39 E56.41689
G1 X153.162 Y152.143 E56.43239
G1 X152.958 Y151.869 E56.44829
G1 X152.778 Y151.568 E56.46462
G1 X152.638 Y151.27 E56.47995
G1 X152.524 Y150.953 E56.49564
G1 X152.442 Y150.623 E56.51147
G1 X152.393 Y150.29 E56.52715
G1 X152.376 Y149.95 E56.543
G1 X152.393 Y149.61 E56.55885
G1 X152.442 Y149.277 E56.57452
G1 X152.524 Y148.947 E56.59036
G1 X152.638 Y148.63 E56.60604
G1 X152.78 Y148.328 E56.62158
G1 X152.958 Y148.031 E56.63771
G1 X153.162 Y147.757 E56.65361
G1 X153.385 Y147.51 E56.66911
G1 X153.632 Y147.287 E56.6846
G1 X153.906 Y147.083 E56.70051
G1 X154.203 Y146.905 E56.71663
G1 X154.505 Y146.763 E56.73217
G1 X154.822 Y146.649 E56.74786
G1 X155.152 Y146.567 E56.76369
G1 X155.485 Y146.518 E56.77936
G1 X155.846 Y146.501 E56.79619
G1 X156.165 Y146.518 E56.81107
G1 X156.498 Y146.567 E56.82674
G1 X156.828 Y146.649 E56.84257
G1 X157.145 Y146.763 E56.85826
G1 X157.447 Y146.905 E56.8738
G1 X157.744 Y147.083 E56.88992
G1 X158.018 Y147.287 E56.90583
G1 X158.265 Y147.51 E56.92132
G1 X158.488 Y147.757 E56.93682
G1 X158.692 Y148.031 E56.95273
G1 X158.87 Y148.328 E56.96885
G1 X159.012 Y148.63 E56.98439
G1 X159.126 Y148.947 E57.00008
G1 X159.208 Y149.277 E57.01591
G1 X159.257 Y149.61 E57.03158
G1 X159.274 Y149.95 E57.04743
G1 X159.257 Y150.29 E57.06328
G1 X159.208 Y150.623 E57.07896
G1 X159.126 Y150.953 E57.09479
G1 X159.012 Y151.27 E57.11048
G1 X158.872 Y151.568 E57.12581
G1 X158.692 Y151.869 E57.14214
G1 X158.488 Y152.143 E57.15805
G1 X158.265 Y152.39 E57.17354
G1 X158.018 Y152.613 E57.18904
G1 X157.744 Y152.817 E57.20494
G1 X157.447 Y152.995 E57.22107
G1 X157.145 Y153.137 E57.23661
G1 X156.828 Y153.251 E57.25229
G1 X156.498 Y153.333 E57.26812
G1 X156.165 Y153.382 E57.2838
G1 X155.805 Y153.399 E57.30058
G0 F9000 X155.807 Y152.959
G0 X154.894 Y152.767
;TYPE:FILL
G1 F1368.2 X158.037 Y151.925 E57.45209
G0 F9000 X157.827 Y152.136
G1 F1368.2 X153.636 Y147.945 E57.72808
G0 F9000 X152.869 Y150.204
G1 F1368.2 X158.511 Y148.692 E58.00006
G0 F9000 X158.585 Y148.859
G1 F1368.2 X157.67 Y152.273 E58.16464
G0 F9000 X154.478 Y152.593
G1 F1368.2 X155.98 Y146.987 E58.43489
G0 F9000 X157.324 Y147.391
G1 F1368.2 X158.383 Y148.449 E58.50459
G0 F9000 X158.279 Y148.511
G1 F2700 E53.50459
G0 F9000 X152.734 Y150.889
G0 X151.683 Y151.152
G0 X147.785 Y152.312
G0 X146.854 Y151.755
G0 X144.175 Y152.998
;TYPE:WALL-INNER
G1 F2700 E58.50459
G1 F684.1 X143.871 Y152.983 E58.51876
G1 X143.574 Y152.939 E58.53275
G1 X143.286 Y152.868 E58.54656
G1 X143.012 Y152.769 E58.56012
G1 X142.743 Y152.642 E58.57397
G1 X142.48 Y152.485 E58.58824
G1 X142.235 Y152.302 E58.60248
G1 X142.018 Y152.107 E58.61606
G1 X141.823 Y151.89 E58.62965
G1 X141.637 Y151.641 E58.64412
G1 X141.483 Y151.383 E58.65811
G1 X141.356 Y151.113 E58.672
G1 X141.257 Y150.839 E58.68557
G1 X141.186 Y150.551 E58.69938
G1 X141.142 Y150.254 E58.71336
G1 X141.127 Y149.95 E58.72753
G1 X141.142 Y149.646 E58.74171
G1 X141.186 Y149.349 E58.75569
G1 X141.257 Y149.061 E58.7695
G1 X141.356 Y148.787 E58.78307
G1 X141.483 Y148.518 E58.79692
G1 X141.64 Y148.255 E58.81118
G1 X141.823 Y148.01 E58.82542
G1 X142.018 Y147.793 E58.839
G1 X142.235 Y147.598 E58.85259
G1 X142.48 Y147.415 E58.86683
G1 X142.743 Y147.258 E58.88109
G1 X143.012 Y147.131 E58.89494
G1 X143.286 Y147.032 E58.90851
G1 X143.574 Y146.961 E58.92232
G1 X143.871 Y146.917 E58.9363
G1 X144.175 Y146.902 E58.95047
G1 X144.479 Y146.917 E58.96465
G1 X144.776 Y146.961 E58.97863
G1 X145.064 Y147.032 E58.99244
G1 X145.338 Y147.131 E59.006
G1 X145.607 Y147.258 E59.01986
G1 X145.87 Y147.415 E59.03412
G1 X146.109 Y147.594 E59.04802
G1 X146.352 Y147.815 E59.06332
G1 X146.531 Y148.013 E59.07575
G1 X146.706 Y148.249 E59.08943
G1 X146.867 Y148.518 E59.10402
G1 X146.994 Y148.787 E59.11788
G1 X147.093 Y149.061 E59.13144
G1 X147.164 Y149.349 E59.14525
G1 X147.208 Y149.646 E59.15923
G1 X147.223 Y149.95 E59.17341
G1 X147.208 Y150.254 E59.18758
G1 X147.164 Y150.551 E59.20156
G1 X147.093 Y150.839 E59.21537
G1 X146.994 Y151.113 E59.22894
G1 X146.867 Y151.383 E59.24283
G1 X146.713 Y151.641 E59.25682
G1 X146.527 Y151.89 E59.27129
G1 X146.332 Y152.107 E59.28488
G1 X146.115 Y152.302 E59.29846
G1 X145.87 Y152.485 E59.3127
G1 X145.607 Y152.642 E59.32697
G1 X145.338 Y152.769 E59.34082
G1 X145.064 Y152.868 E59.35438
G1 X144.776 Y152.939 E59.3682
G1 X144.479 Y152.983 E59.38218
G1 X144.175 Y152.998 E59.39635
G0 F9000 X144.175 Y153.399
;TYPE:WALL-OUTER
G1 F684.1 X143.835 Y153.382 E59.4122
G1 X143.502 Y153.333 E59.42787
G1 X143.172 Y153.251 E59.44371
G1 X142.855 Y153.137 E59.45939
G1 X142.553 Y152.995 E59.47493
G1 X142.256 Y152.817 E59.49106
G1 X141.982 Y152.613 E59.50696
G1 X141.735 Y152.39 E59.52246
G1 X141.512 Y152.143 E59.53795
G1 X141.308 Y151.869 E59.55386
G1 X141.128 Y151.568 E59.57019
G1 X140.988 Y151.27 E59.58552
G1 X140.874 Y150.953 E59.60121
G1 X140.792 Y150.623 E59.61704
G1 X140.743 Y150.29 E59.63271
G1 X140.726 Y149.95 E59.64856
G1 X140.743 Y149.61 E59.66442
G1 X140.792 Y149.277 E59.68009
G1 X140.874 Y148.947 E59.69592
G1 X140.988 Y148.63 E59.71161
G1 X141.13 Y148.328 E59.72715
G1 X141.308 Y148.031 E59.74327
G1 X141.512 Y147.757 E59.75918
G1 X141.735 Y147.51 E59.77467
G1 X141.982 Y147.287 E59.79017
G1 X142.256 Y147.083 E59.80608
G1 X142.553 Y146.905 E59.8222
G1 X142.855 Y146.763 E59.83774
G1 X143.172 Y146.649 E59.85342
G1 X143.502 Y146.567 E59.86926
G1 X143.835 Y146.518 E59.88493
G1 X144.175 Y146.501 E59.90078
G1 X144.515 Y146.518 E59.91663
G1 X144.848 Y146.567 E59.93231
G1 X145.178 Y146.649 E59.94814
G1 X145.495 Y146.763 E59.96383
G1 X145.797 Y146.905 E59.97937
G1 X146.094 Y147.083 E59.99549
G1 X146.362 Y147.283 E60.01106
G1 X146.636 Y147.533 E60.02833
G1 X146.838 Y147.756 E60.04234
G1 X147.042 Y148.031 E60.05829
G1 X147.22 Y148.328 E60.07441
G1 X147.362 Y148.63 E60.08995
G1 X147.476 Y148.947 E60.10563
G1 X147.558 Y149.277 E60.12147
G1 X147.607 Y149.61 E60.13714
G1 X147.624 Y149.95 E60.15299
G1 X147.607 Y150.29 E60.16884
G1 X147.558 Y150.623 E60.18452
G1 X147.476 Y150.953 E60.20035
G1 X147.362 Y151.27 E60.21604
G1 X147.222 Y151.568 E60.23137
G1 X147.042 Y151.869 E60.2477
G1 X146.838 Y152.143 E60.2636
G1 X146.615 Y152.39 E60.2791
G1 X146.368 Y152.613 E60.2946
G1 X146.094 Y152.817 E60.3105
G1 X145.797 Y152.995 E60.32662
G1 X145.495 Y153.137 E60.34216
G1 X145.178 Y153.251 E60.35785
G1 X144.848 Y153.333 E60.37368
G1 X144.515 Y153.382 E60.38936
G1 X144.175 Y153.399 E60.40521
G0 F9000 X144.175 Y152.959
G0 X143.268 Y152.777
;TYPE:FILL
G1 F1368.2 X146.368 Y151.946 E60.55465
G0 F9000 X145.545 Y152.582
G1 F1368.2 X141.541 Y148.578 E60.81832
G0 F9000 X141.22 Y150.219
G1 F1368.2 X146.867 Y148.706 E61.09055
G0 F9000 X146.396 Y147.983
G1 F1368.2 X145.115 Y152.763 E61.32098
G0 F9000 X142.176 Y152.142
G1 F1368.2 X143.54 Y147.049 E61.56649
G0 F9000 X144.188 Y146.982
G1 F1368.2 X147.141 Y149.936 E61.76098
G0 F9000 X147.022 Y149.942
G1 F2700 E56.76098
;MESH:NONMESH
G0 F300 X147.022 Y149.942 Z1.68
G0 F9000 X147.342 Y150.584
G0 X148.394 Y150.846
G0 X152.216 Y152.313
G0 X153.146 Y151.755
G0 X155.825 Y152.998
;TIME_ELAPSED:91.972083
;LAYER:5
;TYPE:WALL-INNER
;MESH:Shiny Hillar (2).stl
G1 F2700 E61.76098
G1 F673.8 X155.521 Y152.983 E61.77515
G1 X155.224 Y152.939 E61.78913
G1 X154.936 Y152.868 E61.80294
G1 X154.662 Y152.769 E61.81651
G1 X154.393 Y152.642 E61.83036
G1 X154.13 Y152.485 E61.84462
G1 X153.885 Y152.302 E61.85886
G1 X153.668 Y152.107 E61.87245
G1 X153.473 Y151.89 E61.88603
G1 X153.287 Y151.641 E61.90051
G1 X153.133 Y151.383 E61.9145
G1 X153.006 Y151.113 E61.92839
G1 X152.907 Y150.839 E61.94196
G1 X152.836 Y150.551 E61.95577
G1 X152.792 Y150.254 E61.96975
G1 X152.777 Y149.95 E61.98392
G1 X152.792 Y149.646 E61.99809
G1 X152.836 Y149.349 E62.01207
G1 X152.907 Y149.061 E62.02589
G1 X153.006 Y148.787 E62.03945
G1 X153.133 Y148.518 E62.0533
G1 X153.29 Y148.255 E62.06757
G1 X153.473 Y148.01 E62.08181
G1 X153.668 Y147.793 E62.09539
G1 X153.885 Y147.598 E62.10898
G1 X154.13 Y147.415 E62.12321
G1 X154.393 Y147.258 E62.13748
G1 X154.662 Y147.131 E62.15133
G1 X154.936 Y147.032 E62.16489
G1 X155.224 Y146.961 E62.17871
G1 X155.521 Y146.917 E62.19269
G1 X155.825 Y146.902 E62.20686
G1 X156.129 Y146.917 E62.22103
G1 X156.426 Y146.961 E62.23501
G1 X156.714 Y147.032 E62.24883
G1 X156.988 Y147.131 E62.26239
G1 X157.257 Y147.258 E62.27624
G1 X157.52 Y147.415 E62.29051
G1 X157.765 Y147.598 E62.30474
G1 X157.982 Y147.793 E62.31833
G1 X158.177 Y148.01 E62.33191
G1 X158.36 Y148.255 E62.34615
G1 X158.517 Y148.518 E62.36042
G1 X158.644 Y148.787 E62.37427
G1 X158.743 Y149.061 E62.38783
G1 X158.814 Y149.349 E62.40165
G1 X158.858 Y149.646 E62.41563
G1 X158.873 Y149.95 E62.4298
G1 X158.858 Y150.254 E62.44397
G1 X158.814 Y150.551 E62.45795
G1 X158.743 Y150.839 E62.47176
G1 X158.644 Y151.113 E62.48533
G1 X158.517 Y151.383 E62.49922
G1 X158.363 Y151.641 E62.51321
G1 X158.177 Y151.89 E62.52769
G1 X157.982 Y152.107 E62.54127
G1 X157.765 Y152.302 E62.55486
G1 X157.52 Y152.485 E62.5691
G1 X157.257 Y152.642 E62.58336
G1 X156.988 Y152.769 E62.59721
G1 X156.714 Y152.868 E62.61078
G1 X156.426 Y152.939 E62.62459
G1 X156.129 Y152.983 E62.63857
G1 X155.825 Y152.998 E62.65274
G0 F9000 X155.825 Y153.399
;TYPE:WALL-OUTER
G1 F673.8 X155.485 Y153.382 E62.66859
G1 X155.152 Y153.333 E62.68426
G1 X154.822 Y153.251 E62.7001
G1 X154.505 Y153.137 E62.71578
G1 X154.203 Y152.995 E62.73132
G1 X153.906 Y152.817 E62.74745
G1 X153.632 Y152.613 E62.76335
G1 X153.385 Y152.39 E62.77885
G1 X153.162 Y152.143 E62.79434
G1 X152.958 Y151.869 E62.81025
G1 X152.778 Y151.568 E62.82658
G1 X152.638 Y151.27 E62.84191
G1 X152.524 Y150.953 E62.8576
G1 X152.442 Y150.623 E62.87343
G1 X152.393 Y150.29 E62.88911
G1 X152.376 Y149.95 E62.90496
G1 X152.393 Y149.61 E62.92081
G1 X152.442 Y149.277 E62.93648
G1 X152.524 Y148.947 E62.95231
G1 X152.638 Y148.63 E62.968
G1 X152.78 Y148.328 E62.98354
G1 X152.958 Y148.031 E62.99966
G1 X153.162 Y147.757 E63.01557
G1 X153.385 Y147.51 E63.03107
G1 X153.632 Y147.287 E63.04656
G1 X153.906 Y147.083 E63.06247
G1 X154.203 Y146.905 E63.07859
G1 X154.505 Y146.763 E63.09413
G1 X154.822 Y146.649 E63.10982
G1 X155.152 Y146.567 E63.12565
G1 X155.485 Y146.518 E63.14132
G1 X155.825 Y146.501 E63.15717
G1 X156.165 Y146.518 E63.17303
G1 X156.498 Y146.567 E63.1887
G1 X156.828 Y146.649 E63.20453
G1 X157.145 Y146.763 E63.22022
G1 X157.447 Y146.905 E63.23576
G1 X157.744 Y147.083 E63.25188
G1 X158.018 Y147.287 E63.26779
G1 X158.265 Y147.51 E63.28328
G1 X158.488 Y147.757 E63.29878
G1 X158.692 Y148.031 E63.31468
G1 X158.87 Y148.328 E63.33081
G1 X159.012 Y148.63 E63.34635
G1 X159.126 Y148.947 E63.36203
G1 X159.208 Y149.277 E63.37787
G1 X159.257 Y149.61 E63.39354
G1 X159.274 Y149.95 E63.40939
G1 X159.257 Y150.29 E63.42524
G1 X159.208 Y150.623 E63.44091
G1 X159.126 Y150.953 E63.45675
G1 X159.012 Y151.27 E63.47243
G1 X158.872 Y151.568 E63.48777
G1 X158.692 Y151.869 E63.5041
G1 X158.488 Y152.143 E63.52
G1 X158.265 Y152.39 E63.5355
G1 X158.018 Y152.613 E63.55099
G1 X157.744 Y152.817 E63.5669
G1 X157.447 Y152.995 E63.58302
G1 X157.145 Y153.137 E63.59856
G1 X156.828 Y153.251 E63.61425
G1 X156.498 Y153.333 E63.63008
G1 X156.165 Y153.382 E63.64576
G1 X155.825 Y153.399 E63.66161
G0 F9000 X155.825 Y152.959
G0 X155.288 Y152.867
;TYPE:FILL
G1 F1347.5 X157.75 Y152.207 E63.7803
G0 F9000 X157.971 Y152
G1 F1347.5 X153.774 Y147.803 E64.05668
G0 F9000 X155.776 Y146.984
G1 F1347.5 X154.3 Y152.492 E64.3222
G0 F9000 X154.07 Y152.341
G1 F1347.5 X153.428 Y151.7 E64.36444
G0 F9000 X152.895 Y150.402
G1 F1347.5 X158.59 Y148.876 E64.63898
G0 F9000 X158.455 Y148.576
G1 F1347.5 X157.417 Y152.453 E64.82587
G0 F9000 X157.356 Y152.349
G1 F2700 E59.82587
G0 F9000 X153.146 Y151.755
G0 X152.216 Y152.313
G0 X147.785 Y152.312
G0 X146.854 Y151.755
G0 X144.175 Y152.998
;TYPE:WALL-INNER
G1 F2700 E64.82587
G1 F673.8 X143.871 Y152.983 E64.84004
G1 X143.574 Y152.939 E64.85402
G1 X143.286 Y152.868 E64.86783
G1 X143.012 Y152.769 E64.8814
G1 X142.743 Y152.642 E64.89525
G1 X142.48 Y152.485 E64.90951
G1 X142.235 Y152.302 E64.92375
G1 X142.018 Y152.107 E64.93734
G1 X141.823 Y151.89 E64.95092
G1 X141.637 Y151.641 E64.9654
G1 X141.483 Y151.383 E64.97939
G1 X141.356 Y151.113 E64.99328
G1 X141.257 Y150.839 E65.00685
G1 X141.186 Y150.551 E65.02066
G1 X141.142 Y150.254 E65.03464
G1 X141.127 Y149.95 E65.04881
G1 X141.142 Y149.646 E65.06298
G1 X141.186 Y149.349 E65.07696
G1 X141.257 Y149.061 E65.09078
G1 X141.356 Y148.787 E65.10434
G1 X141.483 Y148.518 E65.11819
G1 X141.64 Y148.255 E65.13246
G1 X141.823 Y148.01 E65.1467
G1 X142.018 Y147.793 E65.16028
G1 X142.235 Y147.598 E65.17387
G1 X142.48 Y147.415 E65.1881
G1 X142.743 Y147.258 E65.20237
G1 X143.012 Y147.131 E65.21622
G1 X143.286 Y147.032 E65.22978
G1 X143.574 Y146.961 E65.2436
G1 X143.871 Y146.917 E65.25758
G1 X144.175 Y146.902 E65.27175
G1 X144.479 Y146.917 E65.28592
G1 X144.776 Y146.961 E65.2999
G1 X145.064 Y147.032 E65.31372
G1 X145.338 Y147.131 E65.32728
G1 X145.607 Y147.258 E65.34113
G1 X145.87 Y147.415 E65.3554
G1 X146.115 Y147.598 E65.36963
G1 X146.332 Y147.793 E65.38322
G1 X146.527 Y148.01 E65.3968
G1 X146.71 Y148.255 E65.41104
G1 X146.867 Y148.518 E65.42531
G1 X146.994 Y148.787 E65.43916
G1 X147.093 Y149.061 E65.45272
G1 X147.164 Y149.349 E65.46654
G1 X147.208 Y149.646 E65.48052
G1 X147.223 Y149.95 E65.49469
G1 X147.208 Y150.254 E65.50886
G1 X147.164 Y150.551 E65.52284
G1 X147.093 Y150.839 E65.53665
G1 X146.994 Y151.113 E65.55022
G1 X146.867 Y151.383 E65.56411
G1 X146.713 Y151.641 E65.5781
G1 X146.527 Y151.89 E65.59258
G1 X146.332 Y152.107 E65.60616
G1 X146.115 Y152.302 E65.61975
G1 X145.87 Y152.485 E65.63399
G1 X145.607 Y152.642 E65.64825
G1 X145.338 Y152.769 E65.6621
G1 X145.064 Y152.868 E65.67567
G1 X144.776 Y152.939 E65.68948
G1 X144.479 Y152.983 E65.70346
G1 X144.175 Y152.998 E65.71763
G0 F9000 X144.175 Y153.399
;TYPE:WALL-OUTER
G1 F673.8 X143.835 Y153.382 E65.73348
G1 X143.502 Y153.333 E65.74915
G1 X143.172 Y153.251 E65.76499
G1 X142.855 Y153.137 E65.78067
G1 X142.553 Y152.995 E65.79621
G1 X142.256 Y152.817 E65.81234
G1 X141.982 Y152.613 E65.82824
G1 X141.735 Y152.39 E65.84374
G1 X141.512 Y152.143 E65.85923
G1 X141.308 Y151.869 E65.87514
G1 X141.128 Y151.568 E65.89147
G1 X140.988 Y151.27 E65.9068
G1 X140.874 Y150.953 E65.92249
G1 X140.792 Y150.623 E65.93832
G1 X140.743 Y150.29 E65.954
G1 X140.726 Y149.95 E65.96985
G1 X140.743 Y149.61 E65.9857
G1 X140.792 Y149.277 E66.00137
G1 X140.874 Y148.947 E66.0172
G1 X140.988 Y148.63 E66.03289
G1 X141.13 Y148.328 E66.04843
G1 X141.308 Y148.031 E66.06455
G1 X141.512 Y147.757 E66.08046
G1 X141.735 Y147.51 E66.09596
G1 X141.982 Y147.287 E66.11145
G1 X142.256 Y147.083 E66.12736
G1 X142.553 Y146.905 E66.14348
G1 X142.855 Y146.763 E66.15902
G1 X143.172 Y146.649 E66.17471
G1 X143.502 Y146.567 E66.19054
G1 X143.835 Y146.518 E66.20621
G1 X144.175 Y146.501 E66.22206
G1 X144.515 Y146.518 E66.23792
G1 X144.848 Y146.567 E66.25359
G1 X145.178 Y146.649 E66.26942
G1 X145.495 Y146.763 E66.28511
G1 X145.797 Y146.905 E66.30065
G1 X146.094 Y147.083 E66.31677
G1 X146.368 Y147.287 E66.33268
G1 X146.615 Y147.51 E66.34817
G1 X146.838 Y147.757 E66.36367
G1 X147.042 Y148.031 E66.37957
G1 X147.22 Y148.328 E66.3957
G1 X147.362 Y148.63 E66.41124
G1 X147.476 Y148.947 E66.42692
G1 X147.558 Y149.277 E66.44276
G1 X147.607 Y149.61 E66.45843
G1 X147.624 Y149.95 E66.47428
G1 X147.607 Y150.29 E66.49013
G1 X147.558 Y150.623 E66.5058
G1 X147.476 Y150.953 E66.52164
G1 X147.362 Y151.27 E66.53732
G1 X147.222 Y151.568 E66.55266
G1 X147.042 Y151.869 E66.56899
G1 X146.838 Y152.143 E66.58489
G1 X146.615 Y152.39 E66.60039
G1 X146.368 Y152.613 E66.61588
G1 X146.094 Y152.817 E66.63179
G1 X145.797 Y152.995 E66.64791
G1 X145.495 Y153.137 E66.66345
G1 X145.178 Y153.251 E66.67914
G1 X144.848 Y153.333 E66.69497
G1 X144.515 Y153.382 E66.71065
G1 X144.175 Y153.399 E66.7265
G0 F9000 X144.175 Y152.959
G0 X143.675 Y152.873
;TYPE:FILL
G1 F1347.5 X146.073 Y152.23 E66.8421
G0 F9000 X145.722 Y152.479
G1 F1347.5 X141.644 Y148.401 E67.11065
G0 F9000 X141.247 Y150.417
G1 F1347.5 X146.946 Y148.89 E67.38538
G0 F9000 X147.126 Y149.64
G1 F1347.5 X144.483 Y146.998 E67.55939
G0 F9000 X143.321 Y147.104
G1 F1347.5 X142.013 Y151.983 E67.7946
G0 F9000 X144.893 Y152.827
G1 F1347.5 X146.236 Y147.814 E68.03626
G0 F9000 X146.156 Y147.903
G1 F2700 E63.03626
;MESH:NONMESH
G0 F300 X146.156 Y147.903 Z1.96
G0 F9000 X147.388 Y149.629
G0 X148.472 Y149.574
G0 X151.821 Y151.553
G0 X152.841 Y151.186
G0 X155.825 Y152.998
;TIME_ELAPSED:104.801953
;LAYER:6
;TYPE:WALL-INNER
;MESH:Shiny Hillar (2).stl
G1 F2700 E68.03626
G1 F669.6 X155.521 Y152.983 E68.05043
G1 X155.224 Y152.939 E68.06441
G1 X154.936 Y152.868 E68.07822
G1 X154.662 Y152.769 E68.09179
G1 X154.393 Y152.642 E68.10564
G1 X154.13 Y152.485 E68.1199
G1 X153.885 Y152.302 E68.13414
G1 X153.668 Y152.107 E68.14772
G1 X153.473 Y151.89 E68.16131
G1 X153.287 Y151.641 E68.17578
G1 X153.133 Y151.383 E68.18977
G1 X153.006 Y151.113 E68.20367
G1 X152.907 Y150.839 E68.21723
G1 X152.836 Y150.551 E68.23104
G1 X152.792 Y150.254 E68.24502
G1 X152.777 Y149.95 E68.2592
G1 X152.792 Y149.646 E68.27337
G1 X152.836 Y149.349 E68.28735
G1 X152.907 Y149.061 E68.30116
G1 X153.006 Y148.787 E68.31473
G1 X153.133 Y148.518 E68.32858
G1 X153.29 Y148.255 E68.34284
G1 X153.473 Y148.01 E68.35708
G1 X153.668 Y147.793 E68.37067
G1 X153.885 Y147.598 E68.38425
G1 X154.13 Y147.415 E68.39849
G1 X154.393 Y147.258 E68.41275
G1 X154.662 Y147.131 E68.42661
G1 X154.936 Y147.032 E68.44017
G1 X155.224 Y146.961 E68.45398
G1 X155.521 Y146.917 E68.46796
G1 X155.825 Y146.902 E68.48214
G1 X156.129 Y146.917 E68.49631
G1 X156.426 Y146.961 E68.51029
G1 X156.714 Y147.032 E68.5241
G1 X156.988 Y147.131 E68.53767
G1 X157.257 Y147.258 E68.55152
G1 X157.52 Y147.415 E68.56578
G1 X157.765 Y147.598 E68.58002
G1 X157.982 Y147.793 E68.59361
G1 X158.177 Y148.01 E68.60719
G1 X158.36 Y148.255 E68.62143
G1 X158.517 Y148.518 E68.63569
G1 X158.644 Y148.787 E68.64954
G1 X158.743 Y149.061 E68.66311
G1 X158.814 Y149.349 E68.67692
G1 X158.858 Y149.646 E68.6909
G1 X158.873 Y149.95 E68.70507
G1 X158.858 Y150.254 E68.71925
G1 X158.814 Y150.551 E68.73323
G1 X158.743 Y150.839 E68.74704
G1 X158.644 Y151.113 E68.76061
G1 X158.517 Y151.383 E68.7745
G1 X158.363 Y151.641 E68.78849
G1 X158.177 Y151.89 E68.80296
G1 X157.982 Y152.107 E68.81655
G1 X157.765 Y152.302 E68.83013
G1 X157.52 Y152.485 E68.84437
G1 X157.257 Y152.642 E68.85863
G1 X156.988 Y152.769 E68.87249
G1 X156.714 Y152.868 E68.88605
G1 X156.426 Y152.939 E68.89986
G1 X156.129 Y152.983 E68.91384
G1 X155.825 Y152.998 E68.92802
G0 F9000 X155.825 Y153.399
;TYPE:WALL-OUTER
G1 F669.6 X155.485 Y153.382 E68.94387
G1 X155.152 Y153.333 E68.95954
G1 X154.822 Y153.251 E68.97537
G1 X154.505 Y153.137 E68.99106
G1 X154.203 Y152.995 E69.0066
G1 X153.906 Y152.817 E69.02272
G1 X153.632 Y152.613 E69.03863
G1 X153.385 Y152.39 E69.05413
G1 X153.162 Y152.143 E69.06962
G1 X152.958 Y151.869 E69.08553
G1 X152.778 Y151.568 E69.10186
G1 X152.638 Y151.27 E69.11719
G1 X152.524 Y150.953 E69.13288
G1 X152.442 Y150.623 E69.14871
G1 X152.393 Y150.29 E69.16438
G1 X152.376 Y149.95 E69.18023
G1 X152.393 Y149.61 E69.19608
G1 X152.442 Y149.277 E69.21176
G1 X152.524 Y148.947 E69.22759
G1 X152.638 Y148.63 E69.24328
G1 X152.78 Y148.328 E69.25882
G1 X152.958 Y148.031 E69.27494
G1 X153.162 Y147.757 E69.29085
G1 X153.385 Y147.51 E69.30634
G1 X153.632 Y147.287 E69.32184
G1 X153.906 Y147.083 E69.33774
G1 X154.203 Y146.905 E69.35387
G1 X154.505 Y146.763 E69.36941
G1 X154.822 Y146.649 E69.38509
G1 X155.152 Y146.567 E69.40093
G1 X155.485 Y146.518 E69.4166
G1 X155.825 Y146.501 E69.43245
G1 X156.165 Y146.518 E69.4483
G1 X156.498 Y146.567 E69.46397
G1 X156.828 Y146.649 E69.47981
G1 X157.145 Y146.763 E69.49549
G1 X157.447 Y146.905 E69.51103
G1 X157.744 Y147.083 E69.52716
G1 X158.018 Y147.287 E69.54306
G1 X158.265 Y147.51 E69.55856
G1 X158.488 Y147.757 E69.57405
G1 X158.692 Y148.031 E69.58996
G1 X158.87 Y148.328 E69.60608
G1 X159.012 Y148.63 E69.62162
G1 X159.126 Y148.947 E69.63731
G1 X159.208 Y149.277 E69.65314
G1 X159.257 Y149.61 E69.66882
G1 X159.274 Y149.95 E69.68467
G1 X159.257 Y150.29 E69.70052
G1 X159.208 Y150.623 E69.71619
G1 X159.126 Y150.953 E69.73202
G1 X159.012 Y151.27 E69.74771
G1 X158.872 Y151.568 E69.76304
G1 X158.692 Y151.869 E69.77937
G1 X158.488 Y152.143 E69.79528
G1 X158.265 Y152.39 E69.81077
G1 X158.018 Y152.613 E69.82627
G1 X157.744 Y152.817 E69.84218
G1 X157.447 Y152.995 E69.8583
G1 X157.145 Y153.137 E69.87384
G1 X156.828 Y153.251 E69.88953
G1 X156.498 Y153.333 E69.90536
G1 X156.165 Y153.382 E69.92103
G1 X155.825 Y153.399 E69.93688
G0 F9000 X155.825 Y152.959
G0 X155.879 Y152.913
;TYPE:FILL
G1 F1339.2 X157.27 Y152.541 E70.00393
G0 F9000 X157.174 Y152.592
G1 F1339.2 X158.315 Y148.335 E70.20915
G0 F9000 X158.659 Y149.063
G1 F1339.2 X152.929 Y150.598 E70.48537
G0 F9000 X153.072 Y151.064
G1 F1339.2 X154.71 Y152.701 E70.5932
G0 F9000 X154.125 Y152.381
G1 F1339.2 X155.569 Y146.993 E70.85295
G0 F9000 X153.922 Y147.671
G1 F1339.2 X158.103 Y151.852 E71.12827
G0 F9000 X158.014 Y151.772
G1 F2700 E66.12827
G0 F9000 X153.146 Y151.755
G0 X152.216 Y152.313
G0 X147.785 Y152.312
G0 X146.854 Y151.755
G0 X144.175 Y152.998
;TYPE:WALL-INNER
G1 F2700 E71.12827
G1 F669.6 X143.871 Y152.983 E71.14244
G1 X143.574 Y152.939 E71.15642
G1 X143.286 Y152.868 E71.17024
G1 X143.012 Y152.769 E71.1838
G1 X142.743 Y152.642 E71.19765
G1 X142.48 Y152.485 E71.21192
G1 X142.235 Y152.302 E71.22616
G1 X142.018 Y152.107 E71.23974
G1 X141.823 Y151.89 E71.25333
G1 X141.637 Y151.641 E71.2678
G1 X141.483 Y151.383 E71.28179
G1 X141.356 Y151.113 E71.29568
G1 X141.257 Y150.839 E71.30925
G1 X141.186 Y150.551 E71.32306
G1 X141.142 Y150.254 E71.33704
G1 X141.127 Y149.95 E71.35121
G1 X141.142 Y149.646 E71.36539
G1 X141.186 Y149.349 E71.37937
G1 X141.257 Y149.061 E71.39318
G1 X141.356 Y148.787 E71.40674
G1 X141.483 Y148.518 E71.4206
G1 X141.64 Y148.255 E71.43486
G1 X141.823 Y148.01 E71.4491
G1 X142.018 Y147.793 E71.46268
G1 X142.235 Y147.598 E71.47627
G1 X142.48 Y147.415 E71.49051
G1 X142.743 Y147.258 E71.50477
G1 X143.012 Y147.131 E71.51862
G1 X143.286 Y147.032 E71.53219
G1 X143.574 Y146.961 E71.546
G1 X143.871 Y146.917 E71.55998
G1 X144.175 Y146.902 E71.57415
G1 X144.479 Y146.917 E71.58832
G1 X144.776 Y146.961 E71.6023
G1 X145.064 Y147.032 E71.61612
G1 X145.338 Y147.131 E71.62968
G1 X145.607 Y147.258 E71.64353
G1 X145.87 Y147.415 E71.6578
G1 X146.115 Y147.598 E71.67204
G1 X146.332 Y147.793 E71.68562
G1 X146.527 Y148.01 E71.69921
G1 X146.71 Y148.255 E71.71345
G1 X146.867 Y148.518 E71.72771
G1 X146.994 Y148.787 E71.74156
G1 X147.093 Y149.061 E71.75512
G1 X147.164 Y149.349 E71.76894
G1 X147.208 Y149.646 E71.78292
G1 X147.223 Y149.95 E71.79709
G1 X147.208 Y150.254 E71.81126
G1 X147.164 Y150.551 E71.82524
G1 X147.093 Y150.839 E71.83906
G1 X146.994 Y151.113 E71.85262
G1 X146.867 Y151.383 E71.86652
G1 X146.713 Y151.641 E71.88051
G1 X146.527 Y151.89 E71.89498
G1 X146.332 Y152.107 E71.90856
G1 X146.115 Y152.302 E71.92215
G1 X145.87 Y152.485 E71.93639
G1 X145.607 Y152.642 E71.95065
G1 X145.338 Y152.769 E71.9645
G1 X145.064 Y152.868 E71.97807
G1 X144.776 Y152.939 E71.99188
G1 X144.479 Y152.983 E72.00586
G1 X144.175 Y152.998 E72.02003
G0 F9000 X144.175 Y153.399
;TYPE:WALL-OUTER
G1 F669.6 X143.835 Y153.382 E72.03588
G1 X143.502 Y153.333 E72.05156
G1 X143.172 Y153.251 E72.06739
G1 X142.855 Y153.137 E72.08308
G1 X142.553 Y152.995 E72.09862
G1 X142.256 Y152.817 E72.11474
G1 X141.982 Y152.613 E72.13065
G1 X141.735 Y152.39 E72.14614
G1 X141.512 Y152.143 E72.16164
G1 X141.308 Y151.869 E72.17754
G1 X141.128 Y151.568 E72.19387
G1 X140.988 Y151.27 E72.2092
G1 X140.874 Y150.953 E72.22489
G1 X140.792 Y150.623 E72.24072
G1 X140.743 Y150.29 E72.2564
G1 X140.726 Y149.95 E72.27225
G1 X140.743 Y149.61 E72.2881
G1 X140.792 Y149.277 E72.30377
G1 X140.874 Y148.947 E72.31961
G1 X140.988 Y148.63 E72.33529
G1 X141.13 Y148.328 E72.35083
G1 X141.308 Y148.031 E72.36696
G1 X141.512 Y147.757 E72.38286
G1 X141.735 Y147.51 E72.39836
G1 X141.982 Y147.287 E72.41385
G1 X142.256 Y147.083 E72.42976
G1 X142.553 Y146.905 E72.44588
G1 X142.855 Y146.763 E72.46142
G1 X143.172 Y146.649 E72.47711
G1 X143.502 Y146.567 E72.49294
G1 X143.835 Y146.518 E72.50861
G1 X144.175 Y146.501 E72.52447
G1 X144.515 Y146.518 E72.54032
G1 X144.848 Y146.567 E72.55599
G1 X145.178 Y146.649 E72.57182
G1 X145.495 Y146.763 E72.58751
G1 X145.797 Y146.905 E72.60305
G1 X146.094 Y147.083 E72.61917
G1 X146.368 Y147.287 E72.63508
G1 X146.615 Y147.51 E72.65057
G1 X146.838 Y147.757 E72.66607
G1 X147.042 Y148.031 E72.68198
G1 X147.22 Y148.328 E72.6981
G1 X147.362 Y148.63 E72.71364
G1 X147.476 Y148.947 E72.72932
G1 X147.558 Y149.277 E72.74516
G1 X147.607 Y149.61 E72.76083
G1 X147.624 Y149.95 E72.77668
G1 X147.607 Y150.29 E72.79253
G1 X147.558 Y150.623 E72.80821
G1 X147.476 Y150.953 E72.82404
G1 X147.362 Y151.27 E72.83973
G1 X147.222 Y151.568 E72.85506
G1 X147.042 Y151.869 E72.87139
G1 X146.838 Y152.143 E72.88729
G1 X146.615 Y152.39 E72.90279
G1 X146.368 Y152.613 E72.91829
G1 X146.094 Y152.817 E72.93419
G1 X145.797 Y152.995 E72.95031
G1 X145.495 Y153.137 E72.96585
G1 X145.178 Y153.251 E72.98154
G1 X144.848 Y153.333 E72.99737
G1 X144.515 Y153.382 E73.01305
G1 X144.175 Y153.399 E73.0289
G0 F9000 X144.175 Y152.959
G0 X144.299 Y152.91
;TYPE:FILL
G1 F1339.2 X145.571 Y152.57 E73.09021
G0 F9000 X145.891 Y152.368
G1 F1339.2 X141.755 Y148.232 E73.36257
G0 F9000 X143.094 Y147.184
G1 F1339.2 X141.857 Y151.802 E73.58518
G0 F9000 X141.283 Y150.613
G1 F1339.2 X147.014 Y149.077 E73.86146
G0 F9000 X147.071 Y149.306
G1 F1339.2 X144.819 Y147.053 E74.00979
G0 F9000 X146.071 Y147.666
G1 F1339.2 X144.676 Y152.872 E74.26076
G0 F9000 X144.66 Y152.753
G1 F2700 E69.26076
;MESH:NONMESH
G0 F300 X144.66 Y152.753 Z2.24
G0 F9000 X146.854 Y151.755
G0 X147.785 Y152.312
G0 X152.216 Y152.313
G0 X153.146 Y151.755
G0 X155.825 Y152.998
;TIME_ELAPSED:117.469955
;LAYER:7
;TYPE:WALL-INNER
;MESH:Shiny Hillar (2).stl
G1 F2700 E74.26076
G1 F666.2 X155.521 Y152.983 E74.27493
G1 X155.224 Y152.939 E74.28891
G1 X154.936 Y152.868 E74.30272
G1 X154.662 Y152.769 E74.31629
G1 X154.393 Y152.642 E74.33014
G1 X154.13 Y152.485 E74.3444
G1 X153.885 Y152.302 E74.35864
G1 X153.668 Y152.107 E74.37223
G1 X153.473 Y151.89 E74.38581
G1 X153.287 Y151.641 E74.40028
G1 X153.133 Y151.383 E74.41428
G1 X153.006 Y151.113 E74.42817
G1 X152.907 Y150.839 E74.44174
G1 X152.836 Y150.551 E74.45555
G1 X152.792 Y150.254 E74.46953
G1 X152.777 Y149.95 E74.4837
G1 X152.792 Y149.646 E74.49787
G1 X152.836 Y149.349 E74.51185
G1 X152.907 Y149.061 E74.52567
G1 X153.006 Y148.787 E74.53923
G1 X153.133 Y148.518 E74.55308
G1 X153.29 Y148.255 E74.56735
G1 X153.473 Y148.01 E74.58159
G1 X153.668 Y147.793 E74.59517
G1 X153.885 Y147.598 E74.60875
G1 X154.13 Y147.415 E74.62299
G1 X154.393 Y147.258 E74.63726
G1 X154.662 Y147.131 E74.65111
G1 X154.936 Y147.032 E74.66467
G1 X155.224 Y146.961 E74.67849
G1 X155.521 Y146.917 E74.69247
G1 X155.825 Y146.902 E74.70664
G1 X156.129 Y146.917 E74.72081
G1 X156.426 Y146.961 E74.73479
G1 X156.714 Y147.032 E74.7486
G1 X156.988 Y147.131 E74.76217
G1 X157.257 Y147.258 E74.77602
G1 X157.52 Y147.415 E74.79028
G1 X157.765 Y147.598 E74.80452
G1 X157.982 Y147.793 E74.81811
G1 X158.177 Y148.01 E74.83169
G1 X158.36 Y148.255 E74.84593
G1 X158.517 Y148.518 E74.86019
G1 X158.644 Y148.787 E74.87405
G1 X158.743 Y149.061 E74.88761
G1 X158.814 Y149.349 E74.90142
G1 X158.858 Y149.646 E74.9154
G1 X158.873 Y149.95 E74.92958
G1 X158.858 Y150.254 E74.94375
G1 X158.814 Y150.551 E74.95773
G1 X158.743 Y150.839 E74.97154
G1 X158.644 Y151.113 E74.98511
G1 X158.517 Y151.383 E74.999
G1 X158.363 Y151.641 E75.01299
G1 X158.177 Y151.89 E75.02747
G1 X157.982 Y152.107 E75.04105
G1 X157.765 Y152.302 E75.05464
G1 X157.52 Y152.485 E75.06887
G1 X157.257 Y152.642 E75.08314
G1 X156.988 Y152.769 E75.09699
G1 X156.714 Y152.868 E75.11055
G1 X156.426 Y152.939 E75.12437
G1 X156.129 Y152.983 E75.13835
G1 X155.825 Y152.998 E75.15252
G0 F9000 X155.825 Y153.399
;TYPE:WALL-OUTER
G1 F666.2 X155.485 Y153.382 E75.16837
G1 X155.152 Y153.333 E75.18404
G1 X154.822 Y153.251 E75.19988
G1 X154.505 Y153.137 E75.21556
G1 X154.203 Y152.995 E75.2311
G1 X153.906 Y152.817 E75.24723
G1 X153.632 Y152.613 E75.26313
G1 X153.385 Y152.39 E75.27863
G1 X153.162 Y152.143 E75.29412
G1 X152.958 Y151.869 E75.31003
G1 X152.778 Y151.568 E75.32636
G1 X152.638 Y151.27 E75.34169
G1 X152.524 Y150.953 E75.35738
G1 X152.442 Y150.623 E75.37321
G1 X152.393 Y150.29 E75.38888
G1 X152.376 Y149.95 E75.40474
G1 X152.393 Y149.61 E75.42059
G1 X152.442 Y149.277 E75.43626
G1 X152.524 Y148.947 E75.45209
G1 X152.638 Y148.63 E75.46778
G1 X152.78 Y148.328 E75.48332
G1 X152.958 Y148.031 E75.49944
G1 X153.162 Y147.757 E75.51535
G1 X153.385 Y147.51 E75.53084
G1 X153.632 Y147.287 E75.54634
G1 X153.906 Y147.083 E75.56225
G1 X154.203 Y146.905 E75.57837
G1 X154.505 Y146.763 E75.59391
G1 X154.822 Y146.649 E75.60959
G1 X155.152 Y146.567 E75.62543
G1 X155.485 Y146.518 E75.6411
G1 X155.825 Y146.501 E75.65695
G1 X156.165 Y146.518 E75.6728
G1 X156.498 Y146.567 E75.68848
G1 X156.828 Y146.649 E75.70431
G1 X157.145 Y146.763 E75.72
G1 X157.447 Y146.905 E75.73554
G1 X157.744 Y147.083 E75.75166
G1 X158.018 Y147.287 E75.76757
G1 X158.265 Y147.51 E75.78306
G1 X158.488 Y147.757 E75.79856
G1 X158.692 Y148.031 E75.81446
G1 X158.87 Y148.328 E75.83059
G1 X159.012 Y148.63 E75.84613
G1 X159.126 Y148.947 E75.86181
G1 X159.208 Y149.277 E75.87765
G1 X159.257 Y149.61 E75.89332
G1 X159.274 Y149.95 E75.90917
G1 X159.257 Y150.29 E75.92502
G1 X159.208 Y150.623 E75.94069
G1 X159.126 Y150.953 E75.95653
G1 X159.012 Y151.27 E75.97221
G1 X158.872 Y151.568 E75.98754
G1 X158.692 Y151.869 E76.00388
G1 X158.488 Y152.143 E76.01978
G1 X158.265 Y152.39 E76.03528
G1 X158.018 Y152.613 E76.05077
G1 X157.744 Y152.817 E76.06668
G1 X157.447 Y152.995 E76.0828
G1 X157.145 Y153.137 E76.09834
G1 X156.828 Y153.251 E76.11403
G1 X156.498 Y153.333 E76.12986
G1 X156.165 Y153.382 E76.14553
G1 X155.825 Y153.399 E76.16139
G0 F9000 X155.825 Y152.959
G0 X155.119 Y152.831
;TYPE:FILL
G1 F1332.4 X152.942 Y150.654 E76.30475
G0 F9000 X152.977 Y150.79
G1 F1332.4 X158.707 Y149.255 E76.58097
G0 F9000 X158.165 Y148.128
G1 F1332.4 X156.94 Y152.7 E76.80137
G0 F9000 X158.225 Y151.694
G1 F1332.4 X154.081 Y147.55 E77.07426
G0 F9000 X154.59 Y147.252
G1 F1332.4 X155.55 Y146.995 E77.12053
G0 F9000 X155.356 Y147.02
G1 F1332.4 X153.954 Y152.254 E77.37284
G0 F9000 X154.026 Y152.158
G1 F2700 E72.37284
G0 F9000 X153.146 Y151.755
G0 X152.216 Y152.313
G0 X147.785 Y152.312
G0 X146.854 Y151.755
G0 X144.175 Y152.998
;TYPE:WALL-INNER
G1 F2700 E77.37284
G1 F666.2 X143.871 Y152.983 E77.38701
G1 X143.574 Y152.939 E77.40099
G1 X143.286 Y152.868 E77.41481
G1 X143.012 Y152.769 E77.42837
G1 X142.743 Y152.642 E77.44222
G1 X142.48 Y152.485 E77.45649
G1 X142.235 Y152.302 E77.47073
G1 X142.018 Y152.107 E77.48431
G1 X141.823 Y151.89 E77.49789
G1 X141.637 Y151.641 E77.51237
G1 X141.483 Y151.383 E77.52636
G1 X141.356 Y151.113 E77.54025
G1 X141.257 Y150.839 E77.55382
G1 X141.186 Y150.551 E77.56763
G1 X141.142 Y150.254 E77.58161
G1 X141.127 Y149.95 E77.59578
G1 X141.142 Y149.646 E77.60996
G1 X141.186 Y149.349 E77.62394
G1 X141.257 Y149.061 E77.63775
G1 X141.356 Y148.787 E77.65131
G1 X141.483 Y148.518 E77.66517
G1 X141.64 Y148.255 E77.67943
G1 X141.823 Y148.01 E77.69367
G1 X142.018 Y147.793 E77.70725
G1 X142.235 Y147.598 E77.72084
G1 X142.48 Y147.415 E77.73508
G1 X142.743 Y147.258 E77.74934
G1 X143.012 Y147.131 E77.76319
G1 X143.286 Y147.032 E77.77676
G1 X143.574 Y146.961 E77.79057
G1 X143.871 Y146.917 E77.80455
G1 X144.175 Y146.902 E77.81872
G1 X144.479 Y146.917 E77.83289
G1 X144.776 Y146.961 E77.84687
G1 X145.064 Y147.032 E77.86069
G1 X145.338 Y147.131 E77.87425
G1 X145.607 Y147.258 E77.8881
G1 X145.87 Y147.415 E77.90237
G1 X146.115 Y147.598 E77.91661
G1 X146.332 Y147.793 E77.93019
G1 X146.527 Y148.01 E77.94378
G1 X146.71 Y148.255 E77.95801
G1 X146.867 Y148.518 E77.97228
G1 X146.994 Y148.787 E77.98613
G1 X147.093 Y149.061 E77.99969
G1 X147.164 Y149.349 E78.01351
G1 X147.208 Y149.646 E78.02749
G1 X147.223 Y149.95 E78.04166
G1 X147.208 Y150.254 E78.05583
G1 X147.164 Y150.551 E78.06981
G1 X147.093 Y150.839 E78.08363
G1 X146.994 Y151.113 E78.09719
G1 X146.867 Y151.383 E78.11108
G1 X146.713 Y151.641 E78.12508
G1 X146.527 Y151.89 E78.13955
G1 X146.332 Y152.107 E78.15313
G1 X146.115 Y152.302 E78.16672
G1 X145.87 Y152.485 E78.18096
G1 X145.607 Y152.642 E78.19522
G1 X145.338 Y152.769 E78.20907
G1 X145.064 Y152.868 E78.22264
G1 X144.776 Y152.939 E78.23645
G1 X144.479 Y152.983 E78.25043
G1 X144.175 Y152.998 E78.2646
G0 F9000 X144.175 Y153.399
;TYPE:WALL-OUTER
G1 F666.2 X143.835 Y153.382 E78.28045
G1 X143.502 Y153.333 E78.29613
G1 X143.172 Y153.251 E78.31196
G1 X142.855 Y153.137 E78.32765
G1 X142.553 Y152.995 E78.34319
G1 X142.256 Y152.817 E78.35931
G1 X141.982 Y152.613 E78.37521
G1 X141.735 Y152.39 E78.39071
G1 X141.512 Y152.143 E78.40621
G1 X141.308 Y151.869 E78.42211
G1 X141.128 Y151.568 E78.43844
G1 X140.988 Y151.27 E78.45377
G1 X140.874 Y150.953 E78.46946
G1 X140.792 Y150.623 E78.48529
G1 X140.743 Y150.29 E78.50097
G1 X140.726 Y149.95 E78.51682
G1 X140.743 Y149.61 E78.53267
G1 X140.792 Y149.277 E78.54834
G1 X140.874 Y148.947 E78.56418
G1 X140.988 Y148.63 E78.57986
G1 X141.13 Y148.328 E78.5954
G1 X141.308 Y148.031 E78.61152
G1 X141.512 Y147.757 E78.62743
G1 X141.735 Y147.51 E78.64293
G1 X141.982 Y147.287 E78.65842
G1 X142.256 Y147.083 E78.67433
G1 X142.553 Y146.905 E78.69045
G1 X142.855 Y146.763 E78.70599
G1 X143.172 Y146.649 E78.72168
G1 X143.502 Y146.567 E78.73751
G1 X143.835 Y146.518 E78.75318
G1 X144.175 Y146.501 E78.76903
G1 X144.515 Y146.518 E78.78489
G1 X144.848 Y146.567 E78.80056
G1 X145.178 Y146.649 E78.81639
G1 X145.495 Y146.763 E78.83208
G1 X145.797 Y146.905 E78.84762
G1 X146.094 Y147.083 E78.86374
G1 X146.368 Y147.287 E78.87965
G1 X146.615 Y147.51 E78.89514
G1 X146.838 Y147.757 E78.91064
G1 X147.042 Y148.031 E78.92655
G1 X147.22 Y148.328 E78.94267
G1 X147.362 Y148.63 E78.95821
G1 X147.476 Y148.947 E78.97389
G1 X147.558 Y149.277 E78.98973
G1 X147.607 Y149.61 E79.0054
G1 X147.624 Y149.95 E79.02125
G1 X147.607 Y150.29 E79.0371
G1 X147.558 Y150.623 E79.05278
G1 X147.476 Y150.953 E79.06861
G1 X147.362 Y151.27 E79.0843
G1 X147.222 Y151.568 E79.09963
G1 X147.042 Y151.869 E79.11596
G1 X146.838 Y152.143 E79.13186
G1 X146.615 Y152.39 E79.14736
G1 X146.368 Y152.613 E79.16286
G1 X146.094 Y152.817 E79.17876
G1 X145.797 Y152.995 E79.19488
G1 X145.495 Y153.137 E79.21042
G1 X145.178 Y153.251 E79.22611
G1 X144.848 Y153.333 E79.24194
G1 X144.515 Y153.382 E79.25762
G1 X144.175 Y153.399 E79.27347
G0 F9000 X144.175 Y152.959
G0 X144.463 Y152.902
;TYPE:FILL
G1 F1332.4 X145.901 Y147.537 E79.5321
G0 F9000 X145.217 Y147.172
G1 F1332.4 X146.953 Y148.907 E79.64639
G0 F9000 X147.06 Y149.27
G1 F1332.4 X141.331 Y150.805 E79.92256
G0 F9000 X141.706 Y151.6
G1 F1332.4 X142.861 Y147.289 E80.13038
G0 F9000 X142.864 Y147.288
G1 F1332.4 X143.972 Y146.991 E80.1838
G0 F9000 X141.874 Y148.071
G1 F1332.4 X146.051 Y152.248 E80.45886
G0 F9000 X145.981 Y152.153
G1 F2700 E75.45886
;MESH:NONMESH
G0 F300 X145.981 Y152.153 Z2.52
G0 F9000 X146.854 Y151.755
G0 X147.785 Y152.312
G0 X152.216 Y152.313
G0 X153.146 Y151.755
G0 X155.825 Y152.998
;TIME_ELAPSED:130.035667
;LAYER:8
;TYPE:WALL-INNER
;MESH:Shiny Hillar (2).stl
G1 F2700 E80.45886
G1 F671.7 X155.521 Y152.983 E80.47303
G1 X155.224 Y152.939 E80.48701
G1 X154.936 Y152.868 E80.50082
G1 X154.662 Y152.769 E80.51439
G1 X154.393 Y152.642 E80.52824
G1 X154.13 Y152.485 E80.5425
G1 X153.885 Y152.302 E80.55674
G1 X153.668 Y152.107 E80.57033
G1 X153.473 Y151.89 E80.58391
G1 X153.287 Y151.641 E80.59839
G1 X153.133 Y151.383 E80.61238
G1 X153.006 Y151.113 E80.62627
G1 X152.907 Y150.839 E80.63984
G1 X152.836 Y150.551 E80.65365
G1 X152.792 Y150.254 E80.66763
G1 X152.777 Y149.95 E80.6818
G1 X152.792 Y149.646 E80.69597
G1 X152.836 Y149.349 E80.70995
G1 X152.907 Y149.061 E80.72377
G1 X153.006 Y148.787 E80.73733
G1 X153.133 Y148.518 E80.75118
G1 X153.29 Y148.255 E80.76545
G1 X153.473 Y148.01 E80.77969
G1 X153.668 Y147.793 E80.79327
G1 X153.885 Y147.598 E80.80686
G1 X154.13 Y147.415 E80.82109
G1 X154.393 Y147.258 E80.83536
G1 X154.662 Y147.131 E80.84921
G1 X154.936 Y147.032 E80.86277
G1 X155.224 Y146.961 E80.87659
G1 X155.521 Y146.917 E80.89057
G1 X155.825 Y146.902 E80.90474
G1 X156.129 Y146.917 E80.91891
G1 X156.426 Y146.961 E80.93289
G1 X156.714 Y147.032 E80.94671
G1 X156.988 Y147.131 E80.96027
G1 X157.257 Y147.258 E80.97412
G1 X157.52 Y147.415 E80.98839
G1 X157.765 Y147.598 E81.00262
G1 X157.982 Y147.793 E81.01621
G1 X158.177 Y148.01 E81.02979
G1 X158.36 Y148.255 E81.04403
G1 X158.517 Y148.518 E81.0583
G1 X158.644 Y148.787 E81.07215
G1 X158.743 Y149.061 E81.08571
G1 X158.814 Y149.349 E81.09953
G1 X158.858 Y149.646 E81.11351
G1 X158.873 Y149.95 E81.12768
G1 X158.858 Y150.254 E81.14185
G1 X158.814 Y150.551 E81.15583
G1 X158.743 Y150.839 E81.16964
G1 X158.644 Y151.113 E81.18321
G1 X158.517 Y151.383 E81.1971
G1 X158.363 Y151.641 E81.21109
G1 X158.177 Y151.89 E81.22557
G1 X157.982 Y152.107 E81.23915
G1 X157.765 Y152.302 E81.25274
G1 X157.52 Y152.485 E81.26698
G1 X157.257 Y152.642 E81.28124
G1 X156.988 Y152.769 E81.29509
G1 X156.714 Y152.868 E81.30866
G1 X156.426 Y152.939 E81.32247
G1 X156.129 Y152.983 E81.33645
G1 X155.825 Y152.998 E81.35062
G0 F9000 X155.825 Y153.399
;TYPE:WALL-OUTER
G1 F671.7 X155.485 Y153.382 E81.36647
G1 X155.152 Y153.333 E81.38214
G1 X154.822 Y153.251 E81.39798
G1 X154.505 Y153.137 E81.41366
G1 X154.203 Y152.995 E81.4292
G1 X153.906 Y152.817 E81.44533
G1 X153.632 Y152.613 E81.46123
G1 X153.385 Y152.39 E81.47673
G1 X153.162 Y152.143 E81.49222
G1 X152.958 Y151.869 E81.50813
G1 X152.778 Y151.568 E81.52446
G1 X152.638 Y151.27 E81.53979
G1 X152.524 Y150.953 E81.55548
G1 X152.442 Y150.623 E81.57131
G1 X152.393 Y150.29 E81.58699
G1 X152.376 Y149.95 E81.60284
G1 X152.393 Y149.61 E81.61869
G1 X152.442 Y149.277 E81.63436
G1 X152.524 Y148.947 E81.65019
G1 X152.638 Y148.63 E81.66588
G1 X152.78 Y148.328 E81.68142
G1 X152.958 Y148.031 E81.69754
G1 X153.162 Y147.757 E81.71345
G1 X153.385 Y147.51 E81.72895
G1 X153.632 Y147.287 E81.74444
G1 X153.906 Y147.083 E81.76035
G1 X154.203 Y146.905 E81.77647
G1 X154.505 Y146.763 E81.79201
G1 X154.822 Y146.649 E81.8077
G1 X155.152 Y146.567 E81.82353
G1 X155.485 Y146.518 E81.8392
G1 X155.825 Y146.501 E81.85505
G1 X156.165 Y146.518 E81.87091
G1 X156.498 Y146.567 E81.88658
G1 X156.828 Y146.649 E81.90241
G1 X157.145 Y146.763 E81.9181
G1 X157.447 Y146.905 E81.93364
G1 X157.744 Y147.083 E81.94976
G1 X158.018 Y147.287 E81.96567
G1 X158.265 Y147.51 E81.98116
G1 X158.488 Y147.757 E81.99666
G1 X158.692 Y148.031 E82.01256
G1 X158.87 Y148.328 E82.02869
G1 X159.012 Y148.63 E82.04423
G1 X159.126 Y148.947 E82.05991
G1 X159.208 Y149.277 E82.07575
G1 X159.257 Y149.61 E82.09142
G1 X159.274 Y149.95 E82.10727
G1 X159.257 Y150.29 E82.12312
G1 X159.208 Y150.623 E82.13879
G1 X159.126 Y150.953 E82.15463
G1 X159.012 Y151.27 E82.17031
G1 X158.872 Y151.568 E82.18565
G1 X158.692 Y151.869 E82.20198
G1 X158.488 Y152.143 E82.21788
G1 X158.265 Y152.39 E82.23338
G1 X158.018 Y152.613 E82.24887
G1 X157.744 Y152.817 E82.26478
G1 X157.447 Y152.995 E82.2809
G1 X157.145 Y153.137 E82.29644
G1 X156.828 Y153.251 E82.31213
G1 X156.498 Y153.333 E82.32796
G1 X156.165 Y153.382 E82.34364
G1 X155.825 Y153.399 E82.35949
G0 F9000 X155.825 Y152.959
G0 X155.46 Y152.892
;TYPE:FILL
G1 F1343.4 X152.88 Y150.312 E82.52938
G0 F9000 X153.04 Y150.978
G1 F1343.4 X158.746 Y149.449 E82.80445
G0 F9000 X158.01 Y147.944
G1 F1343.4 X156.713 Y152.783 E83.03773
G0 F9000 X158.338 Y151.527
G1 F1343.4 X154.248 Y147.437 E83.30706
G0 F9000 X153.987 Y147.619
G1 F1343.4 X156.244 Y147.014 E83.41587
G0 F9000 X155.14 Y147.062
G1 F1343.4 X153.788 Y152.108 E83.65912
G0 F9000 X153.869 Y152.019
G1 F2700 E78.65912
G0 F9000 X153.146 Y151.755
G0 X152.216 Y152.313
G0 X147.785 Y152.312
G0 X146.854 Y151.755
G0 X144.175 Y152.998
;TYPE:WALL-INNER
G1 F2700 E83.65912
G1 F671.7 X143.871 Y152.983 E83.67329
G1 X143.574 Y152.939 E83.68727
G1 X143.286 Y152.868 E83.70109
G1 X143.012 Y152.769 E83.71465
G1 X142.743 Y152.642 E83.7285
G1 X142.48 Y152.485 E83.74277
G1 X142.235 Y152.302 E83.757
G1 X142.018 Y152.107 E83.77059
G1 X141.823 Y151.89 E83.78417
G1 X141.637 Y151.641 E83.79865
G1 X141.483 Y151.383 E83.81264
G1 X141.356 Y151.113 E83.82653
G1 X141.257 Y150.839 E83.8401
G1 X141.186 Y150.551 E83.85391
G1 X141.142 Y150.254 E83.86789
G1 X141.127 Y149.95 E83.88206
G1 X141.142 Y149.646 E83.89624
G1 X141.186 Y149.349 E83.91022
G1 X141.257 Y149.061 E83.92403
G1 X141.356 Y148.787 E83.93759
G1 X141.483 Y148.518 E83.95145
G1 X141.64 Y148.255 E83.96571
G1 X141.823 Y148.01 E83.97995
G1 X142.018 Y147.793 E83.99353
G1 X142.235 Y147.598 E84.00712
G1 X142.48 Y147.415 E84.02136
G1 X142.743 Y147.258 E84.03562
G1 X143.012 Y147.131 E84.04947
G1 X143.286 Y147.032 E84.06304
G1 X143.574 Y146.961 E84.07685
G1 X143.871 Y146.917 E84.09083
G1 X144.175 Y146.902 E84.105
G1 X144.479 Y146.917 E84.11917
G1 X144.776 Y146.961 E84.13315
G1 X145.064 Y147.032 E84.14697
G1 X145.338 Y147.131 E84.16053
G1 X145.607 Y147.258 E84.17438
G1 X145.87 Y147.415 E84.18865
G1 X146.115 Y147.598 E84.20289
G1 X146.332 Y147.793 E84.21647
G1 X146.527 Y148.01 E84.23005
G1 X146.71 Y148.255 E84.24429
G1 X146.867 Y148.518 E84.25856
G1 X146.994 Y148.787 E84.27241
G1 X147.093 Y149.061 E84.28597
G1 X147.164 Y149.349 E84.29979
G1 X147.208 Y149.646 E84.31377
G1 X147.223 Y149.95 E84.32794
G1 X147.208 Y150.254 E84.34211
G1 X147.164 Y150.551 E84.35609
G1 X147.093 Y150.839 E84.3699
G1 X146.994 Y151.113 E84.38347
G1 X146.867 Y151.383 E84.39736
G1 X146.713 Y151.641 E84.41136
G1 X146.527 Y151.89 E84.42583
G1 X146.332 Y152.107 E84.43941
G1 X146.115 Y152.302 E84.453
G1 X145.87 Y152.485 E84.46724
G1 X145.607 Y152.642 E84.4815
G1 X145.338 Y152.769 E84.49535
G1 X145.064 Y152.868 E84.50892
G1 X144.776 Y152.939 E84.52273
G1 X144.479 Y152.983 E84.53671
G1 X144.175 Y152.998 E84.55088
G0 F9000 X144.175 Y153.399
;TYPE:WALL-OUTER
G1 F671.7 X143.835 Y153.382 E84.56673
G1 X143.502 Y153.333 E84.58241
G1 X143.172 Y153.251 E84.59824
G1 X142.855 Y153.137 E84.61393
G1 X142.553 Y152.995 E84.62947
G1 X142.256 Y152.817 E84.64559
G1 X141.982 Y152.613 E84.66149
G1 X141.735 Y152.39 E84.67699
G1 X141.512 Y152.143 E84.69249
G1 X141.308 Y151.869 E84.70839
G1 X141.128 Y151.568 E84.72472
G1 X140.988 Y151.27 E84.74005
G1 X140.874 Y150.953 E84.75574
G1 X140.792 Y150.623 E84.77157
G1 X140.743 Y150.29 E84.78725
G1 X140.726 Y149.95 E84.8031
G1 X140.743 Y149.61 E84.81895
G1 X140.792 Y149.277 E84.83462
G1 X140.874 Y148.947 E84.85046
G1 X140.988 Y148.63 E84.86614
G1 X141.13 Y148.328 E84.88168
G1 X141.308 Y148.031 E84.8978
G1 X141.512 Y147.757 E84.91371
G1 X141.735 Y147.51 E84.92921
G1 X141.982 Y147.287 E84.9447
G1 X142.256 Y147.083 E84.96061
G1 X142.553 Y146.905 E84.97673
G1 X142.855 Y146.763 E84.99227
G1 X143.172 Y146.649 E85.00796
G1 X143.502 Y146.567 E85.02379
G1 X143.835 Y146.518 E85.03946
G1 X144.175 Y146.501 E85.05531
G1 X144.515 Y146.518 E85.07117
G1 X144.848 Y146.567 E85.08684
G1 X145.178 Y146.649 E85.10267
G1 X145.495 Y146.763 E85.11836
G1 X145.797 Y146.905 E85.1339
G1 X146.094 Y147.083 E85.15002
G1 X146.368 Y147.287 E85.16593
G1 X146.615 Y147.51 E85.18142
G1 X146.838 Y147.757 E85.19692
G1 X147.042 Y148.031 E85.21282
G1 X147.22 Y148.328 E85.22895
G1 X147.362 Y148.63 E85.24449
G1 X147.476 Y148.947 E85.26017
G1 X147.558 Y149.277 E85.27601
G1 X147.607 Y149.61 E85.29168
G1 X147.624 Y149.95 E85.30753
G1 X147.607 Y150.29 E85.32338
G1 X147.558 Y150.623 E85.33906
G1 X147.476 Y150.953 E85.35489
G1 X147.362 Y151.27 E85.37058
G1 X147.222 Y151.568 E85.38591
G1 X147.042 Y151.869 E85.40224
G1 X146.838 Y152.143 E85.41814
G1 X146.615 Y152.39 E85.43364
G1 X146.368 Y152.613 E85.44913
G1 X146.094 Y152.817 E85.46504
G1 X145.797 Y152.995 E85.48116
G1 X145.495 Y153.137 E85.4967
G1 X145.178 Y153.251 E85.51239
G1 X144.848 Y153.333 E85.52822
G1 X144.515 Y153.382 E85.5439
G1 X144.175 Y153.399 E85.55975
G0 F9000 X144.175 Y152.959
G0 X144.255 Y152.913
;TYPE:FILL
G1 F1343.4 X145.726 Y147.422 E85.82445
G0 F9000 X145.777 Y147.451
G1 F1343.4 X146.673 Y148.347 E85.88345
G0 F9000 X147.098 Y149.464
G1 F1343.4 X141.396 Y150.992 E86.15833
G0 F9000 X141.565 Y151.363
G1 F1343.4 X142.62 Y147.422 E86.3483
G0 F9000 X142.304 Y147.643
G1 F1343.4 X144.63 Y147.02 E86.46042
G0 F9000 X142.006 Y147.923
G1 F1343.4 X146.2 Y152.117 E86.73661
G0 F9000 X146.121 Y152.028
G1 F2700 E81.73661
;MESH:NONMESH
G0 F300 X146.121 Y152.028 Z2.8
G0 F9000 X146.854 Y151.755
G0 X147.785 Y152.312
G0 X152.216 Y152.313
G0 X153.146 Y151.755
G0 X155.825 Y152.998
;TIME_ELAPSED:142.650958
;LAYER:9
;TYPE:WALL-INNER
;MESH:Shiny Hillar (2).stl
G1 F2700 E86.73661
G1 F678.4 X155.521 Y152.983 E86.75078
G1 X155.224 Y152.939 E86.76476
G1 X154.936 Y152.868 E86.77857
G1 X154.662 Y152.769 E86.79214
G1 X154.393 Y152.642 E86.80599
G1 X154.13 Y152.485 E86.82025
G1 X153.885 Y152.302 E86.83449
G1 X153.668 Y152.107 E86.84808
G1 X153.473 Y151.89 E86.86166
G1 X153.287 Y151.641 E86.87613
G1 X153.133 Y151.383 E86.89012
G1 X153.006 Y151.113 E86.90402
G1 X152.907 Y150.839 E86.91758
G1 X152.836 Y150.551 E86.9314
G1 X152.792 Y150.254 E86.94538
G1 X152.777 Y149.95 E86.95955
G1 X152.792 Y149.646 E86.97372
G1 X152.836 Y149.349 E86.9877
G1 X152.907 Y149.061 E87.00151
G1 X153.006 Y148.787 E87.01508
G1 X153.133 Y148.518 E87.02893
G1 X153.29 Y148.255 E87.04319
G1 X153.473 Y148.01 E87.05743
G1 X153.668 Y147.793 E87.07102
G1 X153.885 Y147.598 E87.0846
G1 X154.13 Y147.415 E87.09884
G1 X154.393 Y147.258 E87.1131
G1 X154.662 Y147.131 E87.12696
G1 X154.936 Y147.032 E87.14052
G1 X155.224 Y146.961 E87.15433
G1 X155.521 Y146.917 E87.16831
G1 X155.825 Y146.902 E87.18249
G1 X156.129 Y146.917 E87.19666
G1 X156.426 Y146.961 E87.21064
G1 X156.714 Y147.032 E87.22445
G1 X156.988 Y147.131 E87.23802
G1 X157.257 Y147.258 E87.25187
G1 X157.52 Y147.415 E87.26613
G1 X157.765 Y147.598 E87.28037
G1 X157.982 Y147.793 E87.29396
G1 X158.177 Y148.01 E87.30754
G1 X158.36 Y148.255 E87.32178
G1 X158.517 Y148.518 E87.33604
G1 X158.644 Y148.787 E87.34989
G1 X158.743 Y149.061 E87.36346
G1 X158.814 Y149.349 E87.37727
G1 X158.858 Y149.646 E87.39125
G1 X158.873 Y149.95 E87.40543
G1 X158.858 Y150.254 E87.4196
G1 X158.814 Y150.551 E87.43358
G1 X158.743 Y150.839 E87.44739
G1 X158.644 Y151.113 E87.46096
G1 X158.517 Y151.383 E87.47485
G1 X158.363 Y151.641 E87.48884
G1 X158.177 Y151.89 E87.50331
G1 X157.982 Y152.107 E87.5169
G1 X157.765 Y152.302 E87.53048
G1 X157.52 Y152.485 E87.54472
G1 X157.257 Y152.642 E87.55899
G1 X156.988 Y152.769 E87.57284
G1 X156.714 Y152.868 E87.5864
G1 X156.426 Y152.939 E87.60021
G1 X156.129 Y152.983 E87.6142
G1 X155.825 Y152.998 E87.62837
G0 F9000 X155.825 Y153.399
;TYPE:WALL-OUTER
G1 F678.4 X155.485 Y153.382 E87.64422
G1 X155.152 Y153.333 E87.65989
G1 X154.822 Y153.251 E87.67573
G1 X154.505 Y153.137 E87.69141
G1 X154.203 Y152.995 E87.70695
G1 X153.906 Y152.817 E87.72307
G1 X153.632 Y152.613 E87.73898
G1 X153.385 Y152.39 E87.75448
G1 X153.162 Y152.143 E87.76997
G1 X152.958 Y151.869 E87.78588
G1 X152.778 Y151.568 E87.80221
G1 X152.638 Y151.27 E87.81754
G1 X152.524 Y150.953 E87.83323
G1 X152.442 Y150.623 E87.84906
G1 X152.393 Y150.29 E87.86473
G1 X152.376 Y149.95 E87.88058
G1 X152.393 Y149.61 E87.89644
G1 X152.442 Y149.277 E87.91211
G1 X152.524 Y148.947 E87.92794
G1 X152.638 Y148.63 E87.94363
G1 X152.78 Y148.328 E87.95917
G1 X152.958 Y148.031 E87.97529
G1 X153.162 Y147.757 E87.9912
G1 X153.385 Y147.51 E88.00669
G1 X153.632 Y147.287 E88.02219
G1 X153.906 Y147.083 E88.03809
G1 X154.203 Y146.905 E88.05422
G1 X154.505 Y146.763 E88.06976
G1 X154.822 Y146.649 E88.08544
G1 X155.152 Y146.567 E88.10128
G1 X155.485 Y146.518 E88.11695
G1 X155.825 Y146.501 E88.1328
G1 X156.165 Y146.518 E88.14865
G1 X156.498 Y146.567 E88.16433
G1 X156.828 Y146.649 E88.18016
G1 X157.145 Y146.763 E88.19585
G1 X157.447 Y146.905 E88.21138
G1 X157.744 Y147.083 E88.22751
G1 X158.018 Y147.287 E88.24341
G1 X158.265 Y147.51 E88.25891
G1 X158.488 Y147.757 E88.2744
G1 X158.692 Y148.031 E88.29031
G1 X158.87 Y148.328 E88.30643
G1 X159.012 Y148.63 E88.32197
G1 X159.126 Y148.947 E88.33766
G1 X159.208 Y149.277 E88.35349
G1 X159.257 Y149.61 E88.36917
G1 X159.274 Y149.95 E88.38502
G1 X159.257 Y150.29 E88.40087
G1 X159.208 Y150.623 E88.41654
G1 X159.126 Y150.953 E88.43238
G1 X159.012 Y151.27 E88.44806
G1 X158.872 Y151.568 E88.46339
G1 X158.692 Y151.869 E88.47972
G1 X158.488 Y152.143 E88.49563
G1 X158.265 Y152.39 E88.51113
G1 X158.018 Y152.613 E88.52662
G1 X157.744 Y152.817 E88.54253
G1 X157.447 Y152.995 E88.55865
G1 X157.145 Y153.137 E88.57419
G1 X156.828 Y153.251 E88.58988
G1 X156.498 Y153.333 E88.60571
G1 X156.165 Y153.382 E88.62138
G1 X155.825 Y153.399 E88.63723
G0 F9000 X155.825 Y152.959
G0 X155.761 Y152.913
;TYPE:FILL
G1 F1356.9 X152.86 Y150.011 E88.8283
G0 F9000 X153.116 Y151.163
G1 F1356.9 X158.775 Y149.646 E89.10111
G0 F9000 X158.442 Y151.351
G1 F1356.9 X154.422 Y147.332 E89.3658
G0 F9000 X154.919 Y147.121
G1 F1356.9 X153.627 Y151.943 E89.59826
G0 F9000 X156.493 Y152.84
G1 F1356.9 X157.849 Y147.779 E89.84223
G0 F9000 X156.675 Y147.103
G1 F1356.9 X153.668 Y147.909 E89.98719
G0 F9000 X153.759 Y147.991
G1 F2700 E84.98719
G0 F9000 X152.612 Y149.629
G0 X151.527 Y149.575
G0 X148.305 Y151.203
G0 X147.159 Y151.186
G0 X144.175 Y152.998
;TYPE:WALL-INNER
G1 F2700 E89.98719
G1 F678.4 X143.871 Y152.983 E90.00136
G1 X143.574 Y152.939 E90.01534
G1 X143.286 Y152.868 E90.02916
G1 X143.012 Y152.769 E90.04272
G1 X142.743 Y152.642 E90.05657
G1 X142.48 Y152.485 E90.07084
G1 X142.235 Y152.302 E90.08508
G1 X142.018 Y152.107 E90.09866
G1 X141.823 Y151.89 E90.11225
G1 X141.637 Y151.641 E90.12672
G1 X141.483 Y151.383 E90.14071
G1 X141.356 Y151.113 E90.1546
G1 X141.257 Y150.839 E90.16817
G1 X141.186 Y150.551 E90.18198
G1 X141.142 Y150.254 E90.19596
G1 X141.127 Y149.95 E90.21013
G1 X141.142 Y149.646 E90.22431
G1 X141.186 Y149.349 E90.23829
G1 X141.257 Y149.061 E90.2521
G1 X141.356 Y148.787 E90.26566
G1 X141.483 Y148.518 E90.27952
G1 X141.64 Y148.255 E90.29378
G1 X141.823 Y148.01 E90.30802
G1 X142.018 Y147.793 E90.3216
G1 X142.235 Y147.598 E90.33519
G1 X142.48 Y147.415 E90.34943
G1 X142.743 Y147.258 E90.36369
G1 X143.012 Y147.131 E90.37754
G1 X143.286 Y147.032 E90.39111
G1 X143.574 Y146.961 E90.40492
G1 X143.871 Y146.917 E90.4189
G1 X144.175 Y146.902 E90.43307
G1 X144.479 Y146.917 E90.44724
G1 X144.776 Y146.961 E90.46123
G1 X145.064 Y147.032 E90.47504
G1 X145.338 Y147.131 E90.4886
G1 X145.607 Y147.258 E90.50245
G1 X145.87 Y147.415 E90.51672
G1 X146.115 Y147.598 E90.53096
G1 X146.332 Y147.793 E90.54454
G1 X146.527 Y148.01 E90.55813
G1 X146.71 Y148.255 E90.57237
G1 X146.867 Y148.518 E90.58663
G1 X146.994 Y148.787 E90.60048
G1 X147.093 Y149.061 E90.61405
G1 X147.164 Y149.349 E90.62786
G1 X147.208 Y149.646 E90.64184
G1 X147.223 Y149.95 E90.65601
G1 X147.208 Y150.254 E90.67018
G1 X147.164 Y150.551 E90.68416
G1 X147.093 Y150.839 E90.69798
G1 X146.994 Y151.113 E90.71154
G1 X146.867 Y151.383 E90.72544
G1 X146.713 Y151.641 E90.73943
G1 X146.527 Y151.89 E90.7539
G1 X146.332 Y152.107 E90.76748
G1 X146.115 Y152.302 E90.78107
G1 X145.87 Y152.485 E90.79531
G1 X145.607 Y152.642 E90.80957
G1 X145.338 Y152.769 E90.82342
G1 X145.064 Y152.868 E90.83699
G1 X144.776 Y152.939 E90.8508
G1 X144.479 Y152.983 E90.86478
G1 X144.175 Y152.998 E90.87895
G0 F9000 X144.175 Y153.399
;TYPE:WALL-OUTER
G1 F678.4 X143.835 Y153.382 E90.8948
G1 X143.502 Y153.333 E90.91048
G1 X143.172 Y153.251 E90.92631
G1 X142.855 Y153.137 E90.942
G1 X142.553 Y152.995 E90.95754
G1 X142.256 Y152.817 E90.97366
G1 X141.982 Y152.613 E90.98957
G1 X141.735 Y152.39 E91.00506
G1 X141.512 Y152.143 E91.02056
G1 X141.308 Y151.869 E91.03646
G1 X141.128 Y151.568 E91.05279
G1 X140.988 Y151.27 E91.06812
G1 X140.874 Y150.953 E91.08381
G1 X140.792 Y150.623 E91.09964
G1 X140.743 Y150.29 E91.11532
G1 X140.726 Y149.95 E91.13117
G1 X140.743 Y149.61 E91.14702
G1 X140.792 Y149.277 E91.16269
G1 X140.874 Y148.947 E91.17853
G1 X140.988 Y148.63 E91.19421
G1 X141.13 Y148.328 E91.20975
G1 X141.308 Y148.031 E91.22588
G1 X141.512 Y147.757 E91.24178
G1 X141.735 Y147.51 E91.25728
G1 X141.982 Y147.287 E91.27277
G1 X142.256 Y147.083 E91.28868
G1 X142.553 Y146.905 E91.3048
G1 X142.855 Y146.763 E91.32034
G1 X143.172 Y146.649 E91.33603
G1 X143.502 Y146.567 E91.35186
G1 X143.835 Y146.518 E91.36753
G1 X144.175 Y146.501 E91.38339
G1 X144.515 Y146.518 E91.39924
G1 X144.848 Y146.567 E91.41491
G1 X145.178 Y146.649 E91.43074
G1 X145.495 Y146.763 E91.44643
G1 X145.797 Y146.905 E91.46197
G1 X146.094 Y147.083 E91.47809
G1 X146.368 Y147.287 E91.494
G1 X146.615 Y147.51 E91.50949
G1 X146.838 Y147.757 E91.52499
G1 X147.042 Y148.031 E91.5409
G1 X147.22 Y148.328 E91.55702
G1 X147.362 Y148.63 E91.57256
G1 X147.476 Y148.947 E91.58824
G1 X147.558 Y149.277 E91.60408
G1 X147.607 Y149.61 E91.61975
G1 X147.624 Y149.95 E91.6356
G1 X147.607 Y150.29 E91.65145
G1 X147.558 Y150.623 E91.66713
G1 X147.476 Y150.953 E91.68296
G1 X147.362 Y151.27 E91.69865
G1 X147.222 Y151.568 E91.71398
G1 X147.042 Y151.869 E91.73031
G1 X146.838 Y152.143 E91.74622
G1 X146.615 Y152.39 E91.76171
G1 X146.368 Y152.613 E91.77721
G1 X146.094 Y152.817 E91.79311
G1 X145.797 Y152.995 E91.80924
G1 X145.495 Y153.137 E91.82477
G1 X145.178 Y153.251 E91.84046
G1 X144.848 Y153.333 E91.85629
G1 X144.515 Y153.382 E91.87197
G1 X144.175 Y153.399 E91.88782
G0 F9000 X144.175 Y152.959
G0 X144.051 Y152.911
;TYPE:FILL
G1 F1356.9 X145.549 Y147.318 E92.15743
G0 F9000 X145.053 Y147.112
G1 F1356.9 X142 Y147.93 E92.30461
G0 F9000 X142.146 Y147.783
G1 F1356.9 X146.341 Y151.978 E92.58085
G0 F9000 X147.127 Y149.662
G1 F1356.9 X141.473 Y151.177 E92.85342
G0 F9000 X141.433 Y151.09
G1 F1356.9 X142.369 Y147.595 E93.02189
G0 F9000 X141.682 Y151.561
G1 F1356.9 X142.558 Y152.438 E93.07961
G0 F9000 X142.62 Y152.335
G1 F2700 E88.07961
;MESH:NONMESH
G0 F300 X142.62 Y152.335 Z3.08
G0 F9000 X146.854 Y151.755
G0 X147.785 Y152.312
G0 X152.216 Y152.313
G0 X153.146 Y151.755
G0 X155.825 Y152.998
;TIME_ELAPSED:155.468623
;LAYER:10
;TYPE:WALL-INNER
;MESH:Shiny Hillar (2).stl
G1 F2700 E93.07961
G1 F684 X155.521 Y152.983 E93.09378
G1 X155.224 Y152.939 E93.10777
G1 X154.936 Y152.868 E93.12158
G1 X154.662 Y152.769 E93.13514
G1 X154.393 Y152.642 E93.14899
G1 X154.13 Y152.485 E93.16326
G1 X153.885 Y152.302 E93.1775
G1 X153.668 Y152.107 E93.19108
G1 X153.473 Y151.89 E93.20467
G1 X153.287 Y151.641 E93.21914
G1 X153.133 Y151.383 E93.23313
G1 X153.006 Y151.113 E93.24702
G1 X152.907 Y150.839 E93.26059
G1 X152.836 Y150.551 E93.2744
G1 X152.792 Y150.254 E93.28838
G1 X152.777 Y149.95 E93.30255
G1 X152.792 Y149.646 E93.31673
G1 X152.836 Y149.349 E93.33071
G1 X152.907 Y149.061 E93.34452
G1 X153.006 Y148.787 E93.35808
G1 X153.133 Y148.518 E93.37194
G1 X153.29 Y148.255 E93.3862
G1 X153.473 Y148.01 E93.40044
G1 X153.668 Y147.793 E93.41402
G1 X153.885 Y147.598 E93.42761
G1 X154.13 Y147.415 E93.44185
G1 X154.393 Y147.258 E93.45611
G1 X154.662 Y147.131 E93.46996
G1 X154.936 Y147.032 E93.48353
G1 X155.224 Y146.961 E93.49734
G1 X155.521 Y146.917 E93.51132
G1 X155.825 Y146.902 E93.52549
G1 X156.129 Y146.917 E93.53967
G1 X156.426 Y146.961 E93.55365
G1 X156.714 Y147.032 E93.56746
G1 X156.988 Y147.131 E93.58102
G1 X157.257 Y147.258 E93.59488
G1 X157.52 Y147.415 E93.60914
G1 X157.765 Y147.598 E93.62338
G1 X157.982 Y147.793 E93.63696
G1 X158.177 Y148.01 E93.65055
G1 X158.36 Y148.255 E93.66479
G1 X158.517 Y148.518 E93.67905
G1 X158.644 Y148.787 E93.6929
G1 X158.743 Y149.061 E93.70647
G1 X158.814 Y149.349 E93.72028
G1 X158.858 Y149.646 E93.73426
G1 X158.873 Y149.95 E93.74843
G1 X158.858 Y150.254 E93.7626
G1 X158.814 Y150.551 E93.77658
G1 X158.743 Y150.839 E93.7904
G1 X158.644 Y151.113 E93.80396
G1 X158.517 Y151.383 E93.81786
G1 X158.363 Y151.641 E93.83185
G1 X158.177 Y151.89 E93.84632
G1 X157.982 Y152.107 E93.8599
G1 X157.765 Y152.302 E93.87349
G1 X157.52 Y152.485 E93.88773
G1 X157.257 Y152.642 E93.90199
G1 X156.988 Y152.769 E93.91584
G1 X156.714 Y152.868 E93.92941
G1 X156.426 Y152.939 E93.94322
G1 X156.129 Y152.983 E93.9572
G1 X155.825 Y152.998 E93.97137
G0 F9000 X155.825 Y153.399
;TYPE:WALL-OUTER
G1 F684 X155.485 Y153.382 E93.98722
G1 X155.152 Y153.333 E94.0029
G1 X154.822 Y153.251 E94.01873
G1 X154.505 Y153.137 E94.03442
G1 X154.203 Y152.995 E94.04996
G1 X153.906 Y152.817 E94.06608
G1 X153.632 Y152.613 E94.08199
G1 X153.385 Y152.39 E94.09748
G1 X153.162 Y152.143 E94.11298
G1 X152.958 Y151.869 E94.12888
G1 X152.778 Y151.568 E94.14521
G1 X152.638 Y151.27 E94.16055
G1 X152.524 Y150.953 E94.17623
G1 X152.442 Y150.623 E94.19206
G1 X152.393 Y150.29 E94.20774
G1 X152.376 Y149.95 E94.22359
G1 X152.393 Y149.61 E94.23944
G1 X152.442 Y149.277 E94.25511
G1 X152.524 Y148.947 E94.27095
G1 X152.638 Y148.63 E94.28663
G1 X152.78 Y148.328 E94.30217
G1 X152.958 Y148.031 E94.3183
G1 X153.162 Y147.757 E94.3342
G1 X153.385 Y147.51 E94.3497
G1 X153.632 Y147.287 E94.36519
G1 X153.906 Y147.083 E94.3811
G1 X154.203 Y146.905 E94.39722
G1 X154.505 Y146.763 E94.41276
G1 X154.822 Y146.649 E94.42845
G1 X155.152 Y146.567 E94.44428
G1 X155.485 Y146.518 E94.45995
G1 X155.825 Y146.501 E94.47581
G1 X156.165 Y146.518 E94.49166
G1 X156.498 Y146.567 E94.50733
G1 X156.828 Y146.649 E94.52316
G1 X157.145 Y146.763 E94.53885
G1 X157.447 Y146.905 E94.55439
G1 X157.744 Y147.083 E94.57051
G1 X158.018 Y147.287 E94.58642
G1 X158.265 Y147.51 E94.60191
G1 X158.488 Y147.757 E94.61741
G1 X158.692 Y148.031 E94.63332
G1 X158.87 Y148.328 E94.64944
G1 X159.012 Y148.63 E94.66498
G1 X159.126 Y148.947 E94.68067
G1 X159.208 Y149.277 E94.6965
G1 X159.257 Y149.61 E94.71217
G1 X159.274 Y149.95 E94.72802
G1 X159.257 Y150.29 E94.74387
G1 X159.208 Y150.623 E94.75955
G1 X159.126 Y150.953 E94.77538
G1 X159.012 Y151.27 E94.79107
G1 X158.872 Y151.568 E94.8064
G1 X158.692 Y151.869 E94.82273
G1 X158.488 Y152.143 E94.83864
G1 X158.265 Y152.39 E94.85413
G1 X158.018 Y152.613 E94.86963
G1 X157.744 Y152.817 E94.88553
G1 X157.447 Y152.995 E94.90166
G1 X157.145 Y153.137 E94.9172
G1 X156.828 Y153.251 E94.93288
G1 X156.498 Y153.333 E94.94871
G1 X156.165 Y153.382 E94.96439
G1 X155.825 Y153.399 E94.98024
G0 F9000 X155.825 Y152.959
G0 X156.034 Y152.906
;TYPE:FILL
G1 F1368 X152.867 Y149.739 E95.18879
G0 F9000 X153.202 Y151.345
G1 F1368 X158.786 Y149.849 E95.45798
G0 F9000 X158.532 Y151.161
G1 F1368 X154.613 Y147.242 E95.71605
G0 F9000 X154.692 Y147.204
G1 F1368 X153.472 Y151.757 E95.93553
G0 F9000 X156.277 Y152.879
G1 F1368 X157.683 Y147.634 E96.18839
G0 F9000 X156.995 Y147.223
G1 F1368 X153.449 Y148.173 E96.35933
G0 F9000 X153.546 Y148.246
G1 F2700 E91.35933
G0 F9000 X152.612 Y149.629
G0 X151.527 Y149.575
G0 X148.305 Y151.203
G0 X147.159 Y151.186
G0 X144.175 Y152.998
;TYPE:WALL-INNER
G1 F2700 E96.35933
G1 F684 X143.871 Y152.983 E96.3735
G1 X143.574 Y152.939 E96.38748
G1 X143.286 Y152.868 E96.40129
G1 X143.012 Y152.769 E96.41486
G1 X142.743 Y152.642 E96.42871
G1 X142.48 Y152.485 E96.44297
G1 X142.235 Y152.302 E96.45721
G1 X142.018 Y152.107 E96.4708
G1 X141.823 Y151.89 E96.48438
G1 X141.637 Y151.641 E96.49885
G1 X141.483 Y151.383 E96.51284
G1 X141.356 Y151.113 E96.52674
G1 X141.257 Y150.839 E96.5403
G1 X141.186 Y150.551 E96.55411
G1 X141.142 Y150.254 E96.5681
G1 X141.127 Y149.95 E96.58227
G1 X141.142 Y149.646 E96.59644
G1 X141.186 Y149.349 E96.61042
G1 X141.257 Y149.061 E96.62423
G1 X141.356 Y148.787 E96.6378
G1 X141.483 Y148.518 E96.65165
G1 X141.64 Y148.255 E96.66591
G1 X141.823 Y148.01 E96.68015
G1 X142.018 Y147.793 E96.69374
G1 X142.235 Y147.598 E96.70732
G1 X142.48 Y147.415 E96.72156
G1 X142.743 Y147.258 E96.73582
G1 X143.012 Y147.131 E96.74968
G1 X143.286 Y147.032 E96.76324
G1 X143.574 Y146.961 E96.77705
G1 X143.871 Y146.917 E96.79103
G1 X144.175 Y146.902 E96.80521
G1 X144.479 Y146.917 E96.81938
G1 X144.776 Y146.961 E96.83336
G1 X145.064 Y147.032 E96.84717
G1 X145.338 Y147.131 E96.86074
G1 X145.607 Y147.258 E96.87459
G1 X145.87 Y147.415 E96.88885
G1 X146.115 Y147.598 E96.90309
G1 X146.332 Y147.793 E96.91668
G1 X146.527 Y148.01 E96.93026
G1 X146.71 Y148.255 E96.9445
G1 X146.867 Y148.518 E96.95876
G1 X146.994 Y148.787 E96.97261
G1 X147.093 Y149.061 E96.98618
G1 X147.164 Y149.349 E96.99999
G1 X147.208 Y149.646 E97.01397
G1 X147.223 Y149.95 E97.02814
G1 X147.208 Y150.254 E97.04232
G1 X147.164 Y150.551 E97.0563
G1 X147.093 Y150.839 E97.07011
G1 X146.994 Y151.113 E97.08368
G1 X146.867 Y151.383 E97.09757
G1 X146.713 Y151.641 E97.11156
G1 X146.527 Y151.89 E97.12603
G1 X146.332 Y152.107 E97.13962
G1 X146.115 Y152.302 E97.1532
G1 X145.87 Y152.485 E97.16744
G1 X145.607 Y152.642 E97.1817
G1 X145.338 Y152.769 E97.19556
G1 X145.064 Y152.868 E97.20912
G1 X144.776 Y152.939 E97.22293
G1 X144.479 Y152.983 E97.23691
G1 X144.175 Y152.998 E97.25109
G0 F9000 X144.175 Y153.399
;TYPE:WALL-OUTER
G1 F684 X143.835 Y153.382 E97.26694
G1 X143.502 Y153.333 E97.28261
G1 X143.172 Y153.251 E97.29844
G1 X142.855 Y153.137 E97.31413
G1 X142.553 Y152.995 E97.32967
G1 X142.256 Y152.817 E97.34579
G1 X141.982 Y152.613 E97.3617
G1 X141.735 Y152.39 E97.3772
G1 X141.512 Y152.143 E97.39269
G1 X141.308 Y151.869 E97.4086
G1 X141.128 Y151.568 E97.42493
G1 X140.988 Y151.27 E97.44026
G1 X140.874 Y150.953 E97.45595
G1 X140.792 Y150.623 E97.47178
G1 X140.743 Y150.29 E97.48745
G1 X140.726 Y149.95 E97.5033
G1 X140.743 Y149.61 E97.51915
G1 X140.792 Y149.277 E97.53483
G1 X140.874 Y148.947 E97.55066
G1 X140.988 Y148.63 E97.56635
G1 X141.13 Y148.328 E97.58189
G1 X141.308 Y148.031 E97.59801
G1 X141.512 Y147.757 E97.61392
G1 X141.735 Y147.51 E97.62941
G1 X141.982 Y147.287 E97.64491
G1 X142.256 Y147.083 E97.66081
G1 X142.553 Y146.905 E97.67694
G1 X142.855 Y146.763 E97.69248
G1 X143.172 Y146.649 E97.70816
G1 X143.502 Y146.567 E97.724
G1 X143.835 Y146.518 E97.73967
G1 X144.175 Y146.501 E97.75552
G1 X144.515 Y146.518 E97.77137
G1 X144.848 Y146.567 E97.78704
G1 X145.178 Y146.649 E97.80288
G1 X145.495 Y146.763 E97.81856
G1 X145.797 Y146.905 E97.8341
G1 X146.094 Y147.083 E97.85023
G1 X146.368 Y147.287 E97.86613
G1 X146.615 Y147.51 E97.88163
G1 X146.838 Y147.757 E97.89712
G1 X147.042 Y148.031 E97.91303
G1 X147.22 Y148.328 E97.92915
G1 X147.362 Y148.63 E97.94469
G1 X147.476 Y148.947 E97.96038
G1 X147.558 Y149.277 E97.97621
G1 X147.607 Y149.61 E97.99189
G1 X147.624 Y149.95 E98.00774
G1 X147.607 Y150.29 E98.02359
G1 X147.558 Y150.623 E98.03926
G1 X147.476 Y150.953 E98.05509
G1 X147.362 Y151.27 E98.07078
G1 X147.222 Y151.568 E98.08611
G1 X147.042 Y151.869 E98.10244
G1 X146.838 Y152.143 E98.11835
G1 X146.615 Y152.39 E98.13384
G1 X146.368 Y152.613 E98.14934
G1 X146.094 Y152.817 E98.16525
G1 X145.797 Y152.995 E98.18137
G1 X145.495 Y153.137 E98.19691
G1 X145.178 Y153.251 E98.2126
G1 X144.848 Y153.333 E98.22843
G1 X144.515 Y153.382 E98.2441
G1 X144.175 Y153.399 E98.25995
G0 F9000 X144.175 Y152.959
G0 X143.849 Y152.898
;TYPE:FILL
G1 F1368 X145.367 Y147.233 E98.53305
G0 F9000 X145.366 Y147.233
G1 F1368 X141.785 Y148.192 E98.70567
G0 F9000 X142.104 Y147.821
G1 F1368 X141.317 Y150.755 E98.84712
G0 F9000 X141.399 Y150.999
G1 F1368 X143.123 Y152.723 E98.96064
G0 F9000 X141.56 Y151.358
G1 F1368 X147.137 Y149.864 E99.22949
G0 F9000 X146.472 Y151.829
G1 F1368 X142.294 Y147.651 E99.50462
G0 F9000 X142.366 Y147.749
G1 F2700 E94.50462
;MESH:NONMESH
G0 F300 X142.366 Y147.749 Z3.36
G0 F9000 X147.342 Y150.584
G0 X148.394 Y150.846
G0 X152.216 Y152.313
G0 X153.146 Y151.755
G0 X155.825 Y152.998
;TIME_ELAPSED:168.168061
;LAYER:11
;TYPE:WALL-INNER
;MESH:Shiny Hillar (2).stl
G1 F2700 E99.50462
G1 F687.6 X155.521 Y152.983 E99.51879
G1 X155.224 Y152.939 E99.53277
G1 X154.936 Y152.868 E99.54658
G1 X154.662 Y152.769 E99.56015
G1 X154.393 Y152.642 E99.574
G1 X154.13 Y152.485 E99.58826
G1 X153.885 Y152.302 E99.6025
G1 X153.668 Y152.107 E99.61609
G1 X153.473 Y151.89 E99.62967
G1 X153.287 Y151.641 E99.64414
G1 X153.133 Y151.383 E99.65814
G1 X153.006 Y151.113 E99.67203
G1 X152.907 Y150.839 E99.6856
G1 X152.836 Y150.551 E99.69941
G1 X152.792 Y150.254 E99.71339
G1 X152.777 Y149.95 E99.72756
G1 X152.792 Y149.646 E99.74173
G1 X152.836 Y149.349 E99.75571
G1 X152.907 Y149.061 E99.76953
G1 X153.006 Y148.787 E99.78309
G1 X153.133 Y148.518 E99.79694
G1 X153.29 Y148.255 E99.81121
G1 X153.473 Y148.01 E99.82544
G1 X153.668 Y147.793 E99.83903
G1 X153.885 Y147.598 E99.85261
G1 X154.13 Y147.415 E99.86685
G1 X154.393 Y147.258 E99.88112
G1 X154.662 Y147.131 E99.89497
G1 X154.936 Y147.032 E99.90853
G1 X155.224 Y146.961 E99.92235
G1 X155.521 Y146.917 E99.93633
G1 X155.825 Y146.902 E99.9505
G1 X156.129 Y146.917 E99.96467
G1 X156.426 Y146.961 E99.97865
G1 X156.714 Y147.032 E99.99246
G1 X156.988 Y147.131 E100.00603
G1 X157.257 Y147.258 E100.01988
G1 X157.52 Y147.415 E100.03414
G1 X157.765 Y147.598 E100.04838
G1 X157.982 Y147.793 E100.06197
G1 X158.177 Y148.01 E100.07555
G1 X158.36 Y148.255 E100.08979
G1 X158.517 Y148.518 E100.10405
G1 X158.644 Y148.787 E100.11791
G1 X158.743 Y149.061 E100.13147
G1 X158.814 Y149.349 E100.14528
G1 X158.858 Y149.646 E100.15926
G1 X158.873 Y149.95 E100.17344
G1 X158.858 Y150.254 E100.18761
G1 X158.814 Y150.551 E100.20159
G1 X158.743 Y150.839 E100.2154
G1 X158.644 Y151.113 E100.22897
G1 X158.517 Y151.383 E100.24286
G1 X158.363 Y151.641 E100.25685
G1 X158.177 Y151.89 E100.27133
G1 X157.982 Y152.107 E100.28491
G1 X157.765 Y152.302 E100.29849
G1 X157.52 Y152.485 E100.31273
G1 X157.257 Y152.642 E100.327
G1 X156.988 Y152.769 E100.34085
G1 X156.714 Y152.868 E100.35441
G1 X156.426 Y152.939 E100.36823
G1 X156.129 Y152.983 E100.38221
G1 X155.825 Y152.998 E100.39638
G0 F9000 X155.825 Y153.399
;TYPE:WALL-OUTER
G1 F687.6 X155.485 Y153.382 E100.41223
G1 X155.152 Y153.333 E100.4279
G1 X154.822 Y153.251 E100.44374
G1 X154.505 Y153.137 E100.45942
G1 X154.203 Y152.995 E100.47496
G1 X153.906 Y152.817 E100.49109
G1 X153.632 Y152.613 E100.50699
G1 X153.385 Y152.39 E100.52249
G1 X153.162 Y152.143 E100.53798
G1 X152.958 Y151.869 E100.55389
G1 X152.778 Y151.568 E100.57022
G1 X152.638 Y151.27 E100.58555
G1 X152.524 Y150.953 E100.60124
G1 X152.442 Y150.623 E100.61707
G1 X152.393 Y150.29 E100.63274
G1 X152.376 Y149.95 E100.6486
G1 X152.393 Y149.61 E100.66445
G1 X152.442 Y149.277 E100.68012
G1 X152.524 Y148.947 E100.69595
G1 X152.638 Y148.63 E100.71164
G1 X152.78 Y148.328 E100.72718
G1 X152.958 Y148.031 E100.7433
G1 X153.162 Y147.757 E100.75921
G1 X153.385 Y147.51 E100.7747
G1 X153.632 Y147.287 E100.7902
G1 X153.906 Y147.083 E100.80611
G1 X154.203 Y146.905 E100.82223
G1 X154.505 Y146.763 E100.83777
G1 X154.822 Y146.649 E100.85345
G1 X155.152 Y146.567 E100.86929
G1 X155.485 Y146.518 E100.88496
G1 X155.825 Y146.501 E100.90081
G1 X156.165 Y146.518 E100.91666
G1 X156.498 Y146.567 E100.93234
G1 X156.828 Y146.649 E100.94817
G1 X157.145 Y146.763 E100.96386
G1 X157.447 Y146.905 E100.9794
G1 X157.744 Y147.083 E100.99552
G1 X158.018 Y147.287 E101.01143
G1 X158.265 Y147.51 E101.02692
G1 X158.488 Y147.757 E101.04242
G1 X158.692 Y148.031 E101.05832
G1 X158.87 Y148.328 E101.07445
G1 X159.012 Y148.63 E101.08999
G1 X159.126 Y148.947 E101.10567
G1 X159.208 Y149.277 E101.12151
G1 X159.257 Y149.61 E101.13718
G1 X159.274 Y149.95 E101.15303
G1 X159.257 Y150.29 E101.16888
G1 X159.208 Y150.623 E101.18455
G1 X159.126 Y150.953 E101.20039
G1 X159.012 Y151.27 E101.21607
G1 X158.872 Y151.568 E101.2314
G1 X158.692 Y151.869 E101.24774
G1 X158.488 Y152.143 E101.26364
G1 X158.265 Y152.39 E101.27914
G1 X158.018 Y152.613 E101.29463
G1 X157.744 Y152.817 E101.31054
G1 X157.447 Y152.995 E101.32666
G1 X157.145 Y153.137 E101.3422
G1 X156.828 Y153.251 E101.35789
G1 X156.498 Y153.333 E101.37372
G1 X156.165 Y153.382 E101.38939
G1 X155.825 Y153.399 E101.40525
G0 F9000 X155.825 Y152.959
G0 X156.065 Y152.905
;TYPE:FILL
G1 F1375.2 X157.512 Y147.508 E101.66543
G0 F9000 X157.266 Y147.355
G1 F1375.2 X153.281 Y148.423 E101.85754
G0 F9000 X152.895 Y149.487
G1 F1375.2 X156.286 Y152.877 E102.08081
G0 F9000 X158.613 Y150.962
G1 F1375.2 X154.812 Y147.161 E102.33111
G0 F9000 X154.458 Y147.314
G1 F1375.2 X153.324 Y151.547 E102.53516
G0 F9000 X153.307 Y151.522
G1 F1375.2 X158.785 Y150.054 E102.79924
G0 F9000 X158.668 Y150.047
G1 F2700 E97.79924
G0 F9000 X152.734 Y150.889
G0 X151.683 Y151.152
G0 X147.785 Y152.312
G0 X146.854 Y151.755
G0 X144.175 Y152.998
;TYPE:WALL-INNER
G1 F2700 E102.79924
G1 F687.6 X143.871 Y152.983 E102.81342
G1 X143.574 Y152.939 E102.8274
G1 X143.286 Y152.868 E102.84121
G1 X143.012 Y152.769 E102.85477
G1 X142.743 Y152.642 E102.86863
G1 X142.48 Y152.485 E102.88289
G1 X142.235 Y152.302 E102.89713
G1 X142.018 Y152.107 E102.91071
G1 X141.823 Y151.89 E102.9243
G1 X141.637 Y151.641 E102.93877
G1 X141.483 Y151.383 E102.95276
G1 X141.356 Y151.113 E102.96665
G1 X141.257 Y150.839 E102.98022
G1 X141.186 Y150.551 E102.99403
G1 X141.142 Y150.254 E103.00801
G1 X141.127 Y149.95 E103.02219
G1 X141.142 Y149.646 E103.03636
G1 X141.186 Y149.349 E103.05034
G1 X141.257 Y149.061 E103.06415
G1 X141.356 Y148.787 E103.07772
G1 X141.483 Y148.518 E103.09157
G1 X141.64 Y148.255 E103.10583
G1 X141.823 Y148.01 E103.12007
G1 X142.018 Y147.793 E103.13365
G1 X142.235 Y147.598 E103.14724
G1 X142.48 Y147.415 E103.16148
G1 X142.743 Y147.258 E103.17574
G1 X143.012 Y147.131 E103.18959
G1 X143.286 Y147.032 E103.20316
G1 X143.574 Y146.961 E103.21697
G1 X143.871 Y146.917 E103.23095
G1 X144.175 Y146.902 E103.24512
G1 X144.479 Y146.917 E103.2593
G1 X144.776 Y146.961 E103.27328
G1 X145.064 Y147.032 E103.28709
G1 X145.338 Y147.131 E103.30065
G1 X145.607 Y147.258 E103.31451
G1 X145.87 Y147.415 E103.32877
G1 X146.115 Y147.598 E103.34301
G1 X146.332 Y147.793 E103.35659
G1 X146.527 Y148.01 E103.37018
G1 X146.71 Y148.255 E103.38442
G1 X146.867 Y148.518 E103.39868
G1 X146.994 Y148.787 E103.41253
G1 X147.093 Y149.061 E103.4261
G1 X147.164 Y149.349 E103.43991
G1 X147.208 Y149.646 E103.45389
G1 X147.223 Y149.95 E103.46806
G1 X147.208 Y150.254 E103.48224
G1 X147.164 Y150.551 E103.49622
G1 X147.093 Y150.839 E103.51003
G1 X146.994 Y151.113 E103.52359
G1 X146.867 Y151.383 E103.53749
G1 X146.713 Y151.641 E103.55148
G1 X146.527 Y151.89 E103.56595
G1 X146.332 Y152.107 E103.57954
G1 X146.115 Y152.302 E103.59312
G1 X145.87 Y152.485 E103.60736
G1 X145.607 Y152.642 E103.62162
G1 X145.338 Y152.769 E103.63547
G1 X145.064 Y152.868 E103.64904
G1 X144.776 Y152.939 E103.66285
G1 X144.479 Y152.983 E103.67683
G1 X144.175 Y152.998 E103.691
G0 F9000 X144.175 Y153.399
;TYPE:WALL-OUTER
G1 F687.6 X143.835 Y153.382 E103.70686
G1 X143.502 Y153.333 E103.72253
G1 X143.172 Y153.251 E103.73836
G1 X142.855 Y153.137 E103.75405
G1 X142.553 Y152.995 E103.76959
G1 X142.256 Y152.817 E103.78571
G1 X141.982 Y152.613 E103.80162
G1 X141.735 Y152.39 E103.81711
G1 X141.512 Y152.143 E103.83261
G1 X141.308 Y151.869 E103.84851
G1 X141.128 Y151.568 E103.86485
G1 X140.988 Y151.27 E103.88018
G1 X140.874 Y150.953 E103.89586
G1 X140.792 Y150.623 E103.9117
G1 X140.743 Y150.29 E103.92737
G1 X140.726 Y149.95 E103.94322
G1 X140.743 Y149.61 E103.95907
G1 X140.792 Y149.277 E103.97475
G1 X140.874 Y148.947 E103.99058
G1 X140.988 Y148.63 E104.00626
G1 X141.13 Y148.328 E104.0218
G1 X141.308 Y148.031 E104.03793
G1 X141.512 Y147.757 E104.05383
G1 X141.735 Y147.51 E104.06933
G1 X141.982 Y147.287 E104.08482
G1 X142.256 Y147.083 E104.10073
G1 X142.553 Y146.905 E104.11685
G1 X142.855 Y146.763 E104.13239
G1 X143.172 Y146.649 E104.14808
G1 X143.502 Y146.567 E104.16391
G1 X143.835 Y146.518 E104.17959
G1 X144.175 Y146.501 E104.19544
G1 X144.515 Y146.518 E104.21129
G1 X144.848 Y146.567 E104.22696
G1 X145.178 Y146.649 E104.2428
G1 X145.495 Y146.763 E104.25848
G1 X145.797 Y146.905 E104.27402
G1 X146.094 Y147.083 E104.29014
G1 X146.368 Y147.287 E104.30605
G1 X146.615 Y147.51 E104.32155
G1 X146.838 Y147.757 E104.33704
G1 X147.042 Y148.031 E104.35295
G1 X147.22 Y148.328 E104.36907
G1 X147.362 Y148.63 E104.38461
G1 X147.476 Y148.947 E104.4003
G1 X147.558 Y149.277 E104.41613
G1 X147.607 Y149.61 E104.4318
G1 X147.624 Y149.95 E104.44765
G1 X147.607 Y150.29 E104.46351
G1 X147.558 Y150.623 E104.47918
G1 X147.476 Y150.953 E104.49501
G1 X147.362 Y151.27 E104.5107
G1 X147.222 Y151.568 E104.52603
G1 X147.042 Y151.869 E104.54236
G1 X146.838 Y152.143 E104.55827
G1 X146.615 Y152.39 E104.57376
G1 X146.368 Y152.613 E104.58926
G1 X146.094 Y152.817 E104.60516
G1 X145.797 Y152.995 E104.62129
G1 X145.495 Y153.137 E104.63683
G1 X145.178 Y153.251 E104.65251
G1 X144.848 Y153.333 E104.66835
G1 X144.515 Y153.382 E104.68402
G1 X144.175 Y153.399 E104.69987
G0 F9000 X144.175 Y152.959
G0 X143.652 Y152.868
;TYPE:FILL
G1 F1375.2 X145.182 Y147.16 E104.97504
G0 F9000 X145.635 Y147.366
G1 F1375.2 X141.62 Y148.442 E105.16859
G0 F9000 X141.808 Y148.161
G1 F1375.2 X141.231 Y150.313 E105.27234
G0 F9000 X141.28 Y150.6
G1 F1375.2 X143.523 Y152.843 E105.42005
G0 F9000 X141.665 Y151.535
G1 F1375.2 X147.135 Y150.07 E105.68373
G0 F9000 X146.593 Y151.67
G1 F1375.2 X142.455 Y147.532 E105.95622
G0 F9000 X142.526 Y147.63
G1 F2700 E100.95622
;MESH:NONMESH
G0 F300 X142.526 Y147.63 Z3.64
G0 F9000 X147.342 Y150.584
G0 X148.394 Y150.846
G0 X152.216 Y152.313
G0 X153.146 Y151.755
G0 X155.825 Y152.998
;TIME_ELAPSED:180.806131
;LAYER:12
;TYPE:WALL-INNER
;MESH:Shiny Hillar (2).stl
G1 F2700 E105.95622
G1 F685.1 X155.521 Y152.983 E105.9704
G1 X155.224 Y152.939 E105.98438
G1 X154.936 Y152.868 E105.99819
G1 X154.662 Y152.769 E106.01175
G1 X154.393 Y152.642 E106.02561
G1 X154.13 Y152.485 E106.03987
G1 X153.885 Y152.302 E106.05411
G1 X153.668 Y152.107 E106.06769
G1 X153.473 Y151.89 E106.08128
G1 X153.287 Y151.641 E106.09575
G1 X153.133 Y151.383 E106.10974
G1 X153.006 Y151.113 E106.12363
G1 X152.907 Y150.839 E106.1372
G1 X152.836 Y150.551 E106.15101
G1 X152.792 Y150.254 E106.16499
G1 X152.777 Y149.95 E106.17916
G1 X152.792 Y149.646 E106.19334
G1 X152.836 Y149.349 E106.20732
G1 X152.907 Y149.061 E106.22113
G1 X153.006 Y148.787 E106.2347
G1 X153.133 Y148.518 E106.24855
G1 X153.29 Y148.255 E106.26281
G1 X153.473 Y148.01 E106.27705
G1 X153.668 Y147.793 E106.29063
G1 X153.885 Y147.598 E106.30422
G1 X154.13 Y147.415 E106.31846
G1 X154.393 Y147.258 E106.33272
G1 X154.662 Y147.131 E106.34657
G1 X154.936 Y147.032 E106.36014
G1 X155.224 Y146.961 E106.37395
G1 X155.521 Y146.917 E106.38793
G1 X155.825 Y146.902 E106.4021
G1 X156.129 Y146.917 E106.41628
G1 X156.426 Y146.961 E106.43026
G1 X156.714 Y147.032 E106.44407
G1 X156.988 Y147.131 E106.45763
G1 X157.257 Y147.258 E106.47149
G1 X157.52 Y147.415 E106.48575
G1 X157.765 Y147.598 E106.49999
G1 X157.982 Y147.793 E106.51357
G1 X158.177 Y148.01 E106.52716
G1 X158.36 Y148.255 E106.5414
G1 X158.517 Y148.518 E106.55566
G1 X158.644 Y148.787 E106.56951
G1 X158.743 Y149.061 E106.58308
G1 X158.814 Y149.349 E106.59689
G1 X158.858 Y149.646 E106.61087
G1 X158.873 Y149.95 E106.62504
G1 X158.858 Y150.254 E106.63921
G1 X158.814 Y150.551 E106.65319
G1 X158.743 Y150.839 E106.66701
G1 X158.644 Y151.113 E106.68057
G1 X158.517 Y151.383 E106.69447
G1 X158.363 Y151.641 E106.70846
G1 X158.177 Y151.89 E106.72293
G1 X157.982 Y152.107 E106.73651
G1 X157.765 Y152.302 E106.7501
G1 X157.52 Y152.485 E106.76434
G1 X157.257 Y152.642 E106.7786
G1 X156.988 Y152.769 E106.79245
G1 X156.714 Y152.868 E106.80602
G1 X156.426 Y152.939 E106.81983
G1 X156.129 Y152.983 E106.83381
G1 X155.825 Y152.998 E106.84798
G0 F9000 X155.825 Y153.399
;TYPE:WALL-OUTER
G1 F685.1 X155.485 Y153.382 E106.86384
G1 X155.152 Y153.333 E106.87951
G1 X154.822 Y153.251 E106.89534
G1 X154.505 Y153.137 E106.91103
G1 X154.203 Y152.995 E106.92657
G1 X153.906 Y152.817 E106.94269
G1 X153.632 Y152.613 E106.9586
G1 X153.385 Y152.39 E106.97409
G1 X153.162 Y152.143 E106.98959
G1 X152.958 Y151.869 E107.00549
G1 X152.778 Y151.568 E107.02182
G1 X152.638 Y151.27 E107.03716
G1 X152.524 Y150.953 E107.05284
G1 X152.442 Y150.623 E107.06868
G1 X152.393 Y150.29 E107.08435
G1 X152.376 Y149.95 E107.1002
G1 X152.393 Y149.61 E107.11605
G1 X152.442 Y149.277 E107.13172
G1 X152.524 Y148.947 E107.14756
G1 X152.638 Y148.63 E107.16324
G1 X152.78 Y148.328 E107.17878
G1 X152.958 Y148.031 E107.19491
G1 X153.162 Y147.757 E107.21081
G1 X153.385 Y147.51 E107.22631
G1 X153.632 Y147.287 E107.2418
G1 X153.906 Y147.083 E107.25771
G1 X154.203 Y146.905 E107.27383
G1 X154.505 Y146.763 E107.28937
G1 X154.822 Y146.649 E107.30506
G1 X155.152 Y146.567 E107.32089
G1 X155.485 Y146.518 E107.33657
G1 X155.825 Y146.501 E107.35242
G1 X156.165 Y146.518 E107.36827
G1 X156.498 Y146.567 E107.38394
G1 X156.828 Y146.649 E107.39977
G1 X157.145 Y146.763 E107.41546
G1 X157.447 Y146.905 E107.431
G1 X157.744 Y147.083 E107.44712
G1 X158.018 Y147.287 E107.46303
G1 X158.265 Y147.51 E107.47853
G1 X158.488 Y147.757 E107.49402
G1 X158.692 Y148.031 E107.50993
G1 X158.87 Y148.328 E107.52605
G1 X159.012 Y148.63 E107.54159
G1 X159.126 Y148.947 E107.55728
G1 X159.208 Y149.277 E107.57311
G1 X159.257 Y149.61 E107.58878
G1 X159.274 Y149.95 E107.60463
G1 X159.257 Y150.29 E107.62049
G1 X159.208 Y150.623 E107.63616
G1 X159.126 Y150.953 E107.65199
G1 X159.012 Y151.27 E107.66768
G1 X158.872 Y151.568 E107.68301
G1 X158.692 Y151.869 E107.69934
G1 X158.488 Y152.143 E107.71525
G1 X158.265 Y152.39 E107.73074
G1 X158.018 Y152.613 E107.74624
G1 X157.744 Y152.817 E107.76214
G1 X157.447 Y152.995 E107.77827
G1 X157.145 Y153.137 E107.79381
G1 X156.828 Y153.251 E107.80949
G1 X156.498 Y153.333 E107.82533
G1 X156.165 Y153.382 E107.841
G1 X155.825 Y153.399 E107.85685
G0 F9000 X155.825 Y152.959
G0 X155.858 Y152.915
;TYPE:FILL
G1 F1370.1 X157.336 Y147.398 E108.1228
G0 F9000 X157.498 Y147.498
G1 F1370.1 X153.153 Y148.662 E108.33226
G0 F9000 X152.94 Y149.252
G1 F1370.1 X156.52 Y152.832 E108.56801
G0 F9000 X158.682 Y150.751
G1 F1370.1 X155.023 Y147.092 E108.80896
G0 F9000 X154.215 Y147.454
G1 F1370.1 X153.184 Y151.303 E108.9945
G0 F9000 X153.425 Y151.695
G1 F1370.1 X158.773 Y150.262 E109.25231
G0 F9000 X158.657 Y150.245
G1 F2700 E104.25231
G0 F9000 X152.841 Y151.186
G0 X151.821 Y151.553
G0 X147.785 Y152.312
G0 X146.854 Y151.755
G0 X144.175 Y152.998
;TYPE:WALL-INNER
G1 F2700 E109.25231
G1 F685.1 X143.871 Y152.983 E109.26649
G1 X143.574 Y152.939 E109.28047
G1 X143.286 Y152.868 E109.29428
G1 X143.012 Y152.769 E109.30784
G1 X142.743 Y152.642 E109.3217
G1 X142.48 Y152.485 E109.33596
G1 X142.235 Y152.302 E109.3502
G1 X142.018 Y152.107 E109.36378
G1 X141.823 Y151.89 E109.37737
G1 X141.637 Y151.641 E109.39184
G1 X141.483 Y151.383 E109.40583
G1 X141.356 Y151.113 E109.41972
G1 X141.257 Y150.839 E109.43329
G1 X141.186 Y150.551 E109.4471
G1 X141.142 Y150.254 E109.46108
G1 X141.127 Y149.95 E109.47526
G1 X141.142 Y149.646 E109.48943
G1 X141.186 Y149.349 E109.50341
G1 X141.257 Y149.061 E109.51722
G1 X141.356 Y148.787 E109.53079
G1 X141.483 Y148.518 E109.54464
G1 X141.64 Y148.255 E109.5589
G1 X141.823 Y148.01 E109.57314
G1 X142.018 Y147.793 E109.58672
G1 X142.235 Y147.598 E109.60031
G1 X142.48 Y147.415 E109.61455
G1 X142.743 Y147.258 E109.62881
G1 X143.012 Y147.131 E109.64266
G1 X143.286 Y147.032 E109.65623
G1 X143.574 Y146.961 E109.67004
G1 X143.871 Y146.917 E109.68402
G1 X144.175 Y146.902 E109.69819
G1 X144.479 Y146.917 E109.71237
G1 X144.776 Y146.961 E109.72635
G1 X145.064 Y147.032 E109.74016
G1 X145.338 Y147.131 E109.75373
G1 X145.607 Y147.258 E109.76758
G1 X145.87 Y147.415 E109.78184
G1 X146.115 Y147.598 E109.79608
G1 X146.332 Y147.793 E109.80966
G1 X146.527 Y148.01 E109.82325
G1 X146.71 Y148.255 E109.83749
G1 X146.867 Y148.518 E109.85175
G1 X146.994 Y148.787 E109.8656
G1 X147.093 Y149.061 E109.87917
G1 X147.164 Y149.349 E109.89298
G1 X147.208 Y149.646 E109.90696
G1 X147.223 Y149.95 E109.92113
G1 X147.208 Y150.254 E109.93531
G1 X147.164 Y150.551 E109.94929
G1 X147.093 Y150.839 E109.9631
G1 X146.994 Y151.113 E109.97666
G1 X146.867 Y151.383 E109.99056
G1 X146.713 Y151.641 E110.00455
G1 X146.527 Y151.89 E110.01902
G1 X146.332 Y152.107 E110.03261
G1 X146.115 Y152.302 E110.04619
G1 X145.87 Y152.485 E110.06043
G1 X145.607 Y152.642 E110.07469
G1 X145.338 Y152.769 E110.08854
G1 X145.064 Y152.868 E110.10211
G1 X144.776 Y152.939 E110.11592
G1 X144.479 Y152.983 E110.1299
G1 X144.175 Y152.998 E110.14407
G0 F9000 X144.175 Y153.399
;TYPE:WALL-OUTER
G1 F685.1 X143.835 Y153.382 E110.15993
G1 X143.502 Y153.333 E110.1756
G1 X143.172 Y153.251 E110.19143
G1 X142.855 Y153.137 E110.20712
G1 X142.553 Y152.995 E110.22266
G1 X142.256 Y152.817 E110.23878
G1 X141.982 Y152.613 E110.25469
G1 X141.735 Y152.39 E110.27018
G1 X141.512 Y152.143 E110.28568
G1 X141.308 Y151.869 E110.30158
G1 X141.128 Y151.568 E110.31792
G1 X140.988 Y151.27 E110.33325
G1 X140.874 Y150.953 E110.34893
G1 X140.792 Y150.623 E110.36477
G1 X140.743 Y150.29 E110.38044
G1 X140.726 Y149.95 E110.39629
G1 X140.743 Y149.61 E110.41214
G1 X140.792 Y149.277 E110.42782
G1 X140.874 Y148.947 E110.44365
G1 X140.988 Y148.63 E110.45934
G1 X141.13 Y148.328 E110.47487
G1 X141.308 Y148.031 E110.491
G1 X141.512 Y147.757 E110.5069
G1 X141.735 Y147.51 E110.5224
G1 X141.982 Y147.287 E110.53789
G1 X142.256 Y147.083 E110.5538
G1 X142.553 Y146.905 E110.56992
G1 X142.855 Y146.763 E110.58546
G1 X143.172 Y146.649 E110.60115
G1 X143.502 Y146.567 E110.61698
G1 X143.835 Y146.518 E110.63266
G1 X144.175 Y146.501 E110.64851
G1 X144.515 Y146.518 E110.66436
G1 X144.848 Y146.567 E110.68003
G1 X145.178 Y146.649 E110.69587
G1 X145.495 Y146.763 E110.71155
G1 X145.797 Y146.905 E110.72709
G1 X146.094 Y147.083 E110.74321
G1 X146.368 Y147.287 E110.75912
G1 X146.615 Y147.51 E110.77462
G1 X146.838 Y147.757 E110.79011
G1 X147.042 Y148.031 E110.80602
G1 X147.22 Y148.328 E110.82214
G1 X147.362 Y148.63 E110.83768
G1 X147.476 Y148.947 E110.85337
G1 X147.558 Y149.277 E110.8692
G1 X147.607 Y149.61 E110.88487
G1 X147.624 Y149.95 E110.90072
G1 X147.607 Y150.29 E110.91658
G1 X147.558 Y150.623 E110.93225
G1 X147.476 Y150.953 E110.94808
G1 X147.362 Y151.27 E110.96377
G1 X147.222 Y151.568 E110.9791
G1 X147.042 Y151.869 E110.99543
G1 X146.838 Y152.143 E111.01134
G1 X146.615 Y152.39 E111.02683
G1 X146.368 Y152.613 E111.04233
G1 X146.094 Y152.817 E111.05823
G1 X145.797 Y152.995 E111.07436
G1 X145.495 Y153.137 E111.0899
G1 X145.178 Y153.251 E111.10558
G1 X144.848 Y153.333 E111.12142
G1 X144.515 Y153.382 E111.13709
G1 X144.175 Y153.399 E111.15294
G0 F9000 X144.175 Y152.959
G0 X143.859 Y152.899
;TYPE:FILL
G1 F1370.1 X141.224 Y150.263 E111.32649
G0 F9000 X141.244 Y149.499
G1 F1370.1 X141.42 Y148.843 E111.35812
G0 F9000 X141.493 Y148.68
G1 F1370.1 X145.864 Y147.509 E111.56883
G0 F9000 X144.994 Y147.095
G1 F1370.1 X143.458 Y152.828 E111.8452
G0 F9000 X141.785 Y151.708
G1 F1370.1 X147.122 Y150.278 E112.10248
G0 F9000 X146.704 Y151.501
G1 F1370.1 X142.624 Y147.421 E112.37115
G0 F9000 X142.686 Y147.526
G1 F2700 E107.37115
;MESH:NONMESH
G0 F300 X142.686 Y147.526 Z3.92
G0 F9000 X147.342 Y150.584
G0 X148.394 Y150.846
G0 X152.216 Y152.313
G0 X153.146 Y151.755
G0 X155.825 Y152.998
;TIME_ELAPSED:193.451079
;LAYER:13
;TYPE:WALL-INNER
;MESH:Shiny Hillar (2).stl
G1 F2700 E112.37115
G1 F688.8 X155.521 Y152.983 E112.38532
G1 X155.224 Y152.939 E112.3993
G1 X154.936 Y152.868 E112.41312
G1 X154.662 Y152.769 E112.42668
G1 X154.393 Y152.642 E112.44053
G1 X154.13 Y152.485 E112.4548
G1 X153.885 Y152.302 E112.46904
G1 X153.668 Y152.107 E112.48262
G1 X153.473 Y151.89 E112.4962
G1 X153.287 Y151.641 E112.51068
G1 X153.133 Y151.383 E112.52467
G1 X153.006 Y151.113 E112.53856
G1 X152.907 Y150.839 E112.55213
G1 X152.836 Y150.551 E112.56594
G1 X152.792 Y150.254 E112.57992
G1 X152.777 Y149.95 E112.59409
G1 X152.792 Y149.646 E112.60827
G1 X152.836 Y149.349 E112.62225
G1 X152.907 Y149.061 E112.63606
G1 X153.006 Y148.787 E112.64962
G1 X153.133 Y148.518 E112.66348
G1 X153.29 Y148.255 E112.67774
G1 X153.473 Y148.01 E112.69198
G1 X153.668 Y147.793 E112.70556
G1 X153.885 Y147.598 E112.71915
G1 X154.13 Y147.415 E112.73339
G1 X154.393 Y147.258 E112.74765
G1 X154.662 Y147.131 E112.7615
G1 X154.936 Y147.032 E112.77507
G1 X155.224 Y146.961 E112.78888
G1 X155.521 Y146.917 E112.80286
G1 X155.825 Y146.902 E112.81703
G1 X156.129 Y146.917 E112.8312
G1 X156.426 Y146.961 E112.84518
G1 X156.714 Y147.032 E112.859
G1 X156.988 Y147.131 E112.87256
G1 X157.257 Y147.258 E112.88641
G1 X157.52 Y147.415 E112.90068
G1 X157.765 Y147.598 E112.91492
G1 X157.982 Y147.793 E112.9285
G1 X158.177 Y148.01 E112.94209
G1 X158.36 Y148.255 E112.95632
G1 X158.517 Y148.518 E112.97059
G1 X158.644 Y148.787 E112.98444
G1 X158.743 Y149.061 E112.998
G1 X158.814 Y149.349 E113.01182
G1 X158.858 Y149.646 E113.0258
G1 X158.873 Y149.95 E113.03997
G1 X158.858 Y150.254 E113.05414
G1 X158.814 Y150.551 E113.06812
G1 X158.743 Y150.839 E113.08193
G1 X158.644 Y151.113 E113.0955
G1 X158.517 Y151.383 E113.10939
G1 X158.363 Y151.641 E113.12339
G1 X158.177 Y151.89 E113.13786
G1 X157.982 Y152.107 E113.15144
G1 X157.765 Y152.302 E113.16503
G1 X157.52 Y152.485 E113.17927
G1 X157.257 Y152.642 E113.19353
G1 X156.988 Y152.769 E113.20738
G1 X156.714 Y152.868 E113.22095
G1 X156.426 Y152.939 E113.23476
G1 X156.129 Y152.983 E113.24874
G1 X155.825 Y152.998 E113.26291
G0 F9000 X155.825 Y153.399
;TYPE:WALL-OUTER
G1 F688.8 X155.485 Y153.382 E113.27876
G1 X155.152 Y153.333 E113.29444
G1 X154.822 Y153.251 E113.31027
G1 X154.505 Y153.137 E113.32596
G1 X154.203 Y152.995 E113.3415
G1 X153.906 Y152.817 E113.35762
G1 X153.632 Y152.613 E113.37352
G1 X153.385 Y152.39 E113.38902
G1 X153.162 Y152.143 E113.40452
G1 X152.958 Y151.869 E113.42042
G1 X152.778 Y151.568 E113.43675
G1 X152.638 Y151.27 E113.45208
G1 X152.524 Y150.953 E113.46777
G1 X152.442 Y150.623 E113.4836
G1 X152.393 Y150.29 E113.49928
G1 X152.376 Y149.95 E113.51513
G1 X152.393 Y149.61 E113.53098
G1 X152.442 Y149.277 E113.54665
G1 X152.524 Y148.947 E113.56249
G1 X152.638 Y148.63 E113.57817
G1 X152.78 Y148.328 E113.59371
G1 X152.958 Y148.031 E113.60983
G1 X153.162 Y147.757 E113.62574
G1 X153.385 Y147.51 E113.64124
G1 X153.632 Y147.287 E113.65673
G1 X153.906 Y147.083 E113.67264
G1 X154.203 Y146.905 E113.68876
G1 X154.505 Y146.763 E113.7043
G1 X154.822 Y146.649 E113.71999
G1 X155.152 Y146.567 E113.73582
G1 X155.485 Y146.518 E113.75149
G1 X155.825 Y146.501 E113.76734
G1 X156.165 Y146.518 E113.7832
G1 X156.498 Y146.567 E113.79887
G1 X156.828 Y146.649 E113.8147
G1 X157.145 Y146.763 E113.83039
G1 X157.447 Y146.905 E113.84593
G1 X157.744 Y147.083 E113.86205
G1 X158.018 Y147.287 E113.87796
G1 X158.265 Y147.51 E113.89345
G1 X158.488 Y147.757 E113.90895
G1 X158.692 Y148.031 E113.92486
G1 X158.87 Y148.328 E113.94098
G1 X159.012 Y148.63 E113.95652
G1 X159.126 Y148.947 E113.9722
G1 X159.208 Y149.277 E113.98804
G1 X159.257 Y149.61 E114.00371
G1 X159.274 Y149.95 E114.01956
G1 X159.257 Y150.29 E114.03541
G1 X159.208 Y150.623 E114.05109
G1 X159.126 Y150.953 E114.06692
G1 X159.012 Y151.27 E114.08261
G1 X158.872 Y151.568 E114.09794
G1 X158.692 Y151.869 E114.11427
G1 X158.488 Y152.143 E114.13017
G1 X158.265 Y152.39 E114.14567
G1 X158.018 Y152.613 E114.16116
G1 X157.744 Y152.817 E114.17707
G1 X157.447 Y152.995 E114.19319
G1 X157.145 Y153.137 E114.20873
G1 X156.828 Y153.251 E114.22442
G1 X156.498 Y153.333 E114.24025
G1 X156.165 Y153.382 E114.25593
G1 X155.825 Y153.399 E114.27178
G0 F9000 X155.825 Y152.959
G0 X155.655 Y152.908
;TYPE:FILL
G1 F1377.5 X157.158 Y147.299 E114.54217
G0 F9000 X157.701 Y147.648
G1 F1377.5 X153.051 Y148.894 E114.76633
G0 F9000 X153 Y149.032
G1 F1377.5 X156.74 Y152.772 E115.01262
G0 F9000 X158.735 Y150.524
G1 F1377.5 X155.25 Y147.039 E115.24211
G0 F9000 X153.961 Y147.637
G1 F1377.5 X153.055 Y151.018 E115.4051
G0 F9000 X153.556 Y151.865
G1 F1377.5 X158.742 Y150.475 E115.6551
G0 F9000 X158.626 Y150.458
G1 F2700 E110.6551
G0 F9000 X152.841 Y151.186
G0 X151.821 Y151.553
G0 X147.785 Y152.312
G0 X146.854 Y151.755
G0 X144.175 Y152.998
;TYPE:WALL-INNER
G1 F2700 E115.6551
G1 F688.8 X143.871 Y152.983 E115.66928
G1 X143.574 Y152.939 E115.68326
G1 X143.286 Y152.868 E115.69707
G1 X143.012 Y152.769 E115.71064
G1 X142.743 Y152.642 E115.72449
G1 X142.48 Y152.485 E115.73875
G1 X142.235 Y152.302 E115.75299
G1 X142.018 Y152.107 E115.76657
G1 X141.823 Y151.89 E115.78016
G1 X141.637 Y151.641 E115.79463
G1 X141.483 Y151.383 E115.80862
G1 X141.356 Y151.113 E115.82252
G1 X141.257 Y150.839 E115.83608
G1 X141.186 Y150.551 E115.84989
G1 X141.142 Y150.254 E115.86387
G1 X141.127 Y149.95 E115.87805
G1 X141.142 Y149.646 E115.89222
G1 X141.186 Y149.349 E115.9062
G1 X141.257 Y149.061 E115.92001
G1 X141.356 Y148.787 E115.93358
G1 X141.483 Y148.518 E115.94743
G1 X141.64 Y148.255 E115.96169
G1 X141.823 Y148.01 E115.97593
G1 X142.018 Y147.793 E115.98952
G1 X142.235 Y147.598 E116.0031
G1 X142.48 Y147.415 E116.01734
G1 X142.743 Y147.258 E116.0316
G1 X143.012 Y147.131 E116.04545
G1 X143.286 Y147.032 E116.05902
G1 X143.574 Y146.961 E116.07283
G1 X143.871 Y146.917 E116.08681
G1 X144.175 Y146.902 E116.10099
G1 X144.479 Y146.917 E116.11516
G1 X144.776 Y146.961 E116.12914
G1 X145.064 Y147.032 E116.14295
G1 X145.338 Y147.131 E116.15652
G1 X145.607 Y147.258 E116.17037
G1 X145.87 Y147.415 E116.18463
G1 X146.115 Y147.598 E116.19887
G1 X146.332 Y147.793 E116.21245
G1 X146.527 Y148.01 E116.22604
G1 X146.71 Y148.255 E116.24028
G1 X146.867 Y148.518 E116.25454
G1 X146.994 Y148.787 E116.26839
G1 X147.093 Y149.061 E116.28196
G1 X147.164 Y149.349 E116.29577
G1 X147.208 Y149.646 E116.30975
G1 X147.223 Y149.95 E116.32392
G1 X147.208 Y150.254 E116.3381
G1 X147.164 Y150.551 E116.35208
G1 X147.093 Y150.839 E116.36589
G1 X146.994 Y151.113 E116.37946
G1 X146.867 Y151.383 E116.39335
G1 X146.713 Y151.641 E116.40734
G1 X146.527 Y151.89 E116.42181
G1 X146.332 Y152.107 E116.4354
G1 X146.115 Y152.302 E116.44898
G1 X145.87 Y152.485 E116.46322
G1 X145.607 Y152.642 E116.47748
G1 X145.338 Y152.769 E116.49133
G1 X145.064 Y152.868 E116.5049
G1 X144.776 Y152.939 E116.51871
G1 X144.479 Y152.983 E116.53269
G1 X144.175 Y152.998 E116.54687
G0 F9000 X144.175 Y153.399
;TYPE:WALL-OUTER
G1 F688.8 X143.835 Y153.382 E116.56272
G1 X143.502 Y153.333 E116.57839
G1 X143.172 Y153.251 E116.59422
G1 X142.855 Y153.137 E116.60991
G1 X142.553 Y152.995 E116.62545
G1 X142.256 Y152.817 E116.64157
G1 X141.982 Y152.613 E116.65748
G1 X141.735 Y152.39 E116.67297
G1 X141.512 Y152.143 E116.68847
G1 X141.308 Y151.869 E116.70438
G1 X141.128 Y151.568 E116.72071
G1 X140.988 Y151.27 E116.73604
G1 X140.874 Y150.953 E116.75172
G1 X140.792 Y150.623 E116.76756
G1 X140.743 Y150.29 E116.78323
G1 X140.726 Y149.95 E116.79908
G1 X140.743 Y149.61 E116.81493
G1 X140.792 Y149.277 E116.83061
G1 X140.874 Y148.947 E116.84644
G1 X140.988 Y148.63 E116.86213
G1 X141.13 Y148.328 E116.87767
G1 X141.308 Y148.031 E116.89379
G1 X141.512 Y147.757 E116.9097
G1 X141.735 Y147.51 E116.92519
G1 X141.982 Y147.287 E116.94069
G1 X142.256 Y147.083 E116.95659
G1 X142.553 Y146.905 E116.97272
G1 X142.855 Y146.763 E116.98825
G1 X143.172 Y146.649 E117.00394
G1 X143.502 Y146.567 E117.01977
G1 X143.835 Y146.518 E117.03545
G1 X144.175 Y146.501 E117.0513
G1 X144.515 Y146.518 E117.06715
G1 X144.848 Y146.567 E117.08282
G1 X145.178 Y146.649 E117.09866
G1 X145.495 Y146.763 E117.11434
G1 X145.797 Y146.905 E117.12988
G1 X146.094 Y147.083 E117.14601
G1 X146.368 Y147.287 E117.16191
G1 X146.615 Y147.51 E117.17741
G1 X146.838 Y147.757 E117.1929
G1 X147.042 Y148.031 E117.20881
G1 X147.22 Y148.328 E117.22493
G1 X147.362 Y148.63 E117.24047
G1 X147.476 Y148.947 E117.25616
G1 X147.558 Y149.277 E117.27199
G1 X147.607 Y149.61 E117.28766
G1 X147.624 Y149.95 E117.30352
G1 X147.607 Y150.29 E117.31937
G1 X147.558 Y150.623 E117.33504
G1 X147.476 Y150.953 E117.35087
G1 X147.362 Y151.27 E117.36656
G1 X147.222 Y151.568 E117.38189
G1 X147.042 Y151.869 E117.39822
G1 X146.838 Y152.143 E117.41413
G1 X146.615 Y152.39 E117.42962
G1 X146.368 Y152.613 E117.44512
G1 X146.094 Y152.817 E117.46103
G1 X145.797 Y152.995 E117.47715
G1 X145.495 Y153.137 E117.49269
G1 X145.178 Y153.251 E117.50837
G1 X144.848 Y153.333 E117.52421
G1 X144.515 Y153.382 E117.53988
G1 X144.175 Y153.399 E117.55573
G0 F9000 X144.175 Y152.959
G0 X144.155 Y152.914
;TYPE:FILL
G1 F1377.5 X141.208 Y149.968 E117.74976
G0 F9000 X141.395 Y148.912
G1 F1377.5 X146.065 Y147.66 E117.9749
G0 F9000 X144.802 Y147.048
G1 F1377.5 X143.267 Y152.776 E118.25103
G0 F9000 X141.918 Y151.877
G1 F1377.5 X147.09 Y150.492 E118.50034
G0 F9000 X147.14 Y149.913
G1 F1377.5 X146.724 Y151.466 E118.57521
G0 F9000 X146.806 Y151.323
G1 F1377.5 X142.801 Y147.318 E118.83894
G0 F9000 X142.85 Y147.428
G1 F2700 E113.83894
;MESH:NONMESH
G0 F300 X142.85 Y147.428 Z4.2
G0 F9000 X147.342 Y150.584
G0 X148.394 Y150.846
G0 X152.216 Y152.313
G0 X153.146 Y151.755
G0 X155.825 Y152.998
;TIME_ELAPSED:206.129187
;LAYER:14
;TYPE:WALL-INNER
;MESH:Shiny Hillar (2).stl
G1 F2700 E118.83894
G1 F692.3 X155.521 Y152.983 E118.85312
G1 X155.224 Y152.939 E118.8671
G1 X154.936 Y152.868 E118.88091
G1 X154.662 Y152.769 E118.89448
G1 X154.393 Y152.642 E118.90833
G1 X154.13 Y152.485 E118.92259
G1 X153.885 Y152.302 E118.93683
G1 X153.668 Y152.107 E118.95041
G1 X153.473 Y151.89 E118.964
G1 X153.287 Y151.641 E118.97847
G1 X153.133 Y151.383 E118.99246
G1 X153.006 Y151.113 E119.00636
G1 X152.907 Y150.839 E119.01992
G1 X152.836 Y150.551 E119.03373
G1 X152.792 Y150.254 E119.04771
G1 X152.777 Y149.95 E119.06189
G1 X152.792 Y149.646 E119.07606
G1 X152.836 Y149.349 E119.09004
G1 X152.907 Y149.061 E119.10385
G1 X153.006 Y148.787 E119.11742
G1 X153.133 Y148.518 E119.13127
G1 X153.29 Y148.255 E119.14553
G1 X153.473 Y148.01 E119.15977
G1 X153.668 Y147.793 E119.17336
G1 X153.885 Y147.598 E119.18694
G1 X154.13 Y147.415 E119.20118
G1 X154.393 Y147.258 E119.21544
G1 X154.662 Y147.131 E119.22929
G1 X154.936 Y147.032 E119.24286
G1 X155.224 Y146.961 E119.25667
G1 X155.521 Y146.917 E119.27065
G1 X155.825 Y146.902 E119.28482
G1 X156.129 Y146.917 E119.299
G1 X156.426 Y146.961 E119.31298
G1 X156.714 Y147.032 E119.32679
G1 X156.988 Y147.131 E119.34036
G1 X157.257 Y147.258 E119.35421
G1 X157.52 Y147.415 E119.36847
G1 X157.765 Y147.598 E119.38271
G1 X157.982 Y147.793 E119.39629
G1 X158.177 Y148.01 E119.40988
G1 X158.36 Y148.255 E119.42412
G1 X158.517 Y148.518 E119.43838
G1 X158.644 Y148.787 E119.45223
G1 X158.743 Y149.061 E119.4658
G1 X158.814 Y149.349 E119.47961
G1 X158.858 Y149.646 E119.49359
G1 X158.873 Y149.95 E119.50776
G1 X158.858 Y150.254 E119.52194
G1 X158.814 Y150.551 E119.53592
G1 X158.743 Y150.839 E119.54973
G1 X158.644 Y151.113 E119.56329
G1 X158.517 Y151.383 E119.57719
G1 X158.363 Y151.641 E119.59118
G1 X158.177 Y151.89 E119.60565
G1 X157.982 Y152.107 E119.61924
G1 X157.765 Y152.302 E119.63282
G1 X157.52 Y152.485 E119.64706
G1 X157.257 Y152.642 E119.66132
G1 X156.988 Y152.769 E119.67517
G1 X156.714 Y152.868 E119.68874
G1 X156.426 Y152.939 E119.70255
G1 X156.129 Y152.983 E119.71653
G1 X155.825 Y152.998 E119.73071
G0 F9000 X155.825 Y153.399
;TYPE:WALL-OUTER
G1 F692.3 X155.485 Y153.382 E119.74656
G1 X155.152 Y153.333 E119.76223
G1 X154.822 Y153.251 E119.77806
G1 X154.505 Y153.137 E119.79375
G1 X154.203 Y152.995 E119.80929
G1 X153.906 Y152.817 E119.82541
G1 X153.632 Y152.613 E119.84132
G1 X153.385 Y152.39 E119.85681
G1 X153.162 Y152.143 E119.87231
G1 X152.958 Y151.869 E119.88822
G1 X152.778 Y151.568 E119.90455
G1 X152.638 Y151.27 E119.91988
G1 X152.524 Y150.953 E119.93556
G1 X152.442 Y150.623 E119.9514
G1 X152.393 Y150.29 E119.96707
G1 X152.376 Y149.95 E119.98292
G1 X152.393 Y149.61 E119.99877
G1 X152.442 Y149.277 E120.01445
G1 X152.524 Y148.947 E120.03028
G1 X152.638 Y148.63 E120.04597
G1 X152.78 Y148.328 E120.06151
G1 X152.958 Y148.031 E120.07763
G1 X153.162 Y147.757 E120.09353
G1 X153.385 Y147.51 E120.10903
G1 X153.632 Y147.287 E120.12453
G1 X153.906 Y147.083 E120.14043
G1 X154.203 Y146.905 E120.15655
G1 X154.505 Y146.763 E120.17209
G1 X154.822 Y146.649 E120.18778
G1 X155.152 Y146.567 E120.20361
G1 X155.485 Y146.518 E120.21929
G1 X155.825 Y146.501 E120.23514
G1 X156.165 Y146.518 E120.25099
G1 X156.498 Y146.567 E120.26666
G1 X156.828 Y146.649 E120.2825
G1 X157.145 Y146.763 E120.29818
G1 X157.447 Y146.905 E120.31372
G1 X157.744 Y147.083 E120.32985
G1 X158.018 Y147.287 E120.34575
G1 X158.265 Y147.51 E120.36125
G1 X158.488 Y147.757 E120.37674
G1 X158.692 Y148.031 E120.39265
G1 X158.87 Y148.328 E120.40877
G1 X159.012 Y148.63 E120.42431
G1 X159.126 Y148.947 E120.44
G1 X159.208 Y149.277 E120.45583
G1 X159.257 Y149.61 E120.4715
G1 X159.274 Y149.95 E120.48736
G1 X159.257 Y150.29 E120.50321
G1 X159.208 Y150.623 E120.51888
G1 X159.126 Y150.953 E120.53471
G1 X159.012 Y151.27 E120.5504
G1 X158.872 Y151.568 E120.56573
G1 X158.692 Y151.869 E120.58206
G1 X158.488 Y152.143 E120.59797
G1 X158.265 Y152.39 E120.61346
G1 X158.018 Y152.613 E120.62896
G1 X157.744 Y152.817 E120.64486
G1 X157.447 Y152.995 E120.66099
G1 X157.145 Y153.137 E120.67653
G1 X156.828 Y153.251 E120.69221
G1 X156.498 Y153.333 E120.70805
G1 X156.165 Y153.382 E120.72372
G1 X155.825 Y153.399 E120.73957
G0 F9000 X155.825 Y152.959
G0 X155.454 Y152.892
;TYPE:FILL
G1 F1384.7 X156.975 Y147.214 E121.01328
G0 F9000 X157.878 Y147.806
G1 F1384.7 X152.973 Y149.12 E121.24974
G0 F9000 X153.075 Y148.826
G1 F1384.7 X156.946 Y152.698 E121.50468
G0 F9000 X158.695 Y150.693
G1 F1384.7 X153.704 Y152.03 E121.74528
G0 F9000 X152.945 Y150.664
G1 F1384.7 X153.69 Y147.886 E121.8792
G0 F9000 X155.493 Y147.002
G1 F1384.7 X158.772 Y150.281 E122.09513
G0 F9000 X158.654 Y150.264
G1 F2700 E117.09513
G0 F9000 X152.841 Y151.186
G0 X151.821 Y151.553
G0 X147.785 Y152.312
G0 X146.854 Y151.755
G0 X144.175 Y152.998
;TYPE:WALL-INNER
G1 F2700 E122.09513
G1 F692.3 X143.871 Y152.983 E122.1093
G1 X143.574 Y152.939 E122.12328
G1 X143.286 Y152.868 E122.1371
G1 X143.012 Y152.769 E122.15066
G1 X142.743 Y152.642 E122.16451
G1 X142.48 Y152.485 E122.17878
G1 X142.235 Y152.302 E122.19301
G1 X142.018 Y152.107 E122.2066
G1 X141.823 Y151.89 E122.22018
G1 X141.637 Y151.641 E122.23466
G1 X141.483 Y151.383 E122.24865
G1 X141.356 Y151.113 E122.26254
G1 X141.257 Y150.839 E122.27611
G1 X141.186 Y150.551 E122.28992
G1 X141.142 Y150.254 E122.3039
G1 X141.127 Y149.95 E122.31807
G1 X141.142 Y149.646 E122.33225
G1 X141.186 Y149.349 E122.34623
G1 X141.257 Y149.061 E122.36004
G1 X141.356 Y148.787 E122.3736
G1 X141.483 Y148.518 E122.38746
G1 X141.64 Y148.255 E122.40172
G1 X141.823 Y148.01 E122.41596
G1 X142.018 Y147.793 E122.42954
G1 X142.235 Y147.598 E122.44313
G1 X142.48 Y147.415 E122.45737
G1 X142.743 Y147.258 E122.47163
G1 X143.012 Y147.131 E122.48548
G1 X143.286 Y147.032 E122.49905
G1 X143.574 Y146.961 E122.51286
G1 X143.871 Y146.917 E122.52684
G1 X144.175 Y146.902 E122.54101
G1 X144.479 Y146.917 E122.55518
G1 X144.776 Y146.961 E122.56916
G1 X145.064 Y147.032 E122.58298
G1 X145.338 Y147.131 E122.59654
G1 X145.607 Y147.258 E122.61039
G1 X145.87 Y147.415 E122.62466
G1 X146.115 Y147.598 E122.6389
G1 X146.332 Y147.793 E122.65248
G1 X146.527 Y148.01 E122.66607
G1 X146.71 Y148.255 E122.6803
G1 X146.867 Y148.518 E122.69457
G1 X146.994 Y148.787 E122.70842
G1 X147.093 Y149.061 E122.72198
G1 X147.164 Y149.349 E122.7358
G1 X147.208 Y149.646 E122.74978
G1 X147.223 Y149.95 E122.76395
G1 X147.208 Y150.254 E122.77812
G1 X147.164 Y150.551 E122.7921
G1 X147.093 Y150.839 E122.80591
G1 X146.994 Y151.113 E122.81948
G1 X146.867 Y151.383 E122.83337
G1 X146.713 Y151.641 E122.84737
G1 X146.527 Y151.89 E122.86184
G1 X146.332 Y152.107 E122.87542
G1 X146.115 Y152.302 E122.88901
G1 X145.87 Y152.485 E122.90325
G1 X145.607 Y152.642 E122.91751
G1 X145.338 Y152.769 E122.93136
G1 X145.064 Y152.868 E122.94493
G1 X144.776 Y152.939 E122.95874
G1 X144.479 Y152.983 E122.97272
G1 X144.175 Y152.998 E122.98689
G0 F9000 X144.175 Y153.399
;TYPE:WALL-OUTER
G1 F692.3 X143.835 Y153.382 E123.00274
G1 X143.502 Y153.333 E123.01842
G1 X143.172 Y153.251 E123.03425
G1 X142.855 Y153.137 E123.04994
G1 X142.553 Y152.995 E123.06548
G1 X142.256 Y152.817 E123.0816
G1 X141.982 Y152.613 E123.0975
G1 X141.735 Y152.39 E123.113
G1 X141.512 Y152.143 E123.1285
G1 X141.308 Y151.869 E123.1444
G1 X141.128 Y151.568 E123.16073
G1 X140.988 Y151.27 E123.17606
G1 X140.874 Y150.953 E123.19175
G1 X140.792 Y150.623 E123.20758
G1 X140.743 Y150.29 E123.22326
G1 X140.726 Y149.95 E123.23911
G1 X140.743 Y149.61 E123.25496
G1 X140.792 Y149.277 E123.27063
G1 X140.874 Y148.947 E123.28647
G1 X140.988 Y148.63 E123.30215
G1 X141.13 Y148.328 E123.31769
G1 X141.308 Y148.031 E123.33381
G1 X141.512 Y147.757 E123.34972
G1 X141.735 Y147.51 E123.36522
G1 X141.982 Y147.287 E123.38071
G1 X142.256 Y147.083 E123.39662
G1 X142.553 Y146.905 E123.41274
G1 X142.855 Y146.763 E123.42828
G1 X143.172 Y146.649 E123.44397
G1 X143.502 Y146.567 E123.4598
G1 X143.835 Y146.518 E123.47547
G1 X144.175 Y146.501 E123.49132
G1 X144.515 Y146.518 E123.50718
G1 X144.848 Y146.567 E123.52285
G1 X145.178 Y146.649 E123.53868
G1 X145.495 Y146.763 E123.55437
G1 X145.797 Y146.905 E123.56991
G1 X146.094 Y147.083 E123.58603
G1 X146.368 Y147.287 E123.60194
G1 X146.615 Y147.51 E123.61743
G1 X146.838 Y147.757 E123.63293
G1 X147.042 Y148.031 E123.64883
G1 X147.22 Y148.328 E123.66496
G1 X147.362 Y148.63 E123.6805
G1 X147.476 Y148.947 E123.69618
G1 X147.558 Y149.277 E123.71202
G1 X147.607 Y149.61 E123.72769
G1 X147.624 Y149.95 E123.74354
G1 X147.607 Y150.29 E123.75939
G1 X147.558 Y150.623 E123.77507
G1 X147.476 Y150.953 E123.7909
G1 X147.362 Y151.27 E123.80659
G1 X147.222 Y151.568 E123.82192
G1 X147.042 Y151.869 E123.83825
G1 X146.838 Y152.143 E123.85415
G1 X146.615 Y152.39 E123.86965
G1 X146.368 Y152.613 E123.88514
G1 X146.094 Y152.817 E123.90105
G1 X145.797 Y152.995 E123.91717
G1 X145.495 Y153.137 E123.93271
G1 X145.178 Y153.251 E123.9484
G1 X144.848 Y153.333 E123.96423
G1 X144.515 Y153.382 E123.97991
G1 X144.175 Y153.399 E123.99576
G0 F9000 X144.175 Y152.959
G0 X144.424 Y152.904
;TYPE:FILL
G1 F1384.7 X141.219 Y149.698 E124.20685
G0 F9000 X141.319 Y149.137
G1 F1384.7 X146.242 Y147.818 E124.44417
G0 F9000 X147.083 Y149.359
G1 F1384.7 X146.399 Y151.911 E124.56719
G0 F9000 X146.896 Y151.133
G1 F1384.7 X142.992 Y147.229 E124.82428
G0 F9000 X144.605 Y147.016
G1 F1384.7 X143.08 Y152.708 E125.09867
G0 F9000 X142.066 Y152.043
G1 F1384.7 X147.041 Y150.71 E125.3385
G0 F9000 X146.926 Y150.681
G1 F2700 E120.3385
;MESH:NONMESH
G0 F300 X146.926 Y150.681 Z4.48
G0 F9000 X147.269 Y150.879
G0 X148.32 Y151.141
G0 X152.216 Y152.313
G0 X153.146 Y151.755
G0 X155.825 Y152.998
;TIME_ELAPSED:218.828467
;LAYER:15
;TYPE:WALL-INNER
;MESH:Shiny Hillar (2).stl
G1 F2700 E125.3385
G1 F687.4 X155.521 Y152.983 E125.35267
G1 X155.224 Y152.939 E125.36665
G1 X154.936 Y152.868 E125.38046
G1 X154.662 Y152.769 E125.39403
G1 X154.393 Y152.642 E125.40788
G1 X154.13 Y152.485 E125.42214
G1 X153.885 Y152.302 E125.43638
G1 X153.668 Y152.107 E125.44997
G1 X153.473 Y151.89 E125.46355
G1 X153.287 Y151.641 E125.47802
G1 X153.133 Y151.383 E125.49201
G1 X153.006 Y151.113 E125.50591
G1 X152.907 Y150.839 E125.51947
G1 X152.836 Y150.551 E125.53329
G1 X152.792 Y150.254 E125.54727
G1 X152.777 Y149.95 E125.56144
G1 X152.792 Y149.646 E125.57561
G1 X152.836 Y149.349 E125.58959
G1 X152.907 Y149.061 E125.6034
G1 X153.006 Y148.787 E125.61697
G1 X153.133 Y148.518 E125.63082
G1 X153.29 Y148.255 E125.64508
G1 X153.473 Y148.01 E125.65932
G1 X153.668 Y147.793 E125.67291
G1 X153.885 Y147.598 E125.68649
G1 X154.13 Y147.415 E125.70073
G1 X154.393 Y147.258 E125.71499
G1 X154.662 Y147.131 E125.72885
G1 X154.936 Y147.032 E125.74241
G1 X155.224 Y146.961 E125.75622
G1 X155.521 Y146.917 E125.7702
G1 X155.825 Y146.902 E125.78438
G1 X156.129 Y146.917 E125.79855
G1 X156.426 Y146.961 E125.81253
G1 X156.714 Y147.032 E125.82634
G1 X156.988 Y147.131 E125.83991
G1 X157.257 Y147.258 E125.85376
G1 X157.52 Y147.415 E125.86802
G1 X157.765 Y147.598 E125.88226
G1 X157.982 Y147.793 E125.89585
G1 X158.177 Y148.01 E125.90943
G1 X158.36 Y148.255 E125.92367
G1 X158.517 Y148.518 E125.93793
G1 X158.644 Y148.787 E125.95178
G1 X158.743 Y149.061 E125.96535
G1 X158.814 Y149.349 E125.97916
G1 X158.858 Y149.646 E125.99314
G1 X158.873 Y149.95 E126.00732
G1 X158.858 Y150.254 E126.02149
G1 X158.814 Y150.551 E126.03547
G1 X158.743 Y150.839 E126.04928
G1 X158.644 Y151.113 E126.06285
G1 X158.517 Y151.383 E126.07674
G1 X158.363 Y151.641 E126.09073
G1 X158.177 Y151.89 E126.1052
G1 X157.982 Y152.107 E126.11879
G1 X157.765 Y152.302 E126.13237
G1 X157.52 Y152.485 E126.14661
G1 X157.257 Y152.642 E126.16088
G1 X156.988 Y152.769 E126.17473
G1 X156.714 Y152.868 E126.18829
G1 X156.426 Y152.939 E126.2021
G1 X156.129 Y152.983 E126.21609
G1 X155.825 Y152.998 E126.23026
G0 F9000 X155.825 Y153.399
;TYPE:WALL-OUTER
G1 F687.4 X155.485 Y153.382 E126.24611
G1 X155.152 Y153.333 E126.26178
G1 X154.822 Y153.251 E126.27762
G1 X154.505 Y153.137 E126.2933
G1 X154.203 Y152.995 E126.30884
G1 X153.906 Y152.817 E126.32496
G1 X153.632 Y152.613 E126.34087
G1 X153.385 Y152.39 E126.35637
G1 X153.162 Y152.143 E126.37186
G1 X152.958 Y151.869 E126.38777
G1 X152.778 Y151.568 E126.4041
G1 X152.638 Y151.27 E126.41943
G1 X152.524 Y150.953 E126.43512
G1 X152.442 Y150.623 E126.45095
G1 X152.393 Y150.29 E126.46662
G1 X152.376 Y149.95 E126.48247
G1 X152.393 Y149.61 E126.49833
G1 X152.442 Y149.277 E126.514
G1 X152.524 Y148.947 E126.52983
G1 X152.638 Y148.63 E126.54552
G1 X152.78 Y148.328 E126.56106
G1 X152.958 Y148.031 E126.57718
G1 X153.162 Y147.757 E126.59309
G1 X153.385 Y147.51 E126.60858
G1 X153.632 Y147.287 E126.62408
G1 X153.906 Y147.083 E126.63998
G1 X154.203 Y146.905 E126.65611
G1 X154.505 Y146.763 E126.67165
G1 X154.822 Y146.649 E126.68733
G1 X155.152 Y146.567 E126.70317
G1 X155.485 Y146.518 E126.71884
G1 X155.825 Y146.501 E126.73469
G1 X156.165 Y146.518 E126.75054
G1 X156.498 Y146.567 E126.76622
G1 X156.828 Y146.649 E126.78205
G1 X157.145 Y146.763 E126.79774
G1 X157.447 Y146.905 E126.81327
G1 X157.744 Y147.083 E126.8294
G1 X158.018 Y147.287 E126.8453
G1 X158.265 Y147.51 E126.8608
G1 X158.488 Y147.757 E126.87629
G1 X158.692 Y148.031 E126.8922
G1 X158.87 Y148.328 E126.90832
G1 X159.012 Y148.63 E126.92386
G1 X159.126 Y148.947 E126.93955
G1 X159.208 Y149.277 E126.95538
G1 X159.257 Y149.61 E126.97106
G1 X159.274 Y149.95 E126.98691
G1 X159.257 Y150.29 E127.00276
G1 X159.208 Y150.623 E127.01843
G1 X159.126 Y150.953 E127.03427
G1 X159.012 Y151.27 E127.04995
G1 X158.872 Y151.568 E127.06528
G1 X158.692 Y151.869 E127.08161
G1 X158.488 Y152.143 E127.09752
G1 X158.265 Y152.39 E127.11302
G1 X158.018 Y152.613 E127.12851
G1 X157.744 Y152.817 E127.14442
G1 X157.447 Y152.995 E127.16054
G1 X157.145 Y153.137 E127.17608
G1 X156.828 Y153.251 E127.19177
G1 X156.498 Y153.333 E127.2076
G1 X156.165 Y153.382 E127.22327
G1 X155.825 Y153.399 E127.23912
G0 F9000 X155.825 Y152.959
G0 X155.257 Y152.863
;TYPE:FILL
G1 F1374.8 X156.789 Y147.144 E127.51481
G0 F9000 X155.757 Y146.986
G1 F1374.8 X158.788 Y150.017 E127.71441
G0 F9000 X158.629 Y150.916
G1 F1374.8 X153.877 Y152.189 E127.94349
G0 F9000 X152.868 Y150.186
G1 F1374.8 X153.385 Y148.257 E128.03648
G0 F9000 X153.164 Y148.636
G1 F1374.8 X157.137 Y152.609 E128.29811
G0 F9000 X158.034 Y147.969
G1 F1374.8 X152.92 Y149.339 E128.54463
G0 F9000 X153.037 Y149.368
G1 F2700 E123.54463
G0 F9000 X152.658 Y150.584
G0 X151.607 Y150.847
G0 X147.981 Y151.984
G0 X146.854 Y151.755
G0 X144.175 Y152.998
;TYPE:WALL-INNER
G1 F2700 E128.54463
G1 F687.4 X143.871 Y152.983 E128.55881
G1 X143.574 Y152.939 E128.57279
G1 X143.286 Y152.868 E128.5866
G1 X143.012 Y152.769 E128.60016
G1 X142.743 Y152.642 E128.61402
G1 X142.48 Y152.485 E128.62828
G1 X142.235 Y152.302 E128.64252
G1 X142.018 Y152.107 E128.6561
G1 X141.823 Y151.89 E128.66969
G1 X141.637 Y151.641 E128.68416
G1 X141.483 Y151.383 E128.69815
G1 X141.356 Y151.113 E128.71204
G1 X141.257 Y150.839 E128.72561
G1 X141.186 Y150.551 E128.73942
G1 X141.142 Y150.254 E128.7534
G1 X141.127 Y149.95 E128.76757
G1 X141.142 Y149.646 E128.78175
G1 X141.186 Y149.349 E128.79573
G1 X141.257 Y149.061 E128.80954
G1 X141.356 Y148.787 E128.82311
G1 X141.483 Y148.518 E128.83696
G1 X141.64 Y148.255 E128.85122
G1 X141.823 Y148.01 E128.86546
G1 X142.018 Y147.793 E128.87904
G1 X142.235 Y147.598 E128.89263
G1 X142.48 Y147.415 E128.90687
G1 X142.743 Y147.258 E128.92113
G1 X143.012 Y147.131 E128.93498
G1 X143.286 Y147.032 E128.94855
G1 X143.574 Y146.961 E128.96236
G1 X143.871 Y146.917 E128.97634
G1 X144.175 Y146.902 E128.99051
G1 X144.479 Y146.917 E129.00469
G1 X144.776 Y146.961 E129.01867
G1 X145.064 Y147.032 E129.03248
G1 X145.338 Y147.131 E129.04604
G1 X145.607 Y147.258 E129.0599
G1 X145.87 Y147.415 E129.07416
G1 X146.115 Y147.598 E129.0884
G1 X146.332 Y147.793 E129.10198
G1 X146.527 Y148.01 E129.11557
G1 X146.71 Y148.255 E129.12981
G1 X146.867 Y148.518 E129.14407
G1 X146.994 Y148.787 E129.15792
G1 X147.093 Y149.061 E129.17149
G1 X147.164 Y149.349 E129.1853
G1 X147.208 Y149.646 E129.19928
G1 X147.223 Y149.95 E129.21345
G1 X147.208 Y150.254 E129.22762
G1 X147.164 Y150.551 E129.24161
G1 X147.093 Y150.839 E129.25542
G1 X146.994 Y151.113 E129.26898
G1 X146.867 Y151.383 E129.28288
G1 X146.713 Y151.641 E129.29687
G1 X146.527 Y151.89 E129.31134
G1 X146.332 Y152.107 E129.32492
G1 X146.115 Y152.302 E129.33851
G1 X145.87 Y152.485 E129.35275
G1 X145.607 Y152.642 E129.36701
G1 X145.338 Y152.769 E129.38086
G1 X145.064 Y152.868 E129.39443
G1 X144.776 Y152.939 E129.40824
G1 X144.479 Y152.983 E129.42222
G1 X144.175 Y152.998 E129.43639
G0 F9000 X144.175 Y153.399
;TYPE:WALL-OUTER
G1 F687.4 X143.835 Y153.382 E129.45225
G1 X143.502 Y153.333 E129.46792
G1 X143.172 Y153.251 E129.48375
G1 X142.855 Y153.137 E129.49944
G1 X142.553 Y152.995 E129.51498
G1 X142.256 Y152.817 E129.5311
G1 X141.982 Y152.613 E129.54701
G1 X141.735 Y152.39 E129.5625
G1 X141.512 Y152.143 E129.578
G1 X141.308 Y151.869 E129.5939
G1 X141.128 Y151.568 E129.61023
G1 X140.988 Y151.27 E129.62557
G1 X140.874 Y150.953 E129.64125
G1 X140.792 Y150.623 E129.65709
G1 X140.743 Y150.29 E129.67276
G1 X140.726 Y149.95 E129.68861
G1 X140.743 Y149.61 E129.70446
G1 X140.792 Y149.277 E129.72013
G1 X140.874 Y148.947 E129.73597
G1 X140.988 Y148.63 E129.75165
G1 X141.13 Y148.328 E129.76719
G1 X141.308 Y148.031 E129.78332
G1 X141.512 Y147.757 E129.79922
G1 X141.735 Y147.51 E129.81472
G1 X141.982 Y147.287 E129.83021
G1 X142.256 Y147.083 E129.84612
G1 X142.553 Y146.905 E129.86224
G1 X142.855 Y146.763 E129.87778
G1 X143.172 Y146.649 E129.89347
G1 X143.502 Y146.567 E129.9093
G1 X143.835 Y146.518 E129.92498
G1 X144.175 Y146.501 E129.94083
G1 X144.515 Y146.518 E129.95668
G1 X144.848 Y146.567 E129.97235
G1 X145.178 Y146.649 E129.98819
G1 X145.495 Y146.763 E130.00387
G1 X145.797 Y146.905 E130.01941
G1 X146.094 Y147.083 E130.03553
G1 X146.368 Y147.287 E130.05144
G1 X146.615 Y147.51 E130.06694
G1 X146.838 Y147.757 E130.08243
G1 X147.042 Y148.031 E130.09834
G1 X147.22 Y148.328 E130.11446
G1 X147.362 Y148.63 E130.13
G1 X147.476 Y148.947 E130.14569
G1 X147.558 Y149.277 E130.16152
G1 X147.607 Y149.61 E130.17719
G1 X147.624 Y149.95 E130.19304
G1 X147.607 Y150.29 E130.2089
G1 X147.558 Y150.623 E130.22457
G1 X147.476 Y150.953 E130.2404
G1 X147.362 Y151.27 E130.25609
G1 X147.222 Y151.568 E130.27142
G1 X147.042 Y151.869 E130.28775
G1 X146.838 Y152.143 E130.30366
G1 X146.615 Y152.39 E130.31915
G1 X146.368 Y152.613 E130.33465
G1 X146.094 Y152.817 E130.35055
G1 X145.797 Y152.995 E130.36668
G1 X145.495 Y153.137 E130.38222
G1 X145.178 Y153.251 E130.3979
G1 X144.848 Y153.333 E130.41374
G1 X144.515 Y153.382 E130.42941
G1 X144.175 Y153.399 E130.44526
G0 F9000 X144.175 Y152.959
G0 X144.672 Y152.872
;TYPE:FILL
G1 F1374.8 X141.251 Y149.451 E130.67054
G0 F9000 X141.265 Y149.356
G1 F1374.8 X146.394 Y147.982 E130.91779
G0 F9000 X146.979 Y148.983
G1 F1374.8 X146.12 Y152.189 E131.07234
G0 F9000 X142.897 Y152.625
G1 F1374.8 X144.406 Y146.992 E131.34388
G0 F9000 X143.193 Y147.15
G1 F1374.8 X146.974 Y150.931 E131.59287
G0 F9000 X146.972 Y150.933
G1 F1374.8 X142.241 Y152.201 E131.82094
G0 F9000 X142.322 Y152.112
G1 F2700 E126.82094
;MESH:NONMESH
G0 F300 X142.322 Y152.112 Z4.76
G0 F9000 X146.854 Y151.755
G0 X147.785 Y152.312
G0 X152.216 Y152.313
G0 X153.146 Y151.755
G0 X155.825 Y152.998
;TIME_ELAPSED:231.660068
;LAYER:16
;TYPE:WALL-INNER
;MESH:Shiny Hillar (2).stl
G1 F2700 E131.82094
G1 F682.7 X155.521 Y152.983 E131.83511
G1 X155.224 Y152.939 E131.84909
G1 X154.936 Y152.868 E131.8629
G1 X154.662 Y152.769 E131.87647
G1 X154.393 Y152.642 E131.89032
G1 X154.13 Y152.485 E131.90458
G1 X153.885 Y152.302 E131.91882
G1 X153.668 Y152.107 E131.93241
G1 X153.473 Y151.89 E131.94599
G1 X153.287 Y151.641 E131.96046
G1 X153.133 Y151.383 E131.97446
G1 X153.006 Y151.113 E131.98835
G1 X152.907 Y150.839 E132.00192
G1 X152.836 Y150.551 E132.01573
G1 X152.792 Y150.254 E132.02971
G1 X152.777 Y149.95 E132.04388
G1 X152.792 Y149.646 E132.05805
G1 X152.836 Y149.349 E132.07203
G1 X152.907 Y149.061 E132.08585
G1 X153.006 Y148.787 E132.09941
G1 X153.133 Y148.518 E132.11326
G1 X153.29 Y148.255 E132.12753
G1 X153.473 Y148.01 E132.14177
G1 X153.668 Y147.793 E132.15535
G1 X153.885 Y147.598 E132.16893
G1 X154.13 Y147.415 E132.18317
G1 X154.393 Y147.258 E132.19744
G1 X154.662 Y147.131 E132.21129
G1 X154.936 Y147.032 E132.22485
G1 X155.224 Y146.961 E132.23867
G1 X155.521 Y146.917 E132.25265
G1 X155.825 Y146.902 E132.26682
G1 X156.129 Y146.917 E132.28099
G1 X156.426 Y146.961 E132.29497
G1 X156.714 Y147.032 E132.30878
G1 X156.988 Y147.131 E132.32235
G1 X157.257 Y147.258 E132.3362
G1 X157.52 Y147.415 E132.35046
G1 X157.765 Y147.598 E132.3647
G1 X157.982 Y147.793 E132.37829
G1 X158.177 Y148.01 E132.39187
G1 X158.36 Y148.255 E132.40611
G1 X158.517 Y148.518 E132.42037
G1 X158.644 Y148.787 E132.43423
G1 X158.743 Y149.061 E132.44779
G1 X158.814 Y149.349 E132.4616
G1 X158.858 Y149.646 E132.47558
G1 X158.873 Y149.95 E132.48976
G1 X158.858 Y150.254 E132.50393
G1 X158.814 Y150.551 E132.51791
G1 X158.743 Y150.839 E132.53172
G1 X158.644 Y151.113 E132.54529
G1 X158.517 Y151.383 E132.55918
G1 X158.363 Y151.641 E132.57317
G1 X158.177 Y151.89 E132.58765
G1 X157.982 Y152.107 E132.60123
G1 X157.765 Y152.302 E132.61482
G1 X157.52 Y152.485 E132.62905
G1 X157.257 Y152.642 E132.64332
G1 X156.988 Y152.769 E132.65717
G1 X156.714 Y152.868 E132.67073
G1 X156.426 Y152.939 E132.68455
G1 X156.129 Y152.983 E132.69853
G1 X155.825 Y152.998 E132.7127
G0 F9000 X155.825 Y153.399
;TYPE:WALL-OUTER
G1 F682.7 X155.485 Y153.382 E132.72855
G1 X155.152 Y153.333 E132.74422
G1 X154.822 Y153.251 E132.76006
G1 X154.505 Y153.137 E132.77574
G1 X154.203 Y152.995 E132.79128
G1 X153.906 Y152.817 E132.80741
G1 X153.632 Y152.613 E132.82331
G1 X153.385 Y152.39 E132.83881
G1 X153.162 Y152.143 E132.8543
G1 X152.958 Y151.869 E132.87021
G1 X152.778 Y151.568 E132.88654
G1 X152.638 Y151.27 E132.90187
G1 X152.524 Y150.953 E132.91756
G1 X152.442 Y150.623 E132.93339
G1 X152.393 Y150.29 E132.94906
G1 X152.376 Y149.95 E132.96492
G1 X152.393 Y149.61 E132.98077
G1 X152.442 Y149.277 E132.99644
G1 X152.524 Y148.947 E133.01227
G1 X152.638 Y148.63 E133.02796
G1 X152.78 Y148.328 E133.0435
G1 X152.958 Y148.031 E133.05962
G1 X153.162 Y147.757 E133.07553
G1 X153.385 Y147.51 E133.09102
G1 X153.632 Y147.287 E133.10652
G1 X153.906 Y147.083 E133.12243
G1 X154.203 Y146.905 E133.13855
G1 X154.505 Y146.763 E133.15409
G1 X154.822 Y146.649 E133.16977
G1 X155.152 Y146.567 E133.18561
G1 X155.485 Y146.518 E133.20128
G1 X155.825 Y146.501 E133.21713
G1 X156.165 Y146.518 E133.23298
G1 X156.498 Y146.567 E133.24866
G1 X156.828 Y146.649 E133.26449
G1 X157.145 Y146.763 E133.28018
G1 X157.447 Y146.905 E133.29572
G1 X157.744 Y147.083 E133.31184
G1 X158.018 Y147.287 E133.32775
G1 X158.265 Y147.51 E133.34324
G1 X158.488 Y147.757 E133.35874
G1 X158.692 Y148.031 E133.37464
G1 X158.87 Y148.328 E133.39077
G1 X159.012 Y148.63 E133.40631
G1 X159.126 Y148.947 E133.42199
G1 X159.208 Y149.277 E133.43783
G1 X159.257 Y149.61 E133.4535
G1 X159.274 Y149.95 E133.46935
G1 X159.257 Y150.29 E133.4852
G1 X159.208 Y150.623 E133.50087
G1 X159.126 Y150.953 E133.51671
G1 X159.012 Y151.27 E133.53239
G1 X158.872 Y151.568 E133.54773
G1 X158.692 Y151.869 E133.56406
G1 X158.488 Y152.143 E133.57996
G1 X158.265 Y152.39 E133.59546
G1 X158.018 Y152.613 E133.61095
G1 X157.744 Y152.817 E133.62686
G1 X157.447 Y152.995 E133.64298
G1 X157.145 Y153.137 E133.65852
G1 X156.828 Y153.251 E133.67421
G1 X156.498 Y153.333 E133.69004
G1 X156.165 Y153.382 E133.70571
G1 X155.825 Y153.399 E133.72157
G0 F9000 X155.825 Y152.959
G0 X155.064 Y152.817
;TYPE:FILL
G1 F1365.3 X156.6 Y147.085 E133.99789
G0 F9000 X156.044 Y146.993
G1 F1365.3 X158.781 Y149.73 E134.17812
G0 F9000 X158.54 Y151.144
G1 F1365.3 X154.07 Y152.342 E134.39361
G0 F9000 X152.885 Y149.554
G1 F1365.3 X158.173 Y148.137 E134.64853
G0 F9000 X157.319 Y152.511
G1 F1365.3 X153.262 Y148.454 E134.91569
G0 F9000 X153.366 Y148.518
G1 F2700 E129.91569
G0 F9000 X152.612 Y149.629
G0 X151.527 Y149.575
G0 X148.305 Y151.203
G0 X147.159 Y151.186
G0 X144.175 Y152.998
;TYPE:WALL-INNER
G1 F2700 E134.91569
G1 F682.7 X143.871 Y152.983 E134.92986
G1 X143.574 Y152.939 E134.94384
G1 X143.286 Y152.868 E134.95766
G1 X143.012 Y152.769 E134.97122
G1 X142.743 Y152.642 E134.98507
G1 X142.48 Y152.485 E134.99934
G1 X142.235 Y152.302 E135.01358
G1 X142.018 Y152.107 E135.02716
G1 X141.823 Y151.89 E135.04075
G1 X141.637 Y151.641 E135.05522
G1 X141.483 Y151.383 E135.06921
G1 X141.356 Y151.113 E135.0831
G1 X141.257 Y150.839 E135.09667
G1 X141.186 Y150.551 E135.11048
G1 X141.142 Y150.254 E135.12446
G1 X141.127 Y149.95 E135.13863
G1 X141.142 Y149.646 E135.15281
G1 X141.186 Y149.349 E135.16679
G1 X141.257 Y149.061 E135.1806
G1 X141.356 Y148.787 E135.19416
G1 X141.483 Y148.518 E135.20802
G1 X141.64 Y148.255 E135.22228
G1 X141.823 Y148.01 E135.23652
G1 X142.018 Y147.793 E135.2501
G1 X142.235 Y147.598 E135.26369
G1 X142.48 Y147.415 E135.27793
G1 X142.743 Y147.258 E135.29219
G1 X143.012 Y147.131 E135.30604
G1 X143.286 Y147.032 E135.31961
G1 X143.574 Y146.961 E135.33342
G1 X143.871 Y146.917 E135.3474
G1 X144.175 Y146.902 E135.36157
G1 X144.479 Y146.917 E135.37574
G1 X144.776 Y146.961 E135.38973
G1 X145.064 Y147.032 E135.40354
G1 X145.338 Y147.131 E135.4171
G1 X145.607 Y147.258 E135.43095
G1 X145.87 Y147.415 E135.44522
G1 X146.115 Y147.598 E135.45946
G1 X146.332 Y147.793 E135.47304
G1 X146.527 Y148.01 E135.48663
G1 X146.71 Y148.255 E135.50087
G1 X146.867 Y148.518 E135.51513
G1 X146.994 Y148.787 E135.52898
G1 X147.093 Y149.061 E135.54255
G1 X147.164 Y149.349 E135.55636
G1 X147.208 Y149.646 E135.57034
G1 X147.223 Y149.95 E135.58451
G1 X147.208 Y150.254 E135.59868
G1 X147.164 Y150.551 E135.61266
G1 X147.093 Y150.839 E135.62648
G1 X146.994 Y151.113 E135.64004
G1 X146.867 Y151.383 E135.65394
G1 X146.713 Y151.641 E135.66793
G1 X146.527 Y151.89 E135.6824
G1 X146.332 Y152.107 E135.69598
G1 X146.115 Y152.302 E135.70957
G1 X145.87 Y152.485 E135.72381
G1 X145.607 Y152.642 E135.73807
G1 X145.338 Y152.769 E135.75192
G1 X145.064 Y152.868 E135.76549
G1 X144.776 Y152.939 E135.7793
G1 X144.479 Y152.983 E135.79328
G1 X144.175 Y152.998 E135.80745
G0 F9000 X144.175 Y153.399
;TYPE:WALL-OUTER
G1 F682.7 X143.835 Y153.382 E135.8233
G1 X143.502 Y153.333 E135.83898
G1 X143.172 Y153.251 E135.85481
G1 X142.855 Y153.137 E135.8705
G1 X142.553 Y152.995 E135.88604
G1 X142.256 Y152.817 E135.90216
G1 X141.982 Y152.613 E135.91807
G1 X141.735 Y152.39 E135.93356
G1 X141.512 Y152.143 E135.94906
G1 X141.308 Y151.869 E135.96496
G1 X141.128 Y151.568 E135.98129
G1 X140.988 Y151.27 E135.99662
G1 X140.874 Y150.953 E136.01231
G1 X140.792 Y150.623 E136.02814
G1 X140.743 Y150.29 E136.04382
G1 X140.726 Y149.95 E136.05967
G1 X140.743 Y149.61 E136.07552
G1 X140.792 Y149.277 E136.09119
G1 X140.874 Y148.947 E136.10703
G1 X140.988 Y148.63 E136.12271
G1 X141.13 Y148.328 E136.13825
G1 X141.308 Y148.031 E136.15438
G1 X141.512 Y147.757 E136.17028
G1 X141.735 Y147.51 E136.18578
G1 X141.982 Y147.287 E136.20127
G1 X142.256 Y147.083 E136.21718
G1 X142.553 Y146.905 E136.2333
G1 X142.855 Y146.763 E136.24884
G1 X143.172 Y146.649 E136.26453
G1 X143.502 Y146.567 E136.28036
G1 X143.835 Y146.518 E136.29603
G1 X144.175 Y146.501 E136.31189
G1 X144.515 Y146.518 E136.32774
G1 X144.848 Y146.567 E136.34341
G1 X145.178 Y146.649 E136.35924
G1 X145.495 Y146.763 E136.37493
G1 X145.797 Y146.905 E136.39047
G1 X146.094 Y147.083 E136.40659
G1 X146.368 Y147.287 E136.4225
G1 X146.615 Y147.51 E136.43799
G1 X146.838 Y147.757 E136.45349
G1 X147.042 Y148.031 E136.4694
G1 X147.22 Y148.328 E136.48552
G1 X147.362 Y148.63 E136.50106
G1 X147.476 Y148.947 E136.51674
G1 X147.558 Y149.277 E136.53258
G1 X147.607 Y149.61 E136.54825
G1 X147.624 Y149.95 E136.5641
G1 X147.607 Y150.29 E136.57995
G1 X147.558 Y150.623 E136.59563
G1 X147.476 Y150.953 E136.61146
G1 X147.362 Y151.27 E136.62715
G1 X147.222 Y151.568 E136.64248
G1 X147.042 Y151.869 E136.65881
G1 X146.838 Y152.143 E136.67471
G1 X146.615 Y152.39 E136.69021
G1 X146.368 Y152.613 E136.70571
G1 X146.094 Y152.817 E136.72161
G1 X145.797 Y152.995 E136.73774
G1 X145.495 Y153.137 E136.75327
G1 X145.178 Y153.251 E136.76896
G1 X144.848 Y153.333 E136.78479
G1 X144.515 Y153.382 E136.80047
G1 X144.175 Y153.399 E136.81632
G0 F9000 X144.175 Y152.959
G0 X144.905 Y152.824
;TYPE:FILL
G1 F1365.3 X141.299 Y149.218 E137.05378
G0 F9000 X141.234 Y149.57
G1 F1365.3 X146.533 Y148.15 E137.30923
G0 F9000 X146.855 Y148.682
G1 F1365.3 X145.861 Y152.391 E137.48803
G0 F9000 X146.88 Y151.163
G1 F1365.3 X142.435 Y152.354 E137.70231
G0 F9000 X142.717 Y152.533
G1 F1365.3 X144.204 Y146.983 E137.96986
G0 F9000 X143.406 Y147.083
G1 F1365.3 X147.041 Y150.718 E138.20923
G0 F9000 X146.924 Y150.689
G1 F2700 E133.20923
;MESH:NONMESH
G0 F300 X146.924 Y150.689 Z5.04
G0 F9000 X147.269 Y150.879
G0 X148.32 Y151.141
G0 X152.216 Y152.313
G0 X153.146 Y151.755
G0 X155.825 Y152.998
;TIME_ELAPSED:244.276033
;LAYER:17
;TYPE:WALL-INNER
;MESH:Shiny Hillar (2).stl
G1 F2700 E138.20923
G1 F684 X155.521 Y152.983 E138.2234
G1 X155.224 Y152.939 E138.23738
G1 X154.936 Y152.868 E138.25119
G1 X154.662 Y152.769 E138.26476
G1 X154.393 Y152.642 E138.27861
G1 X154.13 Y152.485 E138.29287
G1 X153.885 Y152.302 E138.30711
G1 X153.668 Y152.107 E138.3207
G1 X153.473 Y151.89 E138.33428
G1 X153.287 Y151.641 E138.34875
G1 X153.133 Y151.383 E138.36274
G1 X153.006 Y151.113 E138.37664
G1 X152.907 Y150.839 E138.3902
G1 X152.836 Y150.551 E138.40402
G1 X152.792 Y150.254 E138.418
G1 X152.777 Y149.95 E138.43217
G1 X152.792 Y149.646 E138.44634
G1 X152.836 Y149.349 E138.46032
G1 X152.907 Y149.061 E138.47413
G1 X153.006 Y148.787 E138.4877
G1 X153.133 Y148.518 E138.50155
G1 X153.29 Y148.255 E138.51581
G1 X153.473 Y148.01 E138.53005
G1 X153.668 Y147.793 E138.54364
G1 X153.885 Y147.598 E138.55722
G1 X154.13 Y147.415 E138.57146
G1 X154.393 Y147.258 E138.58572
G1 X154.662 Y147.131 E138.59958
G1 X154.936 Y147.032 E138.61314
G1 X155.224 Y146.961 E138.62695
G1 X155.521 Y146.917 E138.64093
G1 X155.825 Y146.902 E138.65511
G1 X156.129 Y146.917 E138.66928
G1 X156.426 Y146.961 E138.68326
G1 X156.714 Y147.032 E138.69707
G1 X156.988 Y147.131 E138.71064
G1 X157.257 Y147.258 E138.72449
G1 X157.52 Y147.415 E138.73875
G1 X157.765 Y147.598 E138.75299
G1 X157.982 Y147.793 E138.76658
G1 X158.177 Y148.01 E138.78016
G1 X158.36 Y148.255 E138.7944
G1 X158.517 Y148.518 E138.80866
G1 X158.644 Y148.787 E138.82251
G1 X158.743 Y149.061 E138.83608
G1 X158.814 Y149.349 E138.84989
G1 X158.858 Y149.646 E138.86387
G1 X158.873 Y149.95 E138.87805
G1 X158.858 Y150.254 E138.89222
G1 X158.814 Y150.551 E138.9062
G1 X158.743 Y150.839 E138.92001
G1 X158.644 Y151.113 E138.93358
G1 X158.517 Y151.383 E138.94747
G1 X158.363 Y151.641 E138.96146
G1 X158.177 Y151.89 E138.97593
G1 X157.982 Y152.107 E138.98952
G1 X157.765 Y152.302 E139.0031
G1 X157.52 Y152.485 E139.01734
G1 X157.257 Y152.642 E139.03161
G1 X156.988 Y152.769 E139.04546
G1 X156.714 Y152.868 E139.05902
G1 X156.426 Y152.939 E139.07283
G1 X156.129 Y152.983 E139.08681
G1 X155.825 Y152.998 E139.10099
G0 F9000 X155.825 Y153.399
;TYPE:WALL-OUTER
G1 F684 X155.485 Y153.382 E139.11684
G1 X155.152 Y153.333 E139.13251
G1 X154.822 Y153.251 E139.14835
G1 X154.505 Y153.137 E139.16403
G1 X154.203 Y152.995 E139.17957
G1 X153.906 Y152.817 E139.19569
G1 X153.632 Y152.613 E139.2116
G1 X153.385 Y152.39 E139.2271
G1 X153.162 Y152.143 E139.24259
G1 X152.958 Y151.869 E139.2585
G1 X152.778 Y151.568 E139.27483
G1 X152.638 Y151.27 E139.29016
G1 X152.524 Y150.953 E139.30585
G1 X152.442 Y150.623 E139.32168
G1 X152.393 Y150.29 E139.33735
G1 X152.376 Y149.95 E139.3532
G1 X152.393 Y149.61 E139.36906
G1 X152.442 Y149.277 E139.38473
G1 X152.524 Y148.947 E139.40056
G1 X152.638 Y148.63 E139.41625
G1 X152.78 Y148.328 E139.43179
G1 X152.958 Y148.031 E139.44791
G1 X153.162 Y147.757 E139.46382
G1 X153.385 Y147.51 E139.47931
G1 X153.632 Y147.287 E139.49481
G1 X153.906 Y147.083 E139.51071
G1 X154.203 Y146.905 E139.52684
G1 X154.505 Y146.763 E139.54238
G1 X154.822 Y146.649 E139.55806
G1 X155.152 Y146.567 E139.5739
G1 X155.485 Y146.518 E139.58957
G1 X155.825 Y146.501 E139.60542
G1 X156.165 Y146.518 E139.62127
G1 X156.498 Y146.567 E139.63695
G1 X156.828 Y146.649 E139.65278
G1 X157.145 Y146.763 E139.66847
G1 X157.447 Y146.905 E139.684
G1 X157.744 Y147.083 E139.70013
G1 X158.018 Y147.287 E139.71603
G1 X158.265 Y147.51 E139.73153
G1 X158.488 Y147.757 E139.74702
G1 X158.692 Y148.031 E139.76293
G1 X158.87 Y148.328 E139.77905
G1 X159.012 Y148.63 E139.79459
G1 X159.126 Y148.947 E139.81028
G1 X159.208 Y149.277 E139.82611
G1 X159.257 Y149.61 E139.84179
G1 X159.274 Y149.95 E139.85764
G1 X159.257 Y150.29 E139.87349
G1 X159.208 Y150.623 E139.88916
G1 X159.126 Y150.953 E139.905
G1 X159.012 Y151.27 E139.92068
G1 X158.872 Y151.568 E139.93601
G1 X158.692 Y151.869 E139.95234
G1 X158.488 Y152.143 E139.96825
G1 X158.265 Y152.39 E139.98375
G1 X158.018 Y152.613 E139.99924
G1 X157.744 Y152.817 E140.01515
G1 X157.447 Y152.995 E140.03127
G1 X157.145 Y153.137 E140.04681
G1 X156.828 Y153.251 E140.0625
G1 X156.498 Y153.333 E140.07833
G1 X156.165 Y153.382 E140.094
G1 X155.825 Y153.399 E140.10985
G0 F9000 X155.825 Y152.959
G0 X154.874 Y152.76
;TYPE:FILL
G1 F1368.1 X156.408 Y147.038 E140.3857
G0 F9000 X156.363 Y147.032
G1 F1368.1 X158.741 Y149.41 E140.5423
G0 F9000 X158.782 Y149.767
G1 F1368.1 X158.289 Y151.606 E140.63095
G0 F9000 X158.424 Y151.38
G1 F1368.1 X154.29 Y152.488 E140.83024
G0 F9000 X152.866 Y149.764
G1 F1368.1 X158.299 Y148.308 E141.09215
G0 F9000 X157.493 Y152.404
G1 F1368.1 X153.368 Y148.28 E141.36376
G0 F9000 X153.466 Y148.353
G1 F2700 E136.36376
G0 F9000 X152.612 Y149.629
G0 X151.527 Y149.575
G0 X148.305 Y151.203
G0 X147.159 Y151.186
G0 X144.175 Y152.998
;TYPE:WALL-INNER
G1 F2700 E141.36376
G1 F684 X143.871 Y152.983 E141.37793
G1 X143.574 Y152.939 E141.39191
G1 X143.286 Y152.868 E141.40572
G1 X143.012 Y152.769 E141.41929
G1 X142.743 Y152.642 E141.43314
G1 X142.48 Y152.485 E141.4474
G1 X142.235 Y152.302 E141.46164
G1 X142.018 Y152.107 E141.47523
G1 X141.823 Y151.89 E141.48881
G1 X141.637 Y151.641 E141.50329
G1 X141.483 Y151.383 E141.51728
G1 X141.356 Y151.113 E141.53117
G1 X141.257 Y150.839 E141.54474
G1 X141.186 Y150.551 E141.55855
G1 X141.142 Y150.254 E141.57253
G1 X141.127 Y149.95 E141.5867
G1 X141.142 Y149.646 E141.60087
G1 X141.186 Y149.349 E141.61485
G1 X141.257 Y149.061 E141.62867
G1 X141.356 Y148.787 E141.64223
G1 X141.483 Y148.518 E141.65608
G1 X141.64 Y148.255 E141.67035
G1 X141.823 Y148.01 E141.68459
G1 X142.018 Y147.793 E141.69817
G1 X142.235 Y147.598 E141.71176
G1 X142.48 Y147.415 E141.726
G1 X142.743 Y147.258 E141.74026
G1 X143.012 Y147.131 E141.75411
G1 X143.286 Y147.032 E141.76767
G1 X143.574 Y146.961 E141.78149
G1 X143.871 Y146.917 E141.79547
G1 X144.175 Y146.902 E141.80964
G1 X144.479 Y146.917 E141.82381
G1 X144.776 Y146.961 E141.83779
G1 X145.064 Y147.032 E141.85161
G1 X145.338 Y147.131 E141.86517
G1 X145.607 Y147.258 E141.87902
G1 X145.87 Y147.415 E141.89329
G1 X146.115 Y147.598 E141.90752
G1 X146.332 Y147.793 E141.92111
G1 X146.527 Y148.01 E141.93469
G1 X146.71 Y148.255 E141.94893
G1 X146.867 Y148.518 E141.9632
G1 X146.994 Y148.787 E141.97705
G1 X147.093 Y149.061 E141.99061
G1 X147.164 Y149.349 E142.00443
G1 X147.208 Y149.646 E142.01841
G1 X147.223 Y149.95 E142.03258
G1 X147.208 Y150.254 E142.04675
G1 X147.164 Y150.551 E142.06073
G1 X147.093 Y150.839 E142.07454
G1 X146.994 Y151.113 E142.08811
G1 X146.867 Y151.383 E142.102
G1 X146.713 Y151.641 E142.11599
G1 X146.527 Y151.89 E142.13047
G1 X146.332 Y152.107 E142.14405
G1 X146.115 Y152.302 E142.15764
G1 X145.87 Y152.485 E142.17188
G1 X145.607 Y152.642 E142.18614
G1 X145.338 Y152.769 E142.19999
G1 X145.064 Y152.868 E142.21356
G1 X144.776 Y152.939 E142.22737
G1 X144.479 Y152.983 E142.24135
G1 X144.175 Y152.998 E142.25552
G0 F9000 X144.175 Y153.399
;TYPE:WALL-OUTER
G1 F684 X143.835 Y153.382 E142.27137
G1 X143.502 Y153.333 E142.28705
G1 X143.172 Y153.251 E142.30288
G1 X142.855 Y153.137 E142.31856
G1 X142.553 Y152.995 E142.3341
G1 X142.256 Y152.817 E142.35023
G1 X141.982 Y152.613 E142.36613
G1 X141.735 Y152.39 E142.38163
G1 X141.512 Y152.143 E142.39712
G1 X141.308 Y151.869 E142.41303
G1 X141.128 Y151.568 E142.42936
G1 X140.988 Y151.27 E142.44469
G1 X140.874 Y150.953 E142.46038
G1 X140.792 Y150.623 E142.47621
G1 X140.743 Y150.29 E142.49189
G1 X140.726 Y149.95 E142.50774
G1 X140.743 Y149.61 E142.52359
G1 X140.792 Y149.277 E142.53926
G1 X140.874 Y148.947 E142.55509
G1 X140.988 Y148.63 E142.57078
G1 X141.13 Y148.328 E142.58632
G1 X141.308 Y148.031 E142.60244
G1 X141.512 Y147.757 E142.61835
G1 X141.735 Y147.51 E142.63385
G1 X141.982 Y147.287 E142.64934
G1 X142.256 Y147.083 E142.66525
G1 X142.553 Y146.905 E142.68137
G1 X142.855 Y146.763 E142.69691
G1 X143.172 Y146.649 E142.7126
G1 X143.502 Y146.567 E142.72843
G1 X143.835 Y146.518 E142.7441
G1 X144.175 Y146.501 E142.75995
G1 X144.515 Y146.518 E142.77581
G1 X144.848 Y146.567 E142.79148
G1 X145.178 Y146.649 E142.80731
G1 X145.495 Y146.763 E142.823
G1 X145.797 Y146.905 E142.83854
G1 X146.094 Y147.083 E142.85466
G1 X146.368 Y147.287 E142.87057
G1 X146.615 Y147.51 E142.88606
G1 X146.838 Y147.757 E142.90156
G1 X147.042 Y148.031 E142.91746
G1 X147.22 Y148.328 E142.93359
G1 X147.362 Y148.63 E142.94913
G1 X147.476 Y148.947 E142.96481
G1 X147.558 Y149.277 E142.98065
G1 X147.607 Y149.61 E142.99632
G1 X147.624 Y149.95 E143.01217
G1 X147.607 Y150.29 E143.02802
G1 X147.558 Y150.623 E143.0437
G1 X147.476 Y150.953 E143.05953
G1 X147.362 Y151.27 E143.07521
G1 X147.222 Y151.568 E143.09055
G1 X147.042 Y151.869 E143.10688
G1 X146.838 Y152.143 E143.12278
G1 X146.615 Y152.39 E143.13828
G1 X146.368 Y152.613 E143.15377
G1 X146.094 Y152.817 E143.16968
G1 X145.797 Y152.995 E143.1858
G1 X145.495 Y153.137 E143.20134
G1 X145.178 Y153.251 E143.21703
G1 X144.848 Y153.333 E143.23286
G1 X144.515 Y153.382 E143.24854
G1 X144.175 Y153.399 E143.26439
G0 F9000 X144.175 Y152.959
G0 X145.121 Y152.761
;TYPE:FILL
G1 F1368.1 X141.362 Y149.002 E143.51192
G0 F9000 X141.215 Y149.78
G1 F1368.1 X146.657 Y148.322 E143.77426
G0 F9000 X146.719 Y148.425
G1 F1368.1 X145.615 Y152.544 E143.97283
G0 F9000 X146.762 Y151.399
G1 F1368.1 X142.657 Y152.499 E144.17072
G0 F9000 X142.54 Y152.427
G1 F1368.1 X143.997 Y146.989 E144.43287
G0 F9000 X143.635 Y147.032
G1 F1368.1 X147.092 Y150.489 E144.66052
G0 F9000 X146.974 Y150.472
G1 F2700 E139.66052
;MESH:NONMESH
G0 F300 X146.974 Y150.472 Z5.32
G0 F9000 X147.269 Y150.879
G0 X148.32 Y151.141
G0 X152.216 Y152.313
G0 X153.146 Y151.755
G0 X155.825 Y152.998
;TIME_ELAPSED:256.890504
;LAYER:18
;TYPE:WALL-INNER
;MESH:Shiny Hillar (2).stl
G1 F2700 E144.66052
G1 F683.3 X155.521 Y152.983 E144.67469
G1 X155.224 Y152.939 E144.68867
G1 X154.936 Y152.868 E144.70248
G1 X154.662 Y152.769 E144.71605
G1 X154.393 Y152.642 E144.7299
G1 X154.13 Y152.485 E144.74416
G1 X153.885 Y152.302 E144.7584
G1 X153.668 Y152.107 E144.77199
G1 X153.473 Y151.89 E144.78557
G1 X153.287 Y151.641 E144.80004
G1 X153.133 Y151.383 E144.81403
G1 X153.006 Y151.113 E144.82793
G1 X152.907 Y150.839 E144.84149
G1 X152.836 Y150.551 E144.85531
G1 X152.792 Y150.254 E144.86929
G1 X152.777 Y149.95 E144.88346
G1 X152.792 Y149.646 E144.89763
G1 X152.836 Y149.349 E144.91161
G1 X152.907 Y149.061 E144.92542
G1 X153.006 Y148.787 E144.93899
G1 X153.133 Y148.518 E144.95284
G1 X153.29 Y148.255 E144.9671
G1 X153.473 Y148.01 E144.98134
G1 X153.668 Y147.793 E144.99493
G1 X153.885 Y147.598 E145.00851
G1 X154.13 Y147.415 E145.02275
G1 X154.393 Y147.258 E145.03701
G1 X154.662 Y147.131 E145.05087
G1 X154.936 Y147.032 E145.06443
G1 X155.224 Y146.961 E145.07824
G1 X155.521 Y146.917 E145.09222
G1 X155.825 Y146.902 E145.1064
G1 X156.129 Y146.917 E145.12057
G1 X156.426 Y146.961 E145.13455
G1 X156.714 Y147.032 E145.14836
G1 X156.988 Y147.131 E145.16193
G1 X157.257 Y147.258 E145.17578
G1 X157.52 Y147.415 E145.19004
G1 X157.765 Y147.598 E145.20428
G1 X157.982 Y147.793 E145.21787
G1 X158.177 Y148.01 E145.23145
G1 X158.36 Y148.255 E145.24569
G1 X158.517 Y148.518 E145.25995
G1 X158.644 Y148.787 E145.2738
G1 X158.743 Y149.061 E145.28737
G1 X158.814 Y149.349 E145.30118
G1 X158.858 Y149.646 E145.31516
G1 X158.873 Y149.95 E145.32934
G1 X158.858 Y150.254 E145.34351
G1 X158.814 Y150.551 E145.35749
G1 X158.743 Y150.839 E145.3713
G1 X158.644 Y151.113 E145.38487
G1 X158.517 Y151.383 E145.39876
G1 X158.363 Y151.641 E145.41275
G1 X158.177 Y151.89 E145.42722
G1 X157.982 Y152.107 E145.44081
G1 X157.765 Y152.302 E145.45439
G1 X157.52 Y152.485 E145.46863
G1 X157.257 Y152.642 E145.4829
G1 X156.988 Y152.769 E145.49675
G1 X156.714 Y152.868 E145.51031
G1 X156.426 Y152.939 E145.52412
G1 X156.129 Y152.983 E145.53811
G1 X155.825 Y152.998 E145.55228
G0 F9000 X155.825 Y153.399
;TYPE:WALL-OUTER
G1 F683.3 X155.485 Y153.382 E145.56813
G1 X155.152 Y153.333 E145.5838
G1 X154.822 Y153.251 E145.59964
G1 X154.505 Y153.137 E145.61532
G1 X154.203 Y152.995 E145.63086
G1 X153.906 Y152.817 E145.64698
G1 X153.632 Y152.613 E145.66289
G1 X153.385 Y152.39 E145.67839
G1 X153.162 Y152.143 E145.69388
G1 X152.958 Y151.869 E145.70979
G1 X152.778 Y151.568 E145.72612
G1 X152.638 Y151.27 E145.74145
G1 X152.524 Y150.953 E145.75714
G1 X152.442 Y150.623 E145.77297
G1 X152.393 Y150.29 E145.78864
G1 X152.376 Y149.95 E145.80449
G1 X152.393 Y149.61 E145.82035
G1 X152.442 Y149.277 E145.83602
G1 X152.524 Y148.947 E145.85185
G1 X152.638 Y148.63 E145.86754
G1 X152.78 Y148.328 E145.88308
G1 X152.958 Y148.031 E145.8992
G1 X153.162 Y147.757 E145.91511
G1 X153.385 Y147.51 E145.9306
G1 X153.632 Y147.287 E145.9461
G1 X153.906 Y147.083 E145.962
G1 X154.203 Y146.905 E145.97813
G1 X154.505 Y146.763 E145.99367
G1 X154.822 Y146.649 E146.00935
G1 X155.152 Y146.567 E146.02519
G1 X155.485 Y146.518 E146.04086
G1 X155.825 Y146.501 E146.05671
G1 X156.165 Y146.518 E146.07256
G1 X156.498 Y146.567 E146.08824
G1 X156.828 Y146.649 E146.10407
G1 X157.145 Y146.763 E146.11976
G1 X157.447 Y146.905 E146.13529
G1 X157.744 Y147.083 E146.15142
G1 X158.018 Y147.287 E146.16732
G1 X158.265 Y147.51 E146.18282
G1 X158.488 Y147.757 E146.19831
G1 X158.692 Y148.031 E146.21422
G1 X158.87 Y148.328 E146.23034
G1 X159.012 Y148.63 E146.24588
G1 X159.126 Y148.947 E146.26157
G1 X159.208 Y149.277 E146.2774
G1 X159.257 Y149.61 E146.29308
G1 X159.274 Y149.95 E146.30893
G1 X159.257 Y150.29 E146.32478
G1 X159.208 Y150.623 E146.34045
G1 X159.126 Y150.953 E146.35629
G1 X159.012 Y151.27 E146.37197
G1 X158.872 Y151.568 E146.3873
G1 X158.692 Y151.869 E146.40363
G1 X158.488 Y152.143 E146.41954
G1 X158.265 Y152.39 E146.43504
G1 X158.018 Y152.613 E146.45053
G1 X157.744 Y152.817 E146.46644
G1 X157.447 Y152.995 E146.48256
G1 X157.145 Y153.137 E146.4981
G1 X156.828 Y153.251 E146.51379
G1 X156.498 Y153.333 E146.52962
G1 X156.165 Y153.382 E146.54529
G1 X155.825 Y153.399 E146.56114
G0 F9000 X155.825 Y152.959
G0 X154.688 Y152.692
;TYPE:FILL
G1 F1366.5 X156.211 Y147.008 E146.83515
G0 F9000 X156.736 Y147.125
G1 F1366.5 X158.65 Y149.039 E146.96119
G0 F9000 X158.711 Y149.268
G1 F1366.5 X157.983 Y151.985 E147.09217
G0 F9000 X157.653 Y152.285
G1 F1366.5 X153.488 Y148.119 E147.36647
G0 F9000 X152.858 Y149.971
G1 F1366.5 X158.405 Y148.485 E147.63387
G0 F9000 X158.274 Y151.626
G1 F1366.5 X154.545 Y152.625 E147.81363
G0 F9000 X154.596 Y152.518
G1 F2700 E142.81363
G0 F9000 X153.146 Y151.755
G0 X152.216 Y152.313
G0 X147.785 Y152.312
G0 X146.854 Y151.755
G0 X144.175 Y152.998
;TYPE:WALL-INNER
G1 F2700 E147.81363
G1 F683.3 X143.871 Y152.983 E147.82781
G1 X143.574 Y152.939 E147.84179
G1 X143.286 Y152.868 E147.8556
G1 X143.012 Y152.769 E147.86917
G1 X142.743 Y152.642 E147.88302
G1 X142.48 Y152.485 E147.89728
G1 X142.235 Y152.302 E147.91152
G1 X142.018 Y152.107 E147.9251
G1 X141.823 Y151.89 E147.93869
G1 X141.637 Y151.641 E147.95316
G1 X141.483 Y151.383 E147.96715
G1 X141.356 Y151.113 E147.98105
G1 X141.257 Y150.839 E147.99461
G1 X141.186 Y150.551 E148.00842
G1 X141.142 Y150.254 E148.0224
G1 X141.127 Y149.95 E148.03658
G1 X141.142 Y149.646 E148.05075
G1 X141.186 Y149.349 E148.06473
G1 X141.257 Y149.061 E148.07854
G1 X141.356 Y148.787 E148.09211
G1 X141.483 Y148.518 E148.10596
G1 X141.64 Y148.255 E148.12022
G1 X141.823 Y148.01 E148.13446
G1 X142.018 Y147.793 E148.14805
G1 X142.235 Y147.598 E148.16163
G1 X142.48 Y147.415 E148.17587
G1 X142.743 Y147.258 E148.19013
G1 X143.012 Y147.131 E148.20398
G1 X143.286 Y147.032 E148.21755
G1 X143.574 Y146.961 E148.23136
G1 X143.871 Y146.917 E148.24534
G1 X144.175 Y146.902 E148.25952
G1 X144.479 Y146.917 E148.27369
G1 X144.776 Y146.961 E148.28767
G1 X145.064 Y147.032 E148.30148
G1 X145.338 Y147.131 E148.31505
G1 X145.607 Y147.258 E148.3289
G1 X145.87 Y147.415 E148.34316
G1 X146.115 Y147.598 E148.3574
G1 X146.332 Y147.793 E148.37098
G1 X146.527 Y148.01 E148.38457
G1 X146.71 Y148.255 E148.39881
G1 X146.867 Y148.518 E148.41307
G1 X146.994 Y148.787 E148.42692
G1 X147.093 Y149.061 E148.44049
G1 X147.164 Y149.349 E148.4543
G1 X147.208 Y149.646 E148.46828
G1 X147.223 Y149.95 E148.48245
G1 X147.208 Y150.254 E148.49663
G1 X147.164 Y150.551 E148.51061
G1 X147.093 Y150.839 E148.52442
G1 X146.994 Y151.113 E148.53798
G1 X146.867 Y151.383 E148.55188
G1 X146.713 Y151.641 E148.56587
G1 X146.527 Y151.89 E148.58034
G1 X146.332 Y152.107 E148.59393
G1 X146.115 Y152.302 E148.60751
G1 X145.87 Y152.485 E148.62175
G1 X145.607 Y152.642 E148.63601
G1 X145.338 Y152.769 E148.64986
G1 X145.064 Y152.868 E148.66343
G1 X144.776 Y152.939 E148.67724
G1 X144.479 Y152.983 E148.69122
G1 X144.175 Y152.998 E148.7054
G0 F9000 X144.175 Y153.399
;TYPE:WALL-OUTER
G1 F683.3 X143.835 Y153.382 E148.72125
G1 X143.502 Y153.333 E148.73692
G1 X143.172 Y153.251 E148.75275
G1 X142.855 Y153.137 E148.76844
G1 X142.553 Y152.995 E148.78398
G1 X142.256 Y152.817 E148.8001
G1 X141.982 Y152.613 E148.81601
G1 X141.735 Y152.39 E148.8315
G1 X141.512 Y152.143 E148.847
G1 X141.308 Y151.869 E148.86291
G1 X141.128 Y151.568 E148.87924
G1 X140.988 Y151.27 E148.89457
G1 X140.874 Y150.953 E148.91025
G1 X140.792 Y150.623 E148.92609
G1 X140.743 Y150.29 E148.94176
G1 X140.726 Y149.95 E148.95761
G1 X140.743 Y149.61 E148.97346
G1 X140.792 Y149.277 E148.98914
G1 X140.874 Y148.947 E149.00497
G1 X140.988 Y148.63 E149.02066
G1 X141.13 Y148.328 E149.0362
G1 X141.308 Y148.031 E149.05232
G1 X141.512 Y147.757 E149.06823
G1 X141.735 Y147.51 E149.08372
G1 X141.982 Y147.287 E149.09922
G1 X142.256 Y147.083 E149.11512
G1 X142.553 Y146.905 E149.13125
G1 X142.855 Y146.763 E149.14678
G1 X143.172 Y146.649 E149.16247
G1 X143.502 Y146.567 E149.1783
G1 X143.835 Y146.518 E149.19398
G1 X144.175 Y146.501 E149.20983
G1 X144.515 Y146.518 E149.22568
G1 X144.848 Y146.567 E149.24135
G1 X145.178 Y146.649 E149.25719
G1 X145.495 Y146.763 E149.27287
G1 X145.797 Y146.905 E149.28841
G1 X146.094 Y147.083 E149.30454
G1 X146.368 Y147.287 E149.32044
G1 X146.615 Y147.51 E149.33594
G1 X146.838 Y147.757 E149.35143
G1 X147.042 Y148.031 E149.36734
G1 X147.22 Y148.328 E149.38346
G1 X147.362 Y148.63 E149.399
G1 X147.476 Y148.947 E149.41469
G1 X147.558 Y149.277 E149.43052
G1 X147.607 Y149.61 E149.44619
G1 X147.624 Y149.95 E149.46205
G1 X147.607 Y150.29 E149.4779
G1 X147.558 Y150.623 E149.49357
G1 X147.476 Y150.953 E149.5094
G1 X147.362 Y151.27 E149.52509
G1 X147.222 Y151.568 E149.54042
G1 X147.042 Y151.869 E149.55675
G1 X146.838 Y152.143 E149.57266
G1 X146.615 Y152.39 E149.58815
G1 X146.368 Y152.613 E149.60365
G1 X146.094 Y152.817 E149.61956
G1 X145.797 Y152.995 E149.63568
G1 X145.495 Y153.137 E149.65122
G1 X145.178 Y153.251 E149.6669
G1 X144.848 Y153.333 E149.68274
G1 X144.515 Y153.382 E149.69841
G1 X144.175 Y153.399 E149.71426
G0 F9000 X144.175 Y152.959
G0 X145.325 Y152.685
;TYPE:FILL
G1 F1366.5 X141.438 Y148.797 E149.97026
G0 F9000 X141.209 Y149.987
G1 F1366.5 X146.764 Y148.498 E150.23806
G0 F9000 X146.573 Y148.204
G1 F1366.5 X145.379 Y152.66 E150.45287
G0 F9000 X146.609 Y151.645
G1 F1366.5 X142.915 Y152.635 E150.63094
G0 F9000 X142.369 Y152.302
G1 F1366.5 X143.787 Y147.009 E150.8861
G0 F9000 X143.879 Y146.996
G1 F1366.5 X147.128 Y150.245 E151.10005
G0 F9000 X147.008 Y150.238
G1 F2700 E146.10005
;MESH:NONMESH
G0 F300 X147.008 Y150.238 Z5.6
G0 F9000 X147.269 Y150.879
G0 X148.32 Y151.141
G0 X152.216 Y152.313
G0 X153.146 Y151.755
G0 X155.825 Y152.998
;TIME_ELAPSED:269.588989
;LAYER:19
;TYPE:WALL-INNER
;MESH:Shiny Hillar (2).stl
G1 F2700 E151.10005
G1 F682.8 X155.521 Y152.983 E151.11422
G1 X155.224 Y152.939 E151.1282
G1 X154.936 Y152.868 E151.14202
G1 X154.662 Y152.769 E151.15558
G1 X154.393 Y152.642 E151.16943
G1 X154.13 Y152.485 E151.1837
G1 X153.885 Y152.302 E151.19794
G1 X153.668 Y152.107 E151.21152
G1 X153.473 Y151.89 E151.22511
G1 X153.287 Y151.641 E151.23958
G1 X153.133 Y151.383 E151.25357
G1 X153.006 Y151.113 E151.26746
G1 X152.907 Y150.839 E151.28103
G1 X152.836 Y150.551 E151.29484
G1 X152.792 Y150.254 E151.30882
G1 X152.777 Y149.95 E151.32299
G1 X152.792 Y149.646 E151.33717
G1 X152.836 Y149.349 E151.35115
G1 X152.907 Y149.061 E151.36496
G1 X153.006 Y148.787 E151.37852
G1 X153.133 Y148.518 E151.39238
G1 X153.29 Y148.255 E151.40664
G1 X153.473 Y148.01 E151.42088
G1 X153.668 Y147.793 E151.43446
G1 X153.885 Y147.598 E151.44805
G1 X154.13 Y147.415 E151.46229
G1 X154.393 Y147.258 E151.47655
G1 X154.662 Y147.131 E151.4904
G1 X154.936 Y147.032 E151.50397
G1 X155.224 Y146.961 E151.51778
G1 X155.521 Y146.917 E151.53176
G1 X155.825 Y146.902 E151.54593
G1 X156.129 Y146.917 E151.5601
G1 X156.426 Y146.961 E151.57409
G1 X156.714 Y147.032 E151.5879
G1 X156.988 Y147.131 E151.60146
G1 X157.257 Y147.258 E151.61531
G1 X157.52 Y147.415 E151.62958
G1 X157.765 Y147.598 E151.64382
G1 X157.982 Y147.793 E151.6574
G1 X158.177 Y148.01 E151.67099
G1 X158.36 Y148.255 E151.68523
G1 X158.517 Y148.518 E151.69949
G1 X158.644 Y148.787 E151.71334
G1 X158.743 Y149.061 E151.72691
G1 X158.814 Y149.349 E151.74072
G1 X158.858 Y149.646 E151.7547
G1 X158.873 Y149.95 E151.76887
G1 X158.858 Y150.254 E151.78304
G1 X158.814 Y150.551 E151.79702
G1 X158.743 Y150.839 E151.81084
G1 X158.644 Y151.113 E151.8244
G1 X158.517 Y151.383 E151.8383
G1 X158.363 Y151.641 E151.85229
G1 X158.177 Y151.89 E151.86676
G1 X157.982 Y152.107 E151.88034
G1 X157.765 Y152.302 E151.89393
G1 X157.52 Y152.485 E151.90817
G1 X157.257 Y152.642 E151.92243
G1 X156.988 Y152.769 E151.93628
G1 X156.714 Y152.868 E151.94985
G1 X156.426 Y152.939 E151.96366
G1 X156.129 Y152.983 E151.97764
G1 X155.825 Y152.998 E151.99181
G0 F9000 X155.825 Y153.399
;TYPE:WALL-OUTER
G1 F682.8 X155.485 Y153.382 E152.00766
G1 X155.152 Y153.333 E152.02334
G1 X154.822 Y153.251 E152.03917
G1 X154.505 Y153.137 E152.05486
G1 X154.203 Y152.995 E152.0704
G1 X153.906 Y152.817 E152.08652
G1 X153.632 Y152.613 E152.10243
G1 X153.385 Y152.39 E152.11792
G1 X153.162 Y152.143 E152.13342
G1 X152.958 Y151.869 E152.14932
G1 X152.778 Y151.568 E152.16565
G1 X152.638 Y151.27 E152.18098
G1 X152.524 Y150.953 E152.19667
G1 X152.442 Y150.623 E152.2125
G1 X152.393 Y150.29 E152.22818
G1 X152.376 Y149.95 E152.24403
G1 X152.393 Y149.61 E152.25988
G1 X152.442 Y149.277 E152.27555
G1 X152.524 Y148.947 E152.29139
G1 X152.638 Y148.63 E152.30707
G1 X152.78 Y148.328 E152.32261
G1 X152.958 Y148.031 E152.33874
G1 X153.162 Y147.757 E152.35464
G1 X153.385 Y147.51 E152.37014
G1 X153.632 Y147.287 E152.38563
G1 X153.906 Y147.083 E152.40154
G1 X154.203 Y146.905 E152.41766
G1 X154.505 Y146.763 E152.4332
G1 X154.822 Y146.649 E152.44889
G1 X155.152 Y146.567 E152.46472
G1 X155.485 Y146.518 E152.48039
G1 X155.825 Y146.501 E152.49625
G1 X156.165 Y146.518 E152.5121
G1 X156.498 Y146.567 E152.52777
G1 X156.828 Y146.649 E152.5436
G1 X157.145 Y146.763 E152.55929
G1 X157.447 Y146.905 E152.57483
G1 X157.744 Y147.083 E152.59095
G1 X158.018 Y147.287 E152.60686
G1 X158.265 Y147.51 E152.62235
G1 X158.488 Y147.757 E152.63785
G1 X158.692 Y148.031 E152.65376
G1 X158.87 Y148.328 E152.66988
G1 X159.012 Y148.63 E152.68542
G1 X159.126 Y148.947 E152.7011
G1 X159.208 Y149.277 E152.71694
G1 X159.257 Y149.61 E152.73261
G1 X159.274 Y149.95 E152.74846
G1 X159.257 Y150.29 E152.76431
G1 X159.208 Y150.623 E152.77999
G1 X159.126 Y150.953 E152.79582
G1 X159.012 Y151.27 E152.81151
G1 X158.872 Y151.568 E152.82684
G1 X158.692 Y151.869 E152.84317
G1 X158.488 Y152.143 E152.85908
G1 X158.265 Y152.39 E152.87457
G1 X158.018 Y152.613 E152.89007
G1 X157.744 Y152.817 E152.90597
G1 X157.447 Y152.995 E152.9221
G1 X157.145 Y153.137 E152.93763
G1 X156.828 Y153.251 E152.95332
G1 X156.498 Y153.333 E152.96915
G1 X156.165 Y153.382 E152.98483
G1 X155.825 Y153.399 E153.00068
G0 F9000 X155.825 Y152.959
G0 X154.843 Y152.75
;TYPE:FILL
G1 F1365.7 X158.073 Y151.884 E153.15639
G0 F9000 X157.805 Y152.157
G1 F1365.7 X153.616 Y147.967 E153.43228
G0 F9000 X152.868 Y150.173
G1 F1365.7 X158.498 Y148.665 E153.70368
G0 F9000 X158.444 Y148.553
G1 F1365.7 X157.22 Y147.329 E153.78428
G0 F9000 X156.011 Y146.99
G1 F1365.7 X154.506 Y152.606 E154.05501
G0 F9000 X157.708 Y152.244
G1 F1365.7 X158.602 Y148.908 E154.21583
G0 F9000 X158.488 Y148.948
G1 F2700 E149.21583
G0 F9000 X152.734 Y150.889
G0 X151.683 Y151.152
G0 X147.785 Y152.312
G0 X146.854 Y151.755
G0 X144.175 Y152.998
;TYPE:WALL-INNER
G1 F2700 E154.21583
G1 F682.8 X143.871 Y152.983 E154.23
G1 X143.574 Y152.939 E154.24398
G1 X143.286 Y152.868 E154.2578
G1 X143.012 Y152.769 E154.27136
G1 X142.743 Y152.642 E154.28521
G1 X142.48 Y152.485 E154.29948
G1 X142.235 Y152.302 E154.31371
G1 X142.018 Y152.107 E154.3273
G1 X141.823 Y151.89 E154.34088
G1 X141.637 Y151.641 E154.35536
G1 X141.483 Y151.383 E154.36935
G1 X141.356 Y151.113 E154.38324
G1 X141.257 Y150.839 E154.39681
G1 X141.186 Y150.551 E154.41062
G1 X141.142 Y150.254 E154.4246
G1 X141.127 Y149.95 E154.43877
G1 X141.142 Y149.646 E154.45294
G1 X141.186 Y149.349 E154.46693
G1 X141.257 Y149.061 E154.48074
G1 X141.356 Y148.787 E154.4943
G1 X141.483 Y148.518 E154.50815
G1 X141.64 Y148.255 E154.52242
G1 X141.823 Y148.01 E154.53666
G1 X142.018 Y147.793 E154.55024
G1 X142.235 Y147.598 E154.56383
G1 X142.48 Y147.415 E154.57807
G1 X142.743 Y147.258 E154.59233
G1 X143.012 Y147.131 E154.60618
G1 X143.286 Y147.032 E154.61975
G1 X143.574 Y146.961 E154.63356
G1 X143.871 Y146.917 E154.64754
G1 X144.175 Y146.902 E154.66171
G1 X144.479 Y146.917 E154.67588
G1 X144.776 Y146.961 E154.68986
G1 X145.064 Y147.032 E154.70368
G1 X145.338 Y147.131 E154.71724
G1 X145.607 Y147.258 E154.73109
G1 X145.87 Y147.415 E154.74536
G1 X146.115 Y147.598 E154.7596
G1 X146.332 Y147.793 E154.77318
G1 X146.527 Y148.01 E154.78676
G1 X146.71 Y148.255 E154.801
G1 X146.867 Y148.518 E154.81527
G1 X146.994 Y148.787 E154.82912
G1 X147.093 Y149.061 E154.84268
G1 X147.164 Y149.349 E154.8565
G1 X147.208 Y149.646 E154.87048
G1 X147.223 Y149.95 E154.88465
G1 X147.208 Y150.254 E154.89882
G1 X147.164 Y150.551 E154.9128
G1 X147.093 Y150.839 E154.92661
G1 X146.994 Y151.113 E154.94018
G1 X146.867 Y151.383 E154.95407
G1 X146.713 Y151.641 E154.96806
G1 X146.527 Y151.89 E154.98254
G1 X146.332 Y152.107 E154.99612
G1 X146.115 Y152.302 E155.00971
G1 X145.87 Y152.485 E155.02395
G1 X145.607 Y152.642 E155.03821
G1 X145.338 Y152.769 E155.05206
G1 X145.064 Y152.868 E155.06563
G1 X144.776 Y152.939 E155.07944
G1 X144.479 Y152.983 E155.09342
G1 X144.175 Y152.998 E155.10759
G0 F9000 X144.175 Y153.399
;TYPE:WALL-OUTER
G1 F682.8 X143.835 Y153.382 E155.12344
G1 X143.502 Y153.333 E155.13912
G1 X143.172 Y153.251 E155.15495
G1 X142.855 Y153.137 E155.17064
G1 X142.553 Y152.995 E155.18617
G1 X142.256 Y152.817 E155.2023
G1 X141.982 Y152.613 E155.2182
G1 X141.735 Y152.39 E155.2337
G1 X141.512 Y152.143 E155.24919
G1 X141.308 Y151.869 E155.2651
G1 X141.128 Y151.568 E155.28143
G1 X140.988 Y151.27 E155.29676
G1 X140.874 Y150.953 E155.31245
G1 X140.792 Y150.623 E155.32828
G1 X140.743 Y150.29 E155.34396
G1 X140.726 Y149.95 E155.35981
G1 X140.743 Y149.61 E155.37566
G1 X140.792 Y149.277 E155.39133
G1 X140.874 Y148.947 E155.40717
G1 X140.988 Y148.63 E155.42285
G1 X141.13 Y148.328 E155.43839
G1 X141.308 Y148.031 E155.45451
G1 X141.512 Y147.757 E155.47042
G1 X141.735 Y147.51 E155.48592
G1 X141.982 Y147.287 E155.50141
G1 X142.256 Y147.083 E155.51732
G1 X142.553 Y146.905 E155.53344
G1 X142.855 Y146.763 E155.54898
G1 X143.172 Y146.649 E155.56467
G1 X143.502 Y146.567 E155.5805
G1 X143.835 Y146.518 E155.59617
G1 X144.175 Y146.501 E155.61202
G1 X144.515 Y146.518 E155.62788
G1 X144.848 Y146.567 E155.64355
G1 X145.178 Y146.649 E155.65938
G1 X145.495 Y146.763 E155.67507
G1 X145.797 Y146.905 E155.69061
G1 X146.094 Y147.083 E155.70673
G1 X146.368 Y147.287 E155.72264
G1 X146.615 Y147.51 E155.73813
G1 X146.838 Y147.757 E155.75363
G1 X147.042 Y148.031 E155.76953
G1 X147.22 Y148.328 E155.78566
G1 X147.362 Y148.63 E155.8012
G1 X147.476 Y148.947 E155.81688
G1 X147.558 Y149.277 E155.83272
G1 X147.607 Y149.61 E155.84839
G1 X147.624 Y149.95 E155.86424
G1 X147.607 Y150.29 E155.88009
G1 X147.558 Y150.623 E155.89577
G1 X147.476 Y150.953 E155.9116
G1 X147.362 Y151.27 E155.92729
G1 X147.222 Y151.568 E155.94262
G1 X147.042 Y151.869 E155.95895
G1 X146.838 Y152.143 E155.97485
G1 X146.615 Y152.39 E155.99035
G1 X146.368 Y152.613 E156.00584
G1 X146.094 Y152.817 E156.02175
G1 X145.797 Y152.995 E156.03787
G1 X145.495 Y153.137 E156.05341
G1 X145.178 Y153.251 E156.0691
G1 X144.848 Y153.333 E156.08493
G1 X144.515 Y153.382 E156.10061
G1 X144.175 Y153.399 E156.11646
G0 F9000 X144.175 Y152.959
G0 X143.219 Y152.759
;TYPE:FILL
G1 F1365.7 X146.404 Y151.905 E156.27
G0 F9000 X145.516 Y152.595
G1 F1365.7 X141.528 Y148.607 E156.53262
G0 F9000 X141.219 Y150.189
G1 F1365.7 X146.854 Y148.679 E156.80427
G0 F9000 X146.42 Y148.01
G1 F1365.7 X145.149 Y152.752 E157.03287
G0 F9000 X142.201 Y152.164
G1 F1365.7 X143.574 Y147.041 E157.27983
G0 F9000 X144.146 Y146.983
G1 F1365.7 X147.141 Y149.978 E157.47706
G0 F9000 X147.022 Y149.971
G1 F2700 E152.47706
;MESH:NONMESH
G0 F300 X147.022 Y149.971 Z5.88
G0 F9000 X147.342 Y150.584
G0 X148.394 Y150.846
G0 X152.216 Y152.313
G0 X153.146 Y151.755
G0 X155.825 Y152.998
;TIME_ELAPSED:282.396877
;LAYER:20
;TYPE:WALL-INNER
;MESH:Shiny Hillar (2).stl
G1 F2700 E157.47706
G1 F673.1 X155.521 Y152.983 E157.49123
G1 X155.224 Y152.939 E157.50521
G1 X154.936 Y152.868 E157.51903
G1 X154.662 Y152.769 E157.53259
G1 X154.393 Y152.642 E157.54644
G1 X154.13 Y152.485 E157.56071
G1 X153.885 Y152.302 E157.57494
G1 X153.668 Y152.107 E157.58853
G1 X153.473 Y151.89 E157.60211
G1 X153.287 Y151.641 E157.61659
G1 X153.133 Y151.383 E157.63058
G1 X153.006 Y151.113 E157.64447
G1 X152.907 Y150.839 E157.65804
G1 X152.836 Y150.551 E157.67185
G1 X152.792 Y150.254 E157.68583
G1 X152.777 Y149.95 E157.7
G1 X152.792 Y149.646 E157.71418
G1 X152.836 Y149.349 E157.72816
G1 X152.907 Y149.061 E157.74197
G1 X153.006 Y148.787 E157.75553
G1 X153.133 Y148.518 E157.76939
G1 X153.29 Y148.255 E157.78365
G1 X153.473 Y148.01 E157.79789
G1 X153.668 Y147.793 E157.81147
G1 X153.885 Y147.598 E157.82506
G1 X154.13 Y147.415 E157.8393
G1 X154.393 Y147.258 E157.85356
G1 X154.662 Y147.131 E157.86741
G1 X154.936 Y147.032 E157.88098
G1 X155.224 Y146.961 E157.89479
G1 X155.521 Y146.917 E157.90877
G1 X155.825 Y146.902 E157.92294
G1 X156.129 Y146.917 E157.93711
G1 X156.426 Y146.961 E157.95109
G1 X156.714 Y147.032 E157.96491
G1 X156.988 Y147.131 E157.97847
G1 X157.257 Y147.258 E157.99232
G1 X157.52 Y147.415 E158.00659
G1 X157.765 Y147.598 E158.02083
G1 X157.982 Y147.793 E158.03441
G1 X158.177 Y148.01 E158.048
G1 X158.36 Y148.255 E158.06223
G1 X158.517 Y148.518 E158.0765
G1 X158.644 Y148.787 E158.09035
G1 X158.743 Y149.061 E158.10391
G1 X158.814 Y149.349 E158.11773
G1 X158.858 Y149.646 E158.13171
G1 X158.873 Y149.95 E158.14588
G1 X158.858 Y150.254 E158.16005
G1 X158.814 Y150.551 E158.17403
G1 X158.743 Y150.839 E158.18784
G1 X158.644 Y151.113 E158.20141
G1 X158.517 Y151.383 E158.2153
G1 X158.363 Y151.641 E158.2293
G1 X158.177 Y151.89 E158.24377
G1 X157.982 Y152.107 E158.25735
G1 X157.765 Y152.302 E158.27094
G1 X157.52 Y152.485 E158.28518
G1 X157.257 Y152.642 E158.29944
G1 X156.988 Y152.769 E158.31329
G1 X156.714 Y152.868 E158.32686
G1 X156.426 Y152.939 E158.34067
G1 X156.129 Y152.983 E158.35465
G1 X155.825 Y152.998 E158.36882
G0 F9000 X155.825 Y153.399
;TYPE:WALL-OUTER
G1 F673.1 X155.485 Y153.382 E158.38467
G1 X155.152 Y153.333 E158.40035
G1 X154.822 Y153.251 E158.41618
G1 X154.505 Y153.137 E158.43187
G1 X154.203 Y152.995 E158.44741
G1 X153.906 Y152.817 E158.46353
G1 X153.632 Y152.613 E158.47943
G1 X153.385 Y152.39 E158.49493
G1 X153.162 Y152.143 E158.51043
G1 X152.958 Y151.869 E158.52633
G1 X152.778 Y151.568 E158.54266
G1 X152.638 Y151.27 E158.55799
G1 X152.524 Y150.953 E158.57368
G1 X152.442 Y150.623 E158.58951
G1 X152.393 Y150.29 E158.60519
G1 X152.376 Y149.95 E158.62104
G1 X152.393 Y149.61 E158.63689
G1 X152.442 Y149.277 E158.65256
G1 X152.524 Y148.947 E158.6684
G1 X152.638 Y148.63 E158.68408
G1 X152.78 Y148.328 E158.69962
G1 X152.958 Y148.031 E158.71574
G1 X153.162 Y147.757 E158.73165
G1 X153.385 Y147.51 E158.74715
G1 X153.632 Y147.287 E158.76264
G1 X153.906 Y147.083 E158.77855
G1 X154.203 Y146.905 E158.79467
G1 X154.505 Y146.763 E158.81021
G1 X154.822 Y146.649 E158.8259
G1 X155.152 Y146.567 E158.84173
G1 X155.485 Y146.518 E158.8574
G1 X155.825 Y146.501 E158.87325
G1 X156.165 Y146.518 E158.88911
G1 X156.498 Y146.567 E158.90478
G1 X156.828 Y146.649 E158.92061
G1 X157.145 Y146.763 E158.9363
G1 X157.447 Y146.905 E158.95184
G1 X157.744 Y147.083 E158.96796
G1 X158.018 Y147.287 E158.98387
G1 X158.265 Y147.51 E158.99936
G1 X158.488 Y147.757 E159.01486
G1 X158.692 Y148.031 E159.03076
G1 X158.87 Y148.328 E159.04689
G1 X159.012 Y148.63 E159.06243
G1 X159.126 Y148.947 E159.07811
G1 X159.208 Y149.277 E159.09395
G1 X159.257 Y149.61 E159.10962
G1 X159.274 Y149.95 E159.12547
G1 X159.257 Y150.29 E159.14132
G1 X159.208 Y150.623 E159.157
G1 X159.126 Y150.953 E159.17283
G1 X159.012 Y151.27 E159.18852
G1 X158.872 Y151.568 E159.20385
G1 X158.692 Y151.869 E159.22018
G1 X158.488 Y152.143 E159.23608
G1 X158.265 Y152.39 E159.25158
G1 X158.018 Y152.613 E159.26707
G1 X157.744 Y152.817 E159.28298
G1 X157.447 Y152.995 E159.2991
G1 X157.145 Y153.137 E159.31464
G1 X156.828 Y153.251 E159.33033
G1 X156.498 Y153.333 E159.34616
G1 X156.165 Y153.382 E159.36184
G1 X155.825 Y153.399 E159.37769
G0 F9000 X155.825 Y152.959
G0 X155.216 Y152.855
;TYPE:FILL
G1 F1346.2 X157.799 Y152.163 E159.5022
G0 F9000 X157.95 Y152.022
G1 F1346.2 X153.752 Y147.824 E159.77865
G0 F9000 X155.807 Y146.983
G1 F1346.2 X154.327 Y152.509 E160.04503
G0 F9000 X153.85 Y152.165
G1 F1346.2 X153.608 Y151.922 E160.061
G0 F9000 X152.89 Y150.372
G1 F1346.2 X158.581 Y148.848 E160.33534
G0 F9000 X158.475 Y148.618
G1 F1346.2 X157.454 Y152.431 E160.51914
G0 F9000 X157.393 Y152.327
G1 F2700 E155.51914
G0 F9000 X153.146 Y151.755
G0 X152.216 Y152.313
G0 X147.785 Y152.312
G0 X146.854 Y151.755
G0 X144.175 Y152.998
;TYPE:WALL-INNER
G1 F2700 E160.51914
G1 F673.1 X143.871 Y152.983 E160.53331
G1 X143.574 Y152.939 E160.54729
G1 X143.286 Y152.868 E160.56111
G1 X143.012 Y152.769 E160.57467
G1 X142.743 Y152.642 E160.58852
G1 X142.48 Y152.485 E160.60278
G1 X142.235 Y152.302 E160.61702
G1 X142.018 Y152.107 E160.63061
G1 X141.823 Y151.89 E160.64419
G1 X141.637 Y151.641 E160.65867
G1 X141.483 Y151.383 E160.67266
G1 X141.356 Y151.113 E160.68655
G1 X141.257 Y150.839 E160.70012
G1 X141.186 Y150.551 E160.71393
G1 X141.142 Y150.254 E160.72791
G1 X141.127 Y149.95 E160.74208
G1 X141.142 Y149.646 E160.75625
G1 X141.186 Y149.349 E160.77024
G1 X141.257 Y149.061 E160.78405
G1 X141.356 Y148.787 E160.79761
G1 X141.483 Y148.518 E160.81146
G1 X141.64 Y148.255 E160.82573
G1 X141.823 Y148.01 E160.83997
G1 X142.018 Y147.793 E160.85355
G1 X142.235 Y147.598 E160.86714
G1 X142.48 Y147.415 E160.88138
G1 X142.743 Y147.258 E160.89564
G1 X143.012 Y147.131 E160.90949
G1 X143.286 Y147.032 E160.92306
G1 X143.574 Y146.961 E160.93687
G1 X143.871 Y146.917 E160.95085
G1 X144.175 Y146.902 E160.96502
G1 X144.479 Y146.917 E160.97919
G1 X144.776 Y146.961 E160.99317
G1 X145.064 Y147.032 E161.00699
G1 X145.338 Y147.131 E161.02055
G1 X145.607 Y147.258 E161.0344
G1 X145.87 Y147.415 E161.04867
G1 X146.115 Y147.598 E161.0629
G1 X146.332 Y147.793 E161.07649
G1 X146.527 Y148.01 E161.09007
G1 X146.71 Y148.255 E161.10431
G1 X146.867 Y148.518 E161.11858
G1 X146.994 Y148.787 E161.13243
G1 X147.093 Y149.061 E161.14599
G1 X147.164 Y149.349 E161.15981
G1 X147.208 Y149.646 E161.17379
G1 X147.223 Y149.95 E161.18796
G1 X147.208 Y150.254 E161.20213
G1 X147.164 Y150.551 E161.21611
G1 X147.093 Y150.839 E161.22992
G1 X146.994 Y151.113 E161.24349
G1 X146.867 Y151.383 E161.25738
G1 X146.713 Y151.641 E161.27137
G1 X146.527 Y151.89 E161.28585
G1 X146.332 Y152.107 E161.29943
G1 X146.115 Y152.302 E161.31302
G1 X145.87 Y152.485 E161.32726
G1 X145.607 Y152.642 E161.34152
G1 X145.338 Y152.769 E161.35537
G1 X145.064 Y152.868 E161.36894
G1 X144.776 Y152.939 E161.38275
G1 X144.479 Y152.983 E161.39673
G1 X144.175 Y152.998 E161.4109
G0 F9000 X144.175 Y153.399
;TYPE:WALL-OUTER
G1 F673.1 X143.835 Y153.382 E161.42675
G1 X143.502 Y153.333 E161.44243
G1 X143.172 Y153.251 E161.45826
G1 X142.855 Y153.137 E161.47395
G1 X142.553 Y152.995 E161.48948
G1 X142.256 Y152.817 E161.50561
G1 X141.982 Y152.613 E161.52151
G1 X141.735 Y152.39 E161.53701
G1 X141.512 Y152.143 E161.5525
G1 X141.308 Y151.869 E161.56841
G1 X141.128 Y151.568 E161.58474
G1 X140.988 Y151.27 E161.60007
G1 X140.874 Y150.953 E161.61576
G1 X140.792 Y150.623 E161.63159
G1 X140.743 Y150.29 E161.64727
G1 X140.726 Y149.95 E161.66312
G1 X140.743 Y149.61 E161.67897
G1 X140.792 Y149.277 E161.69464
G1 X140.874 Y148.947 E161.71048
G1 X140.988 Y148.63 E161.72616
G1 X141.13 Y148.328 E161.7417
G1 X141.308 Y148.031 E161.75782
G1 X141.512 Y147.757 E161.77373
G1 X141.735 Y147.51 E161.78923
G1 X141.982 Y147.287 E161.80472
G1 X142.256 Y147.083 E161.82063
G1 X142.553 Y146.905 E161.83675
G1 X142.855 Y146.763 E161.85229
G1 X143.172 Y146.649 E161.86798
G1 X143.502 Y146.567 E161.88381
G1 X143.835 Y146.518 E161.89948
G1 X144.175 Y146.501 E161.91533
G1 X144.515 Y146.518 E161.93119
G1 X144.848 Y146.567 E161.94686
G1 X145.178 Y146.649 E161.96269
G1 X145.495 Y146.763 E161.97838
G1 X145.797 Y146.905 E161.99392
G1 X146.094 Y147.083 E162.01004
G1 X146.368 Y147.287 E162.02595
G1 X146.615 Y147.51 E162.04144
G1 X146.838 Y147.757 E162.05694
G1 X147.042 Y148.031 E162.07284
G1 X147.22 Y148.328 E162.08897
G1 X147.362 Y148.63 E162.10451
G1 X147.476 Y148.947 E162.12019
G1 X147.558 Y149.277 E162.13603
G1 X147.607 Y149.61 E162.1517
G1 X147.624 Y149.95 E162.16755
G1 X147.607 Y150.29 E162.1834
G1 X147.558 Y150.623 E162.19908
G1 X147.476 Y150.953 E162.21491
G1 X147.362 Y151.27 E162.2306
G1 X147.222 Y151.568 E162.24593
G1 X147.042 Y151.869 E162.26226
G1 X146.838 Y152.143 E162.27816
G1 X146.615 Y152.39 E162.29366
G1 X146.368 Y152.613 E162.30915
G1 X146.094 Y152.817 E162.32506
G1 X145.797 Y152.995 E162.34118
G1 X145.495 Y153.137 E162.35672
G1 X145.178 Y153.251 E162.37241
G1 X144.848 Y153.333 E162.38824
G1 X144.515 Y153.382 E162.40392
G1 X144.175 Y153.399 E162.41977
G0 F9000 X144.175 Y152.959
G0 X143.6 Y152.862
;TYPE:FILL
G1 F1346.2 X146.123 Y152.186 E162.54139
G0 F9000 X145.695 Y152.495
G1 F1346.2 X141.628 Y148.428 E162.80921
G0 F9000 X141.243 Y150.387
G1 F1346.2 X146.936 Y148.862 E163.08365
G0 F9000 X147.129 Y149.686
G1 F1346.2 X144.437 Y146.994 E163.26092
G0 F9000 X143.354 Y147.096
G1 F1346.2 X142.037 Y152.009 E163.49777
G0 F9000 X144.926 Y152.818
G1 F1346.2 X146.261 Y147.836 E163.73793
G0 F9000 X146.18 Y147.925
G1 F2700 E158.73793
;MESH:NONMESH
G0 F300 X146.18 Y147.925 Z6.16
G0 F9000 X147.388 Y149.629
G0 X148.472 Y149.574
G0 X151.821 Y151.553
G0 X152.841 Y151.186
G0 X155.825 Y152.998
;TIME_ELAPSED:295.249220
;LAYER:21
;TYPE:WALL-INNER
;MESH:Shiny Hillar (2).stl
G1 F2700 E163.73793
G1 F670.8 X155.521 Y152.983 E163.75211
G1 X155.224 Y152.939 E163.76609
G1 X154.936 Y152.868 E163.7799
G1 X154.662 Y152.769 E163.79347
G1 X154.393 Y152.642 E163.80732
G1 X154.13 Y152.485 E163.82158
G1 X153.885 Y152.302 E163.83582
G1 X153.668 Y152.107 E163.8494
G1 X153.473 Y151.89 E163.86299
G1 X153.287 Y151.641 E163.87746
G1 X153.133 Y151.383 E163.89145
G1 X153.006 Y151.113 E163.90535
G1 X152.907 Y150.839 E163.91891
G1 X152.836 Y150.551 E163.93272
G1 X152.792 Y150.254 E163.9467
G1 X152.777 Y149.95 E163.96088
G1 X152.792 Y149.646 E163.97505
G1 X152.836 Y149.349 E163.98903
G1 X152.907 Y149.061 E164.00284
G1 X153.006 Y148.787 E164.01641
G1 X153.133 Y148.518 E164.03026
G1 X153.29 Y148.255 E164.04452
G1 X153.473 Y148.01 E164.05876
G1 X153.668 Y147.793 E164.07235
G1 X153.885 Y147.598 E164.08593
G1 X154.13 Y147.415 E164.10017
G1 X154.393 Y147.258 E164.11443
G1 X154.662 Y147.131 E164.12828
G1 X154.936 Y147.032 E164.14185
G1 X155.224 Y146.961 E164.15566
G1 X155.521 Y146.917 E164.16964
G1 X155.825 Y146.902 E164.18381
G1 X156.129 Y146.917 E164.19799
G1 X156.426 Y146.961 E164.21197
G1 X156.714 Y147.032 E164.22578
G1 X156.988 Y147.131 E164.23935
G1 X157.257 Y147.258 E164.2532
G1 X157.52 Y147.415 E164.26746
G1 X157.765 Y147.598 E164.2817
G1 X157.982 Y147.793 E164.29528
G1 X158.177 Y148.01 E164.30887
G1 X158.36 Y148.255 E164.32311
G1 X158.517 Y148.518 E164.33737
G1 X158.644 Y148.787 E164.35122
G1 X158.743 Y149.061 E164.36479
G1 X158.814 Y149.349 E164.3786
G1 X158.858 Y149.646 E164.39258
G1 X158.873 Y149.95 E164.40675
G1 X158.858 Y150.254 E164.42093
G1 X158.814 Y150.551 E164.43491
G1 X158.743 Y150.839 E164.44872
G1 X158.644 Y151.113 E164.46228
G1 X158.517 Y151.383 E164.47618
G1 X158.363 Y151.641 E164.49017
G1 X158.177 Y151.89 E164.50464
G1 X157.982 Y152.107 E164.51823
G1 X157.765 Y152.302 E164.53181
G1 X157.52 Y152.485 E164.54605
G1 X157.257 Y152.642 E164.56031
G1 X156.988 Y152.769 E164.57416
G1 X156.714 Y152.868 E164.58773
G1 X156.426 Y152.939 E164.60154
G1 X156.129 Y152.983 E164.61552
G1 X155.825 Y152.998 E164.6297
G0 F9000 X155.825 Y153.399
;TYPE:WALL-OUTER
G1 F670.8 X155.485 Y153.382 E164.64555
G1 X155.152 Y153.333 E164.66122
G1 X154.822 Y153.251 E164.67705
G1 X154.505 Y153.137 E164.69274
G1 X154.203 Y152.995 E164.70828
G1 X153.906 Y152.817 E164.7244
G1 X153.632 Y152.613 E164.74031
G1 X153.385 Y152.39 E164.7558
G1 X153.162 Y152.143 E164.7713
G1 X152.958 Y151.869 E164.78721
G1 X152.778 Y151.568 E164.80354
G1 X152.638 Y151.27 E164.81887
G1 X152.524 Y150.953 E164.83455
G1 X152.442 Y150.623 E164.85039
G1 X152.393 Y150.29 E164.86606
G1 X152.376 Y149.95 E164.88191
G1 X152.393 Y149.61 E164.89776
G1 X152.442 Y149.277 E164.91344
G1 X152.524 Y148.947 E164.92927
G1 X152.638 Y148.63 E164.94496
G1 X152.78 Y148.328 E164.9605
G1 X152.958 Y148.031 E164.97662
G1 X153.162 Y147.757 E164.99252
G1 X153.385 Y147.51 E165.00802
G1 X153.632 Y147.287 E165.02352
G1 X153.906 Y147.083 E165.03942
G1 X154.203 Y146.905 E165.05554
G1 X154.505 Y146.763 E165.07108
G1 X154.822 Y146.649 E165.08677
G1 X155.152 Y146.567 E165.1026
G1 X155.485 Y146.518 E165.11828
G1 X155.825 Y146.501 E165.13413
G1 X156.165 Y146.518 E165.14998
G1 X156.498 Y146.567 E165.16565
G1 X156.828 Y146.649 E165.18149
G1 X157.145 Y146.763 E165.19717
G1 X157.447 Y146.905 E165.21271
G1 X157.744 Y147.083 E165.22884
G1 X158.018 Y147.287 E165.24474
G1 X158.265 Y147.51 E165.26024
G1 X158.488 Y147.757 E165.27573
G1 X158.692 Y148.031 E165.29164
G1 X158.87 Y148.328 E165.30776
G1 X159.012 Y148.63 E165.3233
G1 X159.126 Y148.947 E165.33899
G1 X159.208 Y149.277 E165.35482
G1 X159.257 Y149.61 E165.37049
G1 X159.274 Y149.95 E165.38635
G1 X159.257 Y150.29 E165.4022
G1 X159.208 Y150.623 E165.41787
G1 X159.126 Y150.953 E165.4337
G1 X159.012 Y151.27 E165.44939
G1 X158.872 Y151.568 E165.46472
G1 X158.692 Y151.869 E165.48105
G1 X158.488 Y152.143 E165.49696
G1 X158.265 Y152.39 E165.51245
G1 X158.018 Y152.613 E165.52795
G1 X157.744 Y152.817 E165.54386
G1 X157.447 Y152.995 E165.55998
G1 X157.145 Y153.137 E165.57552
G1 X156.828 Y153.251 E165.5912
G1 X156.498 Y153.333 E165.60704
G1 X156.165 Y153.382 E165.62271
G1 X155.825 Y153.399 E165.63856
G0 F9000 X155.825 Y152.959
G0 X155.764 Y152.913
;TYPE:FILL
G1 F1341.6 X157.364 Y152.484 E165.7157
G0 F9000 X157.21 Y152.575
G1 F1341.6 X158.336 Y148.371 E165.91835
G0 F9000 X158.648 Y149.034
G1 F1341.6 X152.922 Y150.569 E166.19439
G0 F9000 X153.106 Y151.14
G1 F1341.6 X154.632 Y152.667 E166.29492
G0 F9000 X154.151 Y152.401
G1 F1341.6 X155.6 Y146.993 E166.55562
G0 F9000 X153.899 Y147.691
G1 F1341.6 X158.083 Y151.875 E166.83114
G0 F9000 X157.994 Y151.795
G1 F2700 E161.83114
G0 F9000 X153.146 Y151.755
G0 X152.216 Y152.313
G0 X147.785 Y152.312
G0 X146.854 Y151.755
G0 X144.175 Y152.998
;TYPE:WALL-INNER
G1 F2700 E166.83114
G1 F670.8 X143.871 Y152.983 E166.84531
G1 X143.574 Y152.939 E166.85929
G1 X143.286 Y152.868 E166.87311
G1 X143.012 Y152.769 E166.88667
G1 X142.743 Y152.642 E166.90052
G1 X142.48 Y152.485 E166.91479
G1 X142.235 Y152.302 E166.92902
G1 X142.018 Y152.107 E166.94261
G1 X141.823 Y151.89 E166.95619
G1 X141.637 Y151.641 E166.97067
G1 X141.483 Y151.383 E166.98466
G1 X141.356 Y151.113 E166.99855
G1 X141.257 Y150.839 E167.01212
G1 X141.186 Y150.551 E167.02593
G1 X141.142 Y150.254 E167.03991
G1 X141.127 Y149.95 E167.05408
G1 X141.142 Y149.646 E167.06826
G1 X141.186 Y149.349 E167.08224
G1 X141.257 Y149.061 E167.09605
G1 X141.356 Y148.787 E167.10961
G1 X141.483 Y148.518 E167.12346
G1 X141.64 Y148.255 E167.13773
G1 X141.823 Y148.01 E167.15197
G1 X142.018 Y147.793 E167.16555
G1 X142.235 Y147.598 E167.17914
G1 X142.48 Y147.415 E167.19338
G1 X142.743 Y147.258 E167.20764
G1 X143.012 Y147.131 E167.22149
G1 X143.286 Y147.032 E167.23506
G1 X143.574 Y146.961 E167.24887
G1 X143.871 Y146.917 E167.26285
G1 X144.175 Y146.902 E167.27702
G1 X144.479 Y146.917 E167.29119
G1 X144.776 Y146.961 E167.30517
G1 X145.064 Y147.032 E167.31899
G1 X145.338 Y147.131 E167.33255
G1 X145.607 Y147.258 E167.3464
G1 X145.87 Y147.415 E167.36067
G1 X146.115 Y147.598 E167.37491
G1 X146.332 Y147.793 E167.38849
G1 X146.527 Y148.01 E167.40207
G1 X146.71 Y148.255 E167.41631
G1 X146.867 Y148.518 E167.43058
G1 X146.994 Y148.787 E167.44443
G1 X147.093 Y149.061 E167.45799
G1 X147.164 Y149.349 E167.47181
G1 X147.208 Y149.646 E167.48579
G1 X147.223 Y149.95 E167.49996
G1 X147.208 Y150.254 E167.51413
G1 X147.164 Y150.551 E167.52811
G1 X147.093 Y150.839 E167.54192
G1 X146.994 Y151.113 E167.55549
G1 X146.867 Y151.383 E167.56938
G1 X146.713 Y151.641 E167.58338
G1 X146.527 Y151.89 E167.59785
G1 X146.332 Y152.107 E167.61143
G1 X146.115 Y152.302 E167.62502
G1 X145.87 Y152.485 E167.63926
G1 X145.607 Y152.642 E167.65352
G1 X145.338 Y152.769 E167.66737
G1 X145.064 Y152.868 E167.68094
G1 X144.776 Y152.939 E167.69475
G1 X144.479 Y152.983 E167.70873
G1 X144.175 Y152.998 E167.7229
G0 F9000 X144.175 Y153.399
;TYPE:WALL-OUTER
G1 F670.8 X143.835 Y153.382 E167.73875
G1 X143.502 Y153.333 E167.75443
G1 X143.172 Y153.251 E167.77026
G1 X142.855 Y153.137 E167.78595
G1 X142.553 Y152.995 E167.80148
G1 X142.256 Y152.817 E167.81761
G1 X141.982 Y152.613 E167.83351
G1 X141.735 Y152.39 E167.84901
G1 X141.512 Y152.143 E167.86451
G1 X141.308 Y151.869 E167.88041
G1 X141.128 Y151.568 E167.89674
G1 X140.988 Y151.27 E167.91207
G1 X140.874 Y150.953 E167.92776
G1 X140.792 Y150.623 E167.94359
G1 X140.743 Y150.29 E167.95927
G1 X140.726 Y149.95 E167.97512
G1 X140.743 Y149.61 E167.99097
G1 X140.792 Y149.277 E168.00664
G1 X140.874 Y148.947 E168.02248
G1 X140.988 Y148.63 E168.03816
G1 X141.13 Y148.328 E168.0537
G1 X141.308 Y148.031 E168.06982
G1 X141.512 Y147.757 E168.08573
G1 X141.735 Y147.51 E168.10123
G1 X141.982 Y147.287 E168.11672
G1 X142.256 Y147.083 E168.13263
G1 X142.553 Y146.905 E168.14875
G1 X142.855 Y146.763 E168.16429
G1 X143.172 Y146.649 E168.17998
G1 X143.502 Y146.567 E168.19581
G1 X143.835 Y146.518 E168.21148
G1 X144.175 Y146.501 E168.22733
G1 X144.515 Y146.518 E168.24319
G1 X144.848 Y146.567 E168.25886
G1 X145.178 Y146.649 E168.27469
G1 X145.495 Y146.763 E168.29038
G1 X145.797 Y146.905 E168.30592
G1 X146.094 Y147.083 E168.32204
G1 X146.368 Y147.287 E168.33795
G1 X146.615 Y147.51 E168.35344
G1 X146.838 Y147.757 E168.36894
G1 X147.042 Y148.031 E168.38484
G1 X147.22 Y148.328 E168.40097
G1 X147.362 Y148.63 E168.41651
G1 X147.476 Y148.947 E168.43219
G1 X147.558 Y149.277 E168.44803
G1 X147.607 Y149.61 E168.4637
G1 X147.624 Y149.95 E168.47955
G1 X147.607 Y150.29 E168.4954
G1 X147.558 Y150.623 E168.51108
G1 X147.476 Y150.953 E168.52691
G1 X147.362 Y151.27 E168.5426
G1 X147.222 Y151.568 E168.55793
G1 X147.042 Y151.869 E168.57426
G1 X146.838 Y152.143 E168.59016
G1 X146.615 Y152.39 E168.60566
G1 X146.368 Y152.613 E168.62115
G1 X146.094 Y152.817 E168.63706
G1 X145.797 Y152.995 E168.65318
G1 X145.495 Y153.137 E168.66872
G1 X145.178 Y153.251 E168.68441
G1 X144.848 Y153.333 E168.70024
G1 X144.515 Y153.382 E168.71592
G1 X144.175 Y153.399 E168.73177
G0 F9000 X144.175 Y152.959
G0 X144.163 Y152.916
;TYPE:FILL
G1 F1341.6 X145.666 Y152.513 E168.80423
G0 F9000 X145.867 Y152.387
G1 F1341.6 X141.736 Y148.256 E169.07626
G0 F9000 X143.129 Y147.172
G1 F1341.6 X141.879 Y151.833 E169.30096
G0 F9000 X141.276 Y150.583
G1 F1341.6 X147.003 Y149.049 E169.57704
G0 F9000 X147.085 Y149.362
G1 F1341.6 X144.763 Y147.04 E169.72995
G0 F9000 X146.096 Y147.688
G1 F1341.6 X144.708 Y152.867 E169.97961
G0 F9000 X144.692 Y152.749
G1 F2700 E164.97961
;MESH:NONMESH
G0 F300 X144.692 Y152.749 Z6.44
G0 F9000 X146.854 Y151.755
G0 X147.785 Y152.312
G0 X152.216 Y152.313
G0 X153.146 Y151.755
G0 X155.825 Y152.998
;TIME_ELAPSED:307.921245
;LAYER:22
;TYPE:WALL-INNER
;MESH:Shiny Hillar (2).stl
G1 F2700 E169.97961
G1 F663.8 X155.521 Y152.983 E169.99378
G1 X155.224 Y152.939 E170.00777
G1 X154.936 Y152.868 E170.02158
G1 X154.662 Y152.769 E170.03514
G1 X154.393 Y152.642 E170.04899
G1 X154.13 Y152.485 E170.06326
G1 X153.885 Y152.302 E170.0775
G1 X153.668 Y152.107 E170.09108
G1 X153.473 Y151.89 E170.10467
G1 X153.287 Y151.641 E170.11914
G1 X153.133 Y151.383 E170.13313
G1 X153.006 Y151.113 E170.14702
G1 X152.907 Y150.839 E170.16059
G1 X152.836 Y150.551 E170.1744
G1 X152.792 Y150.254 E170.18838
G1 X152.777 Y149.95 E170.20255
G1 X152.792 Y149.646 E170.21673
G1 X152.836 Y149.349 E170.23071
G1 X152.907 Y149.061 E170.24452
G1 X153.006 Y148.787 E170.25809
G1 X153.133 Y148.518 E170.27194
G1 X153.29 Y148.255 E170.2862
G1 X153.473 Y148.01 E170.30044
G1 X153.668 Y147.793 E170.31402
G1 X153.885 Y147.598 E170.32761
G1 X154.13 Y147.415 E170.34185
G1 X154.393 Y147.258 E170.35611
G1 X154.662 Y147.131 E170.36996
G1 X154.936 Y147.032 E170.38353
G1 X155.224 Y146.961 E170.39734
G1 X155.521 Y146.917 E170.41132
G1 X155.825 Y146.902 E170.42549
G1 X156.129 Y146.917 E170.43967
G1 X156.426 Y146.961 E170.45365
G1 X156.714 Y147.032 E170.46746
G1 X156.988 Y147.131 E170.48102
G1 X157.257 Y147.258 E170.49488
G1 X157.52 Y147.415 E170.50914
G1 X157.765 Y147.598 E170.52338
G1 X157.982 Y147.793 E170.53696
G1 X158.177 Y148.01 E170.55055
G1 X158.36 Y148.255 E170.56479
G1 X158.517 Y148.518 E170.57905
G1 X158.644 Y148.787 E170.5929
G1 X158.743 Y149.061 E170.60647
G1 X158.814 Y149.349 E170.62028
G1 X158.858 Y149.646 E170.63426
G1 X158.873 Y149.95 E170.64843
G1 X158.858 Y150.254 E170.6626
G1 X158.814 Y150.551 E170.67658
G1 X158.743 Y150.839 E170.6904
G1 X158.644 Y151.113 E170.70396
G1 X158.517 Y151.383 E170.71786
G1 X158.363 Y151.641 E170.73185
G1 X158.177 Y151.89 E170.74632
G1 X157.982 Y152.107 E170.7599
G1 X157.765 Y152.302 E170.77349
G1 X157.52 Y152.485 E170.78773
G1 X157.257 Y152.642 E170.80199
G1 X156.988 Y152.769 E170.81584
G1 X156.714 Y152.868 E170.82941
G1 X156.426 Y152.939 E170.84322
G1 X156.129 Y152.983 E170.8572
G1 X155.825 Y152.998 E170.87137
G0 F9000 X155.825 Y153.399
;TYPE:WALL-OUTER
G1 F663.8 X155.485 Y153.382 E170.88722
G1 X155.152 Y153.333 E170.9029
G1 X154.822 Y153.251 E170.91873
G1 X154.505 Y153.137 E170.93442
G1 X154.203 Y152.995 E170.94996
G1 X153.906 Y152.817 E170.96608
G1 X153.632 Y152.613 E170.98199
G1 X153.385 Y152.39 E170.99748
G1 X153.162 Y152.143 E171.01298
G1 X152.958 Y151.869 E171.02888
G1 X152.778 Y151.568 E171.04521
G1 X152.638 Y151.27 E171.06055
G1 X152.524 Y150.953 E171.07623
G1 X152.442 Y150.623 E171.09207
G1 X152.393 Y150.29 E171.10774
G1 X152.376 Y149.95 E171.12359
G1 X152.393 Y149.61 E171.13944
G1 X152.442 Y149.277 E171.15511
G1 X152.524 Y148.947 E171.17095
G1 X152.638 Y148.63 E171.18663
G1 X152.78 Y148.328 E171.20217
G1 X152.958 Y148.031 E171.2183
G1 X153.162 Y147.757 E171.2342
G1 X153.385 Y147.51 E171.2497
G1 X153.632 Y147.287 E171.26519
G1 X153.906 Y147.083 E171.2811
G1 X154.203 Y146.905 E171.29722
G1 X154.505 Y146.763 E171.31276
G1 X154.822 Y146.649 E171.32845
G1 X155.152 Y146.567 E171.34428
G1 X155.485 Y146.518 E171.35995
G1 X155.825 Y146.501 E171.37581
G1 X156.165 Y146.518 E171.39166
G1 X156.498 Y146.567 E171.40733
G1 X156.828 Y146.649 E171.42316
G1 X157.145 Y146.763 E171.43885
G1 X157.447 Y146.905 E171.45439
G1 X157.744 Y147.083 E171.47051
G1 X158.018 Y147.287 E171.48642
G1 X158.265 Y147.51 E171.50191
G1 X158.488 Y147.757 E171.51741
G1 X158.692 Y148.031 E171.53332
G1 X158.87 Y148.328 E171.54944
G1 X159.012 Y148.63 E171.56498
G1 X159.126 Y148.947 E171.58067
G1 X159.208 Y149.277 E171.5965
G1 X159.257 Y149.61 E171.61217
G1 X159.274 Y149.95 E171.62802
G1 X159.257 Y150.29 E171.64387
G1 X159.208 Y150.623 E171.65955
G1 X159.126 Y150.953 E171.67538
G1 X159.012 Y151.27 E171.69107
G1 X158.872 Y151.568 E171.7064
G1 X158.692 Y151.869 E171.72273
G1 X158.488 Y152.143 E171.73864
G1 X158.265 Y152.39 E171.75413
G1 X158.018 Y152.613 E171.76963
G1 X157.744 Y152.817 E171.78553
G1 X157.447 Y152.995 E171.80166
G1 X157.145 Y153.137 E171.8172
G1 X156.828 Y153.251 E171.83288
G1 X156.498 Y153.333 E171.84872
G1 X156.165 Y153.382 E171.86439
G1 X155.825 Y153.399 E171.88024
G0 F9000 X155.825 Y152.959
G0 X155.062 Y152.817
;TYPE:FILL
G1 F1327.6 X152.956 Y150.71 E172.01896
G0 F9000 X152.97 Y150.761
G1 F1327.6 X158.7 Y149.226 E172.29518
G0 F9000 X158.188 Y148.158
G1 F1327.6 X156.976 Y152.685 E172.5134
G0 F9000 X158.206 Y151.718
G1 F1327.6 X154.056 Y147.568 E172.78668
G0 F9000 X154.799 Y147.165
G1 F1327.6 X155.309 Y147.028 E172.81127
G0 F9000 X155.389 Y147.016
G1 F1327.6 X153.98 Y152.273 E173.0647
G0 F9000 X154.052 Y152.178
G1 F2700 E168.0647
G0 F9000 X153.146 Y151.755
G0 X152.216 Y152.313
G0 X147.785 Y152.312
G0 X146.854 Y151.755
G0 X144.175 Y152.998
;TYPE:WALL-INNER
G1 F2700 E173.0647
G1 F663.8 X143.871 Y152.983 E173.07887
G1 X143.574 Y152.939 E173.09285
G1 X143.286 Y152.868 E173.10666
G1 X143.012 Y152.769 E173.12023
G1 X142.743 Y152.642 E173.13408
G1 X142.48 Y152.485 E173.14834
G1 X142.235 Y152.302 E173.16258
G1 X142.018 Y152.107 E173.17617
G1 X141.823 Y151.89 E173.18975
G1 X141.637 Y151.641 E173.20423
G1 X141.483 Y151.383 E173.21822
G1 X141.356 Y151.113 E173.23211
G1 X141.257 Y150.839 E173.24568
G1 X141.186 Y150.551 E173.25949
G1 X141.142 Y150.254 E173.27347
G1 X141.127 Y149.95 E173.28764
G1 X141.142 Y149.646 E173.30181
G1 X141.186 Y149.349 E173.31579
G1 X141.257 Y149.061 E173.32961
G1 X141.356 Y148.787 E173.34317
G1 X141.483 Y148.518 E173.35702
G1 X141.64 Y148.255 E173.37129
G1 X141.823 Y148.01 E173.38553
G1 X142.018 Y147.793 E173.39911
G1 X142.235 Y147.598 E173.4127
G1 X142.48 Y147.415 E173.42693
G1 X142.743 Y147.258 E173.4412
G1 X143.012 Y147.131 E173.45505
G1 X143.286 Y147.032 E173.46861
G1 X143.574 Y146.961 E173.48243
G1 X143.871 Y146.917 E173.49641
G1 X144.175 Y146.902 E173.51058
G1 X144.479 Y146.917 E173.52475
G1 X144.776 Y146.961 E173.53873
G1 X145.064 Y147.032 E173.55254
G1 X145.338 Y147.131 E173.56611
G1 X145.607 Y147.258 E173.57996
G1 X145.87 Y147.415 E173.59422
G1 X146.115 Y147.598 E173.60846
G1 X146.332 Y147.793 E173.62205
G1 X146.527 Y148.01 E173.63563
G1 X146.71 Y148.255 E173.64987
G1 X146.867 Y148.518 E173.66414
G1 X146.994 Y148.787 E173.67799
G1 X147.093 Y149.061 E173.69155
G1 X147.164 Y149.349 E173.70536
G1 X147.208 Y149.646 E173.71935
G1 X147.223 Y149.95 E173.73352
G1 X147.208 Y150.254 E173.74769
G1 X147.164 Y150.551 E173.76167
G1 X147.093 Y150.839 E173.77548
G1 X146.994 Y151.113 E173.78905
G1 X146.867 Y151.383 E173.80294
G1 X146.713 Y151.641 E173.81693
G1 X146.527 Y151.89 E173.83141
G1 X146.332 Y152.107 E173.84499
G1 X146.115 Y152.302 E173.85858
G1 X145.87 Y152.485 E173.87281
G1 X145.607 Y152.642 E173.88708
G1 X145.338 Y152.769 E173.90093
G1 X145.064 Y152.868 E173.91449
G1 X144.776 Y152.939 E173.92831
G1 X144.479 Y152.983 E173.94229
G1 X144.175 Y152.998 E173.95646
G0 F9000 X144.175 Y153.399
;TYPE:WALL-OUTER
G1 F663.8 X143.835 Y153.382 E173.97231
G1 X143.502 Y153.333 E173.98798
G1 X143.172 Y153.251 E174.00382
G1 X142.855 Y153.137 E174.0195
G1 X142.553 Y152.995 E174.03504
G1 X142.256 Y152.817 E174.05117
G1 X141.982 Y152.613 E174.06707
G1 X141.735 Y152.39 E174.08257
G1 X141.512 Y152.143 E174.09806
G1 X141.308 Y151.869 E174.11397
G1 X141.128 Y151.568 E174.1303
G1 X140.988 Y151.27 E174.14563
G1 X140.874 Y150.953 E174.16132
G1 X140.792 Y150.623 E174.17715
G1 X140.743 Y150.29 E174.19282
G1 X140.726 Y149.95 E174.20868
G1 X140.743 Y149.61 E174.22453
G1 X140.792 Y149.277 E174.2402
G1 X140.874 Y148.947 E174.25603
G1 X140.988 Y148.63 E174.27172
G1 X141.13 Y148.328 E174.28726
G1 X141.308 Y148.031 E174.30338
G1 X141.512 Y147.757 E174.31929
G1 X141.735 Y147.51 E174.33478
G1 X141.982 Y147.287 E174.35028
G1 X142.256 Y147.083 E174.36619
G1 X142.553 Y146.905 E174.38231
G1 X142.855 Y146.763 E174.39785
G1 X143.172 Y146.649 E174.41354
G1 X143.502 Y146.567 E174.42937
G1 X143.835 Y146.518 E174.44504
G1 X144.175 Y146.501 E174.46089
G1 X144.515 Y146.518 E174.47674
G1 X144.848 Y146.567 E174.49242
G1 X145.178 Y146.649 E174.50825
G1 X145.495 Y146.763 E174.52394
G1 X145.797 Y146.905 E174.53948
G1 X146.094 Y147.083 E174.5556
G1 X146.368 Y147.287 E174.57151
G1 X146.615 Y147.51 E174.587
G1 X146.838 Y147.757 E174.6025
G1 X147.042 Y148.031 E174.6184
G1 X147.22 Y148.328 E174.63453
G1 X147.362 Y148.63 E174.65007
G1 X147.476 Y148.947 E174.66575
G1 X147.558 Y149.277 E174.68159
G1 X147.607 Y149.61 E174.69726
G1 X147.624 Y149.95 E174.71311
G1 X147.607 Y150.29 E174.72896
G1 X147.558 Y150.623 E174.74463
G1 X147.476 Y150.953 E174.76047
G1 X147.362 Y151.27 E174.77615
G1 X147.222 Y151.568 E174.79149
G1 X147.042 Y151.869 E174.80782
G1 X146.838 Y152.143 E174.82372
G1 X146.615 Y152.39 E174.83922
G1 X146.368 Y152.613 E174.85471
G1 X146.094 Y152.817 E174.87062
G1 X145.797 Y152.995 E174.88674
G1 X145.495 Y153.137 E174.90228
G1 X145.178 Y153.251 E174.91797
G1 X144.848 Y153.333 E174.9338
G1 X144.515 Y153.382 E174.94947
G1 X144.175 Y153.399 E174.96533
G0 F9000 X144.175 Y152.959
G0 X144.495 Y152.899
;TYPE:FILL
G1 F1327.6 X145.926 Y147.556 E175.22289
G0 F9000 X145.151 Y147.148
G1 F1327.6 X146.977 Y148.973 E175.3431
G0 F9000 X147.054 Y149.24
G1 F1327.6 X141.323 Y150.776 E175.61938
G0 F9000 X141.729 Y151.63
G1 F1327.6 X142.897 Y147.272 E175.82947
G0 F9000 X143.016 Y147.216
G1 F1327.6 X143.79 Y147.009 E175.86677
G0 F9000 X141.856 Y148.095
G1 F1327.6 X146.027 Y152.266 E176.14144
G0 F9000 X145.957 Y152.171
G1 F2700 E171.14144
;MESH:NONMESH
G0 F300 X145.957 Y152.171 Z6.72
G0 F9000 X146.854 Y151.755
G0 X147.785 Y152.312
G0 X152.216 Y152.313
G0 X153.146 Y151.755
G0 X155.825 Y152.998
;TIME_ELAPSED:320.483426
;LAYER:23
;TYPE:WALL-INNER
;MESH:Shiny Hillar (2).stl
G1 F2700 E176.14144
G1 F671.3 X155.521 Y152.983 E176.15561
G1 X155.224 Y152.939 E176.16959
G1 X154.936 Y152.868 E176.18341
G1 X154.662 Y152.769 E176.19697
G1 X154.393 Y152.642 E176.21082
G1 X154.13 Y152.485 E176.22509
G1 X153.885 Y152.302 E176.23933
G1 X153.668 Y152.107 E176.25291
G1 X153.473 Y151.89 E176.26649
G1 X153.287 Y151.641 E176.28097
G1 X153.133 Y151.383 E176.29496
G1 X153.006 Y151.113 E176.30885
G1 X152.907 Y150.839 E176.32242
G1 X152.836 Y150.551 E176.33623
G1 X152.792 Y150.254 E176.35021
G1 X152.777 Y149.95 E176.36438
G1 X152.792 Y149.646 E176.37856
G1 X152.836 Y149.349 E176.39254
G1 X152.907 Y149.061 E176.40635
G1 X153.006 Y148.787 E176.41991
G1 X153.133 Y148.518 E176.43377
G1 X153.29 Y148.255 E176.44803
G1 X153.473 Y148.01 E176.46227
G1 X153.668 Y147.793 E176.47585
G1 X153.885 Y147.598 E176.48944
G1 X154.13 Y147.415 E176.50368
G1 X154.393 Y147.258 E176.51794
G1 X154.662 Y147.131 E176.53179
G1 X154.936 Y147.032 E176.54536
G1 X155.224 Y146.961 E176.55917
G1 X155.521 Y146.917 E176.57315
G1 X155.825 Y146.902 E176.58732
G1 X156.129 Y146.917 E176.60149
G1 X156.426 Y146.961 E176.61547
G1 X156.714 Y147.032 E176.62929
G1 X156.988 Y147.131 E176.64285
G1 X157.257 Y147.258 E176.6567
G1 X157.52 Y147.415 E176.67097
G1 X157.765 Y147.598 E176.68521
G1 X157.982 Y147.793 E176.69879
G1 X158.177 Y148.01 E176.71238
G1 X158.36 Y148.255 E176.72661
G1 X158.517 Y148.518 E176.74088
G1 X158.644 Y148.787 E176.75473
G1 X158.743 Y149.061 E176.76829
G1 X158.814 Y149.349 E176.78211
G1 X158.858 Y149.646 E176.79609
G1 X158.873 Y149.95 E176.81026
G1 X158.858 Y150.254 E176.82443
G1 X158.814 Y150.551 E176.83841
G1 X158.743 Y150.839 E176.85223
G1 X158.644 Y151.113 E176.86579
G1 X158.517 Y151.383 E176.87968
G1 X158.363 Y151.641 E176.89368
G1 X158.177 Y151.89 E176.90815
G1 X157.982 Y152.107 E176.92173
G1 X157.765 Y152.302 E176.93532
G1 X157.52 Y152.485 E176.94956
G1 X157.257 Y152.642 E176.96382
G1 X156.988 Y152.769 E176.97767
G1 X156.714 Y152.868 E176.99124
G1 X156.426 Y152.939 E177.00505
G1 X156.129 Y152.983 E177.01903
G1 X155.825 Y152.998 E177.0332
G0 F9000 X155.825 Y153.399
;TYPE:WALL-OUTER
G1 F671.3 X155.485 Y153.382 E177.04905
G1 X155.152 Y153.333 E177.06473
G1 X154.822 Y153.251 E177.08056
G1 X154.505 Y153.137 E177.09625
G1 X154.203 Y152.995 E177.11179
G1 X153.906 Y152.817 E177.12791
G1 X153.632 Y152.613 E177.14382
G1 X153.385 Y152.39 E177.15931
G1 X153.162 Y152.143 E177.17481
G1 X152.958 Y151.869 E177.19071
G1 X152.778 Y151.568 E177.20704
G1 X152.638 Y151.27 E177.22237
G1 X152.524 Y150.953 E177.23806
G1 X152.442 Y150.623 E177.25389
G1 X152.393 Y150.29 E177.26957
G1 X152.376 Y149.95 E177.28542
G1 X152.393 Y149.61 E177.30127
G1 X152.442 Y149.277 E177.31694
G1 X152.524 Y148.947 E177.33278
G1 X152.638 Y148.63 E177.34846
G1 X152.78 Y148.328 E177.364
G1 X152.958 Y148.031 E177.38012
G1 X153.162 Y147.757 E177.39603
G1 X153.385 Y147.51 E177.41153
G1 X153.632 Y147.287 E177.42702
G1 X153.906 Y147.083 E177.44293
G1 X154.203 Y146.905 E177.45905
G1 X154.505 Y146.763 E177.47459
G1 X154.822 Y146.649 E177.49028
G1 X155.152 Y146.567 E177.50611
G1 X155.485 Y146.518 E177.52178
G1 X155.825 Y146.501 E177.53764
G1 X156.165 Y146.518 E177.55349
G1 X156.498 Y146.567 E177.56916
G1 X156.828 Y146.649 E177.58499
G1 X157.145 Y146.763 E177.60068
G1 X157.447 Y146.905 E177.61622
G1 X157.744 Y147.083 E177.63234
G1 X158.018 Y147.287 E177.64825
G1 X158.265 Y147.51 E177.66374
G1 X158.488 Y147.757 E177.67924
G1 X158.692 Y148.031 E177.69515
G1 X158.87 Y148.328 E177.71127
G1 X159.012 Y148.63 E177.72681
G1 X159.126 Y148.947 E177.74249
G1 X159.208 Y149.277 E177.75833
G1 X159.257 Y149.61 E177.774
G1 X159.274 Y149.95 E177.78985
G1 X159.257 Y150.29 E177.8057
G1 X159.208 Y150.623 E177.82138
G1 X159.126 Y150.953 E177.83721
G1 X159.012 Y151.27 E177.8529
G1 X158.872 Y151.568 E177.86823
G1 X158.692 Y151.869 E177.88456
G1 X158.488 Y152.143 E177.90046
G1 X158.265 Y152.39 E177.91596
G1 X158.018 Y152.613 E177.93146
G1 X157.744 Y152.817 E177.94736
G1 X157.447 Y152.995 E177.96348
G1 X157.145 Y153.137 E177.97902
G1 X156.828 Y153.251 E177.99471
G1 X156.498 Y153.333 E178.01054
G1 X156.165 Y153.382 E178.02622
G1 X155.825 Y153.399 E178.04207
G0 F9000 X155.825 Y152.959
G0 X155.411 Y152.885
;TYPE:FILL
G1 F1342.6 X152.887 Y150.362 E178.20825
G0 F9000 X153.031 Y150.95
G1 F1342.6 X158.741 Y149.419 E178.48352
G0 F9000 X158.034 Y147.971
G1 F1342.6 X156.748 Y152.77 E178.71486
G0 F9000 X158.322 Y151.554
G1 F1342.6 X154.221 Y147.452 E178.98495
G0 F9000 X154.052 Y147.57
G1 F1342.6 X156.168 Y147.003 E179.08696
G0 F9000 X155.174 Y147.053
G1 F1342.6 X153.813 Y152.13 E179.33171
G0 F9000 X153.893 Y152.041
G1 F2700 E174.33171
G0 F9000 X153.146 Y151.755
G0 X152.216 Y152.313
G0 X147.785 Y152.312
G0 X146.854 Y151.755
G0 X144.175 Y152.998
;TYPE:WALL-INNER
G1 F2700 E179.33171
G1 F671.3 X143.871 Y152.983 E179.34589
G1 X143.574 Y152.939 E179.35987
G1 X143.286 Y152.868 E179.37368
G1 X143.012 Y152.769 E179.38724
G1 X142.743 Y152.642 E179.4011
G1 X142.48 Y152.485 E179.41536
G1 X142.235 Y152.302 E179.4296
G1 X142.018 Y152.107 E179.44318
G1 X141.823 Y151.89 E179.45677
G1 X141.637 Y151.641 E179.47124
G1 X141.483 Y151.383 E179.48523
G1 X141.356 Y151.113 E179.49912
G1 X141.257 Y150.839 E179.51269
G1 X141.186 Y150.551 E179.5265
G1 X141.142 Y150.254 E179.54048
G1 X141.127 Y149.95 E179.55466
G1 X141.142 Y149.646 E179.56883
G1 X141.186 Y149.349 E179.58281
G1 X141.257 Y149.061 E179.59662
G1 X141.356 Y148.787 E179.61019
G1 X141.483 Y148.518 E179.62404
G1 X141.64 Y148.255 E179.6383
G1 X141.823 Y148.01 E179.65254
G1 X142.018 Y147.793 E179.66613
G1 X142.235 Y147.598 E179.67971
G1 X142.48 Y147.415 E179.69395
G1 X142.743 Y147.258 E179.70821
G1 X143.012 Y147.131 E179.72206
G1 X143.286 Y147.032 E179.73563
G1 X143.574 Y146.961 E179.74944
G1 X143.871 Y146.917 E179.76342
G1 X144.175 Y146.902 E179.77759
G1 X144.479 Y146.917 E179.79177
G1 X144.776 Y146.961 E179.80575
G1 X145.064 Y147.032 E179.81956
G1 X145.338 Y147.131 E179.83313
G1 X145.607 Y147.258 E179.84698
G1 X145.87 Y147.415 E179.86124
G1 X146.115 Y147.598 E179.87548
G1 X146.332 Y147.793 E179.88906
G1 X146.527 Y148.01 E179.90265
G1 X146.71 Y148.255 E179.91689
G1 X146.867 Y148.518 E179.93115
G1 X146.994 Y148.787 E179.945
G1 X147.093 Y149.061 E179.95857
G1 X147.164 Y149.349 E179.97238
G1 X147.208 Y149.646 E179.98636
G1 X147.223 Y149.95 E180.00053
G1 X147.208 Y150.254 E180.01471
G1 X147.164 Y150.551 E180.02869
G1 X147.093 Y150.839 E180.0425
G1 X146.994 Y151.113 E180.05606
G1 X146.867 Y151.383 E180.06996
G1 X146.713 Y151.641 E180.08395
G1 X146.527 Y151.89 E180.09842
G1 X146.332 Y152.107 E180.11201
G1 X146.115 Y152.302 E180.12559
G1 X145.87 Y152.485 E180.13983
G1 X145.607 Y152.642 E180.15409
G1 X145.338 Y152.769 E180.16794
G1 X145.064 Y152.868 E180.18151
G1 X144.776 Y152.939 E180.19532
G1 X144.479 Y152.983 E180.2093
G1 X144.175 Y152.998 E180.22347
G0 F9000 X144.175 Y153.399
;TYPE:WALL-OUTER
G1 F671.3 X143.835 Y153.382 E180.23933
G1 X143.502 Y153.333 E180.255
G1 X143.172 Y153.251 E180.27083
G1 X142.855 Y153.137 E180.28652
G1 X142.553 Y152.995 E180.30206
G1 X142.256 Y152.817 E180.31818
G1 X141.982 Y152.613 E180.33409
G1 X141.735 Y152.39 E180.34958
G1 X141.512 Y152.143 E180.36508
G1 X141.308 Y151.869 E180.38099
G1 X141.128 Y151.568 E180.39732
G1 X140.988 Y151.27 E180.41265
G1 X140.874 Y150.953 E180.42833
G1 X140.792 Y150.623 E180.44417
G1 X140.743 Y150.29 E180.45984
G1 X140.726 Y149.95 E180.47569
G1 X140.743 Y149.61 E180.49154
G1 X140.792 Y149.277 E180.50722
G1 X140.874 Y148.947 E180.52305
G1 X140.988 Y148.63 E180.53874
G1 X141.13 Y148.328 E180.55427
G1 X141.308 Y148.031 E180.5704
G1 X141.512 Y147.757 E180.5863
G1 X141.735 Y147.51 E180.6018
G1 X141.982 Y147.287 E180.61729
G1 X142.256 Y147.083 E180.6332
G1 X142.553 Y146.905 E180.64932
G1 X142.855 Y146.763 E180.66486
G1 X143.172 Y146.649 E180.68055
G1 X143.502 Y146.567 E180.69638
G1 X143.835 Y146.518 E180.71206
G1 X144.175 Y146.501 E180.72791
G1 X144.515 Y146.518 E180.74376
G1 X144.848 Y146.567 E180.75943
G1 X145.178 Y146.649 E180.77527
G1 X145.495 Y146.763 E180.79095
G1 X145.797 Y146.905 E180.80649
G1 X146.094 Y147.083 E180.82261
G1 X146.368 Y147.287 E180.83852
G1 X146.615 Y147.51 E180.85402
G1 X146.838 Y147.757 E180.86951
G1 X147.042 Y148.031 E180.88542
G1 X147.22 Y148.328 E180.90154
G1 X147.362 Y148.63 E180.91708
G1 X147.476 Y148.947 E180.93277
G1 X147.558 Y149.277 E180.9486
G1 X147.607 Y149.61 E180.96427
G1 X147.624 Y149.95 E180.98012
G1 X147.607 Y150.29 E180.99598
G1 X147.558 Y150.623 E181.01165
G1 X147.476 Y150.953 E181.02748
G1 X147.362 Y151.27 E181.04317
G1 X147.222 Y151.568 E181.0585
G1 X147.042 Y151.869 E181.07483
G1 X146.838 Y152.143 E181.09074
G1 X146.615 Y152.39 E181.10623
G1 X146.368 Y152.613 E181.12173
G1 X146.094 Y152.817 E181.13763
G1 X145.797 Y152.995 E181.15376
G1 X145.495 Y153.137 E181.1693
G1 X145.178 Y153.251 E181.18498
G1 X144.848 Y153.333 E181.20082
G1 X144.515 Y153.382 E181.21649
G1 X144.175 Y153.399 E181.23234
G0 F9000 X144.175 Y152.959
G0 X144.287 Y152.911
;TYPE:FILL
G1 F1342.6 X145.753 Y147.437 E181.49622
G0 F9000 X145.67 Y147.387
G1 F1342.6 X146.737 Y148.454 E181.56648
G0 F9000 X147.093 Y149.435
G1 F1342.6 X141.386 Y150.964 E181.84159
G0 F9000 X141.586 Y151.399
G1 F1342.6 X142.657 Y147.4 E182.03437
G0 F9000 X142.37 Y147.594
G1 F1342.6 X144.556 Y147.009 E182.13974
G0 F9000 X141.986 Y147.945
G1 F1342.6 X146.178 Y152.137 E182.41579
G0 F9000 X146.099 Y152.048
G1 F2700 E177.41579
;MESH:NONMESH
G0 F300 X146.099 Y152.048 Z7
G0 F9000 X146.854 Y151.755
G0 X147.785 Y152.312
G0 X152.216 Y152.313
G0 X153.146 Y151.755
G0 X155.825 Y152.998
;TIME_ELAPSED:333.088246
;LAYER:24
;TYPE:WALL-INNER
;MESH:Shiny Hillar (2).stl
G1 F2700 E182.41579
G1 F677 X155.521 Y152.983 E182.42996
G1 X155.224 Y152.939 E182.44394
G1 X154.936 Y152.868 E182.45775
G1 X154.662 Y152.769 E182.47132
G1 X154.393 Y152.642 E182.48517
G1 X154.13 Y152.485 E182.49943
G1 X153.885 Y152.302 E182.51367
G1 X153.668 Y152.107 E182.52726
G1 X153.473 Y151.89 E182.54084
G1 X153.287 Y151.641 E182.55531
G1 X153.133 Y151.383 E182.56931
G1 X153.006 Y151.113 E182.5832
G1 X152.907 Y150.839 E182.59676
G1 X152.836 Y150.551 E182.61058
G1 X152.792 Y150.254 E182.62456
G1 X152.777 Y149.95 E182.63873
G1 X152.792 Y149.646 E182.6529
G1 X152.836 Y149.349 E182.66688
G1 X152.907 Y149.061 E182.6807
G1 X153.006 Y148.787 E182.69426
G1 X153.133 Y148.518 E182.70811
G1 X153.29 Y148.255 E182.72238
G1 X153.473 Y148.01 E182.73661
G1 X153.668 Y147.793 E182.7502
G1 X153.885 Y147.598 E182.76378
G1 X154.13 Y147.415 E182.77802
G1 X154.393 Y147.258 E182.79229
G1 X154.662 Y147.131 E182.80614
G1 X154.936 Y147.032 E182.8197
G1 X155.224 Y146.961 E182.83352
G1 X155.521 Y146.917 E182.8475
G1 X155.825 Y146.902 E182.86167
G1 X156.129 Y146.917 E182.87584
G1 X156.426 Y146.961 E182.88982
G1 X156.714 Y147.032 E182.90363
G1 X156.988 Y147.131 E182.9172
G1 X157.257 Y147.258 E182.93105
G1 X157.52 Y147.415 E182.94531
G1 X157.765 Y147.598 E182.95955
G1 X157.982 Y147.793 E182.97314
G1 X158.177 Y148.01 E182.98672
G1 X158.36 Y148.255 E183.00096
G1 X158.517 Y148.518 E183.01522
G1 X158.644 Y148.787 E183.02908
G1 X158.743 Y149.061 E183.04264
G1 X158.814 Y149.349 E183.05645
G1 X158.858 Y149.646 E183.07043
G1 X158.873 Y149.95 E183.08461
G1 X158.858 Y150.254 E183.09878
G1 X158.814 Y150.551 E183.11276
G1 X158.743 Y150.839 E183.12657
G1 X158.644 Y151.113 E183.14014
G1 X158.517 Y151.383 E183.15403
G1 X158.363 Y151.641 E183.16802
G1 X158.177 Y151.89 E183.18249
G1 X157.982 Y152.107 E183.19608
G1 X157.765 Y152.302 E183.20966
G1 X157.52 Y152.485 E183.2239
G1 X157.257 Y152.642 E183.23817
G1 X156.988 Y152.769 E183.25202
G1 X156.714 Y152.868 E183.26558
G1 X156.426 Y152.939 E183.2794
G1 X156.129 Y152.983 E183.29338
G1 X155.825 Y152.998 E183.30755
G0 F9000 X155.825 Y153.399
;TYPE:WALL-OUTER
G1 F677 X155.485 Y153.382 E183.3234
G1 X155.152 Y153.333 E183.33907
G1 X154.822 Y153.251 E183.35491
G1 X154.505 Y153.137 E183.37059
G1 X154.203 Y152.995 E183.38613
G1 X153.906 Y152.817 E183.40226
G1 X153.632 Y152.613 E183.41816
G1 X153.385 Y152.39 E183.43366
G1 X153.162 Y152.143 E183.44915
G1 X152.958 Y151.869 E183.46506
G1 X152.778 Y151.568 E183.48139
G1 X152.638 Y151.27 E183.49672
G1 X152.524 Y150.953 E183.51241
G1 X152.442 Y150.623 E183.52824
G1 X152.393 Y150.29 E183.54391
G1 X152.376 Y149.95 E183.55977
G1 X152.393 Y149.61 E183.57562
G1 X152.442 Y149.277 E183.59129
G1 X152.524 Y148.947 E183.60712
G1 X152.638 Y148.63 E183.62281
G1 X152.78 Y148.328 E183.63835
G1 X152.958 Y148.031 E183.65447
G1 X153.162 Y147.757 E183.67038
G1 X153.385 Y147.51 E183.68587
G1 X153.632 Y147.287 E183.70137
G1 X153.906 Y147.083 E183.71728
G1 X154.203 Y146.905 E183.7334
G1 X154.505 Y146.763 E183.74894
G1 X154.822 Y146.649 E183.76462
G1 X155.152 Y146.567 E183.78046
G1 X155.485 Y146.518 E183.79613
G1 X155.825 Y146.501 E183.81198
G1 X156.165 Y146.518 E183.82783
G1 X156.498 Y146.567 E183.84351
G1 X156.828 Y146.649 E183.85934
G1 X157.145 Y146.763 E183.87503
G1 X157.447 Y146.905 E183.89057
G1 X157.744 Y147.083 E183.90669
G1 X158.018 Y147.287 E183.9226
G1 X158.265 Y147.51 E183.93809
G1 X158.488 Y147.757 E183.95359
G1 X158.692 Y148.031 E183.96949
G1 X158.87 Y148.328 E183.98562
G1 X159.012 Y148.63 E184.00115
G1 X159.126 Y148.947 E184.01684
G1 X159.208 Y149.277 E184.03267
G1 X159.257 Y149.61 E184.04835
G1 X159.274 Y149.95 E184.0642
G1 X159.257 Y150.29 E184.08005
G1 X159.208 Y150.623 E184.09572
G1 X159.126 Y150.953 E184.11156
G1 X159.012 Y151.27 E184.12724
G1 X158.872 Y151.568 E184.14257
G1 X158.692 Y151.869 E184.15891
G1 X158.488 Y152.143 E184.17481
G1 X158.265 Y152.39 E184.19031
G1 X158.018 Y152.613 E184.2058
G1 X157.744 Y152.817 E184.22171
G1 X157.447 Y152.995 E184.23783
G1 X157.145 Y153.137 E184.25337
G1 X156.828 Y153.251 E184.26906
G1 X156.498 Y153.333 E184.28489
G1 X156.165 Y153.382 E184.30056
G1 X155.825 Y153.399 E184.31642
G0 F9000 X155.825 Y152.959
G0 X155.716 Y152.911
;TYPE:FILL
G1 F1354 X152.862 Y150.056 E184.50439
G0 F9000 X153.103 Y151.135
G1 F1354 X158.771 Y149.616 E184.77763
G0 F9000 X158.426 Y151.378
G1 F1354 X154.396 Y147.348 E185.04301
G0 F9000 X154.954 Y147.108
G1 F1354 X153.651 Y151.97 E185.27739
G0 F9000 X156.526 Y152.831
G1 F1354 X157.874 Y147.803 E185.51979
G0 F9000 X156.614 Y147.089
G1 F1354 X153.705 Y147.868 E185.66002
G0 F9000 X153.796 Y147.95
G1 F2700 E180.66002
G0 F9000 X152.612 Y149.629
G0 X151.527 Y149.575
G0 X148.305 Y151.203
G0 X147.159 Y151.186
G0 X144.175 Y152.998
;TYPE:WALL-INNER
G1 F2700 E185.66002
G1 F677 X143.871 Y152.983 E185.67419
G1 X143.574 Y152.939 E185.68817
G1 X143.286 Y152.868 E185.70198
G1 X143.012 Y152.769 E185.71555
G1 X142.743 Y152.642 E185.7294
G1 X142.48 Y152.485 E185.74366
G1 X142.235 Y152.302 E185.7579
G1 X142.018 Y152.107 E185.77149
G1 X141.823 Y151.89 E185.78507
G1 X141.637 Y151.641 E185.79954
G1 X141.483 Y151.383 E185.81353
G1 X141.356 Y151.113 E185.82743
G1 X141.257 Y150.839 E185.84099
G1 X141.186 Y150.551 E185.8548
G1 X141.142 Y150.254 E185.86879
G1 X141.127 Y149.95 E185.88296
G1 X141.142 Y149.646 E185.89713
G1 X141.186 Y149.349 E185.91111
G1 X141.257 Y149.061 E185.92492
G1 X141.356 Y148.787 E185.93849
G1 X141.483 Y148.518 E185.95234
G1 X141.64 Y148.255 E185.9666
G1 X141.823 Y148.01 E185.98084
G1 X142.018 Y147.793 E185.99443
G1 X142.235 Y147.598 E186.00801
G1 X142.48 Y147.415 E186.02225
G1 X142.743 Y147.258 E186.03651
G1 X143.012 Y147.131 E186.05037
G1 X143.286 Y147.032 E186.06393
G1 X143.574 Y146.961 E186.07774
G1 X143.871 Y146.917 E186.09172
G1 X144.175 Y146.902 E186.1059
G1 X144.479 Y146.917 E186.12007
G1 X144.776 Y146.961 E186.13405
G1 X145.064 Y147.032 E186.14786
G1 X145.338 Y147.131 E186.16143
G1 X145.607 Y147.258 E186.17528
G1 X145.87 Y147.415 E186.18954
G1 X146.115 Y147.598 E186.20378
G1 X146.332 Y147.793 E186.21737
G1 X146.527 Y148.01 E186.23095
G1 X146.71 Y148.255 E186.24519
G1 X146.867 Y148.518 E186.25945
G1 X146.994 Y148.787 E186.2733
G1 X147.093 Y149.061 E186.28687
G1 X147.164 Y149.349 E186.30068
G1 X147.208 Y149.646 E186.31466
G1 X147.223 Y149.95 E186.32883
G1 X147.208 Y150.254 E186.34301
G1 X147.164 Y150.551 E186.35699
G1 X147.093 Y150.839 E186.3708
G1 X146.994 Y151.113 E186.38437
G1 X146.867 Y151.383 E186.39826
G1 X146.713 Y151.641 E186.41225
G1 X146.527 Y151.89 E186.42672
G1 X146.332 Y152.107 E186.44031
G1 X146.115 Y152.302 E186.45389
G1 X145.87 Y152.485 E186.46813
G1 X145.607 Y152.642 E186.48239
G1 X145.338 Y152.769 E186.49625
G1 X145.064 Y152.868 E186.50981
G1 X144.776 Y152.939 E186.52362
G1 X144.479 Y152.983 E186.5376
G1 X144.175 Y152.998 E186.55178
G0 F9000 X144.175 Y153.399
;TYPE:WALL-OUTER
G1 F677 X143.835 Y153.382 E186.56763
G1 X143.502 Y153.333 E186.5833
G1 X143.172 Y153.251 E186.59913
G1 X142.855 Y153.137 E186.61482
G1 X142.553 Y152.995 E186.63036
G1 X142.256 Y152.817 E186.64648
G1 X141.982 Y152.613 E186.66239
G1 X141.735 Y152.39 E186.67789
G1 X141.512 Y152.143 E186.69338
G1 X141.308 Y151.869 E186.70929
G1 X141.128 Y151.568 E186.72562
G1 X140.988 Y151.27 E186.74095
G1 X140.874 Y150.953 E186.75664
G1 X140.792 Y150.623 E186.77247
G1 X140.743 Y150.29 E186.78814
G1 X140.726 Y149.95 E186.80399
G1 X140.743 Y149.61 E186.81984
G1 X140.792 Y149.277 E186.83552
G1 X140.874 Y148.947 E186.85135
G1 X140.988 Y148.63 E186.86704
G1 X141.13 Y148.328 E186.88258
G1 X141.308 Y148.031 E186.8987
G1 X141.512 Y147.757 E186.91461
G1 X141.735 Y147.51 E186.9301
G1 X141.982 Y147.287 E186.9456
G1 X142.256 Y147.083 E186.9615
G1 X142.553 Y146.905 E186.97763
G1 X142.855 Y146.763 E186.99317
G1 X143.172 Y146.649 E187.00885
G1 X143.502 Y146.567 E187.02469
G1 X143.835 Y146.518 E187.04036
G1 X144.175 Y146.501 E187.05621
G1 X144.515 Y146.518 E187.07206
G1 X144.848 Y146.567 E187.08773
G1 X145.178 Y146.649 E187.10357
G1 X145.495 Y146.763 E187.11925
G1 X145.797 Y146.905 E187.13479
G1 X146.094 Y147.083 E187.15092
G1 X146.368 Y147.287 E187.16682
G1 X146.615 Y147.51 E187.18232
G1 X146.838 Y147.757 E187.19781
G1 X147.042 Y148.031 E187.21372
G1 X147.22 Y148.328 E187.22984
G1 X147.362 Y148.63 E187.24538
G1 X147.476 Y148.947 E187.26107
G1 X147.558 Y149.277 E187.2769
G1 X147.607 Y149.61 E187.29258
G1 X147.624 Y149.95 E187.30843
G1 X147.607 Y150.29 E187.32428
G1 X147.558 Y150.623 E187.33995
G1 X147.476 Y150.953 E187.35578
G1 X147.362 Y151.27 E187.37147
G1 X147.222 Y151.568 E187.3868
G1 X147.042 Y151.869 E187.40313
G1 X146.838 Y152.143 E187.41904
G1 X146.615 Y152.39 E187.43453
G1 X146.368 Y152.613 E187.45003
G1 X146.094 Y152.817 E187.46594
G1 X145.797 Y152.995 E187.48206
G1 X145.495 Y153.137 E187.4976
G1 X145.178 Y153.251 E187.51329
G1 X144.848 Y153.333 E187.52912
G1 X144.515 Y153.382 E187.54479
G1 X144.175 Y153.399 E187.56064
G0 F9000 X144.175 Y152.959
G0 X144.081 Y152.912
;TYPE:FILL
G1 F1354 X145.577 Y147.332 E187.82965
G0 F9000 X144.995 Y147.096
G1 F1354 X142.037 Y147.889 E187.97225
G0 F9000 X142.124 Y147.803
G1 F1354 X146.321 Y152.001 E188.24866
G0 F9000 X147.123 Y149.632
G1 F1354 X141.46 Y151.149 E188.52165
G0 F9000 X141.452 Y151.132
G1 F1354 X142.408 Y147.566 E188.69356
G0 F9000 X141.786 Y151.709
G1 F1354 X142.412 Y152.334 E188.73475
G0 F9000 X142.484 Y152.239
G1 F2700 E183.73475
;MESH:NONMESH
G0 F300 X142.484 Y152.239 Z7.28
G0 F9000 X146.854 Y151.755
G0 X147.785 Y152.312
G0 X152.216 Y152.313
G0 X153.146 Y151.755
G0 X155.825 Y152.998
;TIME_ELAPSED:345.910411
;LAYER:25
;TYPE:WALL-INNER
;MESH:Shiny Hillar (2).stl
G1 F2700 E188.73475
G1 F683.7 X155.521 Y152.983 E188.74893
G1 X155.224 Y152.939 E188.76291
G1 X154.936 Y152.868 E188.77672
G1 X154.662 Y152.769 E188.79028
G1 X154.393 Y152.642 E188.80414
G1 X154.13 Y152.485 E188.8184
G1 X153.885 Y152.302 E188.83264
G1 X153.668 Y152.107 E188.84622
G1 X153.473 Y151.89 E188.85981
G1 X153.287 Y151.641 E188.87428
G1 X153.133 Y151.383 E188.88827
G1 X153.006 Y151.113 E188.90216
G1 X152.907 Y150.839 E188.91573
G1 X152.836 Y150.551 E188.92954
G1 X152.792 Y150.254 E188.94352
G1 X152.777 Y149.95 E188.95769
G1 X152.792 Y149.646 E188.97187
G1 X152.836 Y149.349 E188.98585
G1 X152.907 Y149.061 E188.99966
G1 X153.006 Y148.787 E189.01323
G1 X153.133 Y148.518 E189.02708
G1 X153.29 Y148.255 E189.04134
G1 X153.473 Y148.01 E189.05558
G1 X153.668 Y147.793 E189.06916
G1 X153.885 Y147.598 E189.08275
G1 X154.13 Y147.415 E189.09699
G1 X154.393 Y147.258 E189.11125
G1 X154.662 Y147.131 E189.1251
G1 X154.936 Y147.032 E189.13867
G1 X155.224 Y146.961 E189.15248
G1 X155.521 Y146.917 E189.16646
G1 X155.825 Y146.902 E189.18063
G1 X156.129 Y146.917 E189.19481
G1 X156.426 Y146.961 E189.20879
G1 X156.714 Y147.032 E189.2226
G1 X156.988 Y147.131 E189.23616
G1 X157.257 Y147.258 E189.25002
G1 X157.52 Y147.415 E189.26428
G1 X157.765 Y147.598 E189.27852
G1 X157.982 Y147.793 E189.2921
G1 X158.177 Y148.01 E189.30569
G1 X158.36 Y148.255 E189.31993
G1 X158.517 Y148.518 E189.33419
G1 X158.644 Y148.787 E189.34804
G1 X158.743 Y149.061 E189.36161
G1 X158.814 Y149.349 E189.37542
G1 X158.858 Y149.646 E189.3894
G1 X158.873 Y149.95 E189.40357
G1 X158.858 Y150.254 E189.41774
G1 X158.814 Y150.551 E189.43172
G1 X158.743 Y150.839 E189.44554
G1 X158.644 Y151.113 E189.4591
G1 X158.517 Y151.383 E189.473
G1 X158.363 Y151.641 E189.48699
G1 X158.177 Y151.89 E189.50146
G1 X157.982 Y152.107 E189.51504
G1 X157.765 Y152.302 E189.52863
G1 X157.52 Y152.485 E189.54287
G1 X157.257 Y152.642 E189.55713
G1 X156.988 Y152.769 E189.57098
G1 X156.714 Y152.868 E189.58455
G1 X156.426 Y152.939 E189.59836
G1 X156.129 Y152.983 E189.61234
G1 X155.825 Y152.998 E189.62651
G0 F9000 X155.825 Y153.399
;TYPE:WALL-OUTER
G1 F683.7 X155.485 Y153.382 E189.64237
G1 X155.152 Y153.333 E189.65804
G1 X154.822 Y153.251 E189.67387
G1 X154.505 Y153.137 E189.68956
G1 X154.203 Y152.995 E189.7051
G1 X153.906 Y152.817 E189.72122
G1 X153.632 Y152.613 E189.73713
G1 X153.385 Y152.39 E189.75262
G1 X153.162 Y152.143 E189.76812
G1 X152.958 Y151.869 E189.78402
G1 X152.778 Y151.568 E189.80035
G1 X152.638 Y151.27 E189.81569
G1 X152.524 Y150.953 E189.83137
G1 X152.442 Y150.623 E189.84721
G1 X152.393 Y150.29 E189.86288
G1 X152.376 Y149.95 E189.87873
G1 X152.393 Y149.61 E189.89458
G1 X152.442 Y149.277 E189.91025
G1 X152.524 Y148.947 E189.92609
G1 X152.638 Y148.63 E189.94177
G1 X152.78 Y148.328 E189.95731
G1 X152.958 Y148.031 E189.97344
G1 X153.162 Y147.757 E189.98934
G1 X153.385 Y147.51 E190.00484
G1 X153.632 Y147.287 E190.02033
G1 X153.906 Y147.083 E190.03624
G1 X154.203 Y146.905 E190.05236
G1 X154.505 Y146.763 E190.0679
G1 X154.822 Y146.649 E190.08359
G1 X155.152 Y146.567 E190.09942
G1 X155.485 Y146.518 E190.11509
G1 X155.825 Y146.501 E190.13095
G1 X156.165 Y146.518 E190.1468
G1 X156.498 Y146.567 E190.16247
G1 X156.828 Y146.649 E190.1783
G1 X157.145 Y146.763 E190.19399
G1 X157.447 Y146.905 E190.20953
G1 X157.744 Y147.083 E190.22565
G1 X158.018 Y147.287 E190.24156
G1 X158.265 Y147.51 E190.25706
G1 X158.488 Y147.757 E190.27255
G1 X158.692 Y148.031 E190.28846
G1 X158.87 Y148.328 E190.30458
G1 X159.012 Y148.63 E190.32012
G1 X159.126 Y148.947 E190.33581
G1 X159.208 Y149.277 E190.35164
G1 X159.257 Y149.61 E190.36731
G1 X159.274 Y149.95 E190.38316
G1 X159.257 Y150.29 E190.39902
G1 X159.208 Y150.623 E190.41469
G1 X159.126 Y150.953 E190.43052
G1 X159.012 Y151.27 E190.44621
G1 X158.872 Y151.568 E190.46154
G1 X158.692 Y151.869 E190.47787
G1 X158.488 Y152.143 E190.49378
G1 X158.265 Y152.39 E190.50927
G1 X158.018 Y152.613 E190.52477
G1 X157.744 Y152.817 E190.54067
G1 X157.447 Y152.995 E190.5568
G1 X157.145 Y153.137 E190.57234
G1 X156.828 Y153.251 E190.58802
G1 X156.498 Y153.333 E190.60386
G1 X156.165 Y153.382 E190.61953
G1 X155.825 Y153.399 E190.63538
G0 F9000 X155.825 Y152.959
G0 X155.994 Y152.908
;TYPE:FILL
G1 F1367.3 X152.865 Y149.779 E190.84143
G0 F9000 X153.189 Y151.317
G1 F1367.3 X158.784 Y149.818 E191.11114
G0 F9000 X158.519 Y151.19
G1 F1367.3 X154.584 Y147.256 E191.37024
G0 F9000 X154.727 Y147.19
G1 F1367.3 X153.495 Y151.787 E191.59185
G0 F9000 X156.31 Y152.875
G1 F1367.3 X157.708 Y147.655 E191.84348
G0 F9000 X156.954 Y147.203
G1 F1367.3 X153.478 Y148.134 E192.01104
G0 F9000 X153.575 Y148.207
G1 F2700 E187.01104
G0 F9000 X152.612 Y149.629
G0 X151.527 Y149.575
G0 X148.305 Y151.203
G0 X147.159 Y151.186
G0 X144.175 Y152.998
;TYPE:WALL-INNER
G1 F2700 E192.01104
G1 F683.7 X143.871 Y152.983 E192.02521
G1 X143.574 Y152.939 E192.03919
G1 X143.286 Y152.868 E192.05301
G1 X143.012 Y152.769 E192.06657
G1 X142.743 Y152.642 E192.08042
G1 X142.48 Y152.485 E192.09469
G1 X142.235 Y152.302 E192.10893
G1 X142.018 Y152.107 E192.12251
G1 X141.823 Y151.89 E192.13609
G1 X141.637 Y151.641 E192.15057
G1 X141.483 Y151.383 E192.16456
G1 X141.356 Y151.113 E192.17845
G1 X141.257 Y150.839 E192.19202
G1 X141.186 Y150.551 E192.20583
G1 X141.142 Y150.254 E192.21981
G1 X141.127 Y149.95 E192.23398
G1 X141.142 Y149.646 E192.24816
G1 X141.186 Y149.349 E192.26214
G1 X141.257 Y149.061 E192.27595
G1 X141.356 Y148.787 E192.28951
G1 X141.483 Y148.518 E192.30337
G1 X141.64 Y148.255 E192.31763
G1 X141.823 Y148.01 E192.33187
G1 X142.018 Y147.793 E192.34545
G1 X142.235 Y147.598 E192.35904
G1 X142.48 Y147.415 E192.37328
G1 X142.743 Y147.258 E192.38754
G1 X143.012 Y147.131 E192.40139
G1 X143.286 Y147.032 E192.41496
G1 X143.574 Y146.961 E192.42877
G1 X143.871 Y146.917 E192.44275
G1 X144.175 Y146.902 E192.45692
G1 X144.479 Y146.917 E192.47109
G1 X144.776 Y146.961 E192.48507
G1 X145.064 Y147.032 E192.49889
G1 X145.338 Y147.131 E192.51245
G1 X145.607 Y147.258 E192.5263
G1 X145.87 Y147.415 E192.54057
G1 X146.115 Y147.598 E192.55481
G1 X146.332 Y147.793 E192.56839
G1 X146.527 Y148.01 E192.58198
G1 X146.71 Y148.255 E192.59621
G1 X146.867 Y148.518 E192.61048
G1 X146.994 Y148.787 E192.62433
G1 X147.093 Y149.061 E192.63789
G1 X147.164 Y149.349 E192.65171
G1 X147.208 Y149.646 E192.66569
G1 X147.223 Y149.95 E192.67986
G1 X147.208 Y150.254 E192.69403
G1 X147.164 Y150.551 E192.70801
G1 X147.093 Y150.839 E192.72183
G1 X146.994 Y151.113 E192.73539
G1 X146.867 Y151.383 E192.74928
G1 X146.713 Y151.641 E192.76328
G1 X146.527 Y151.89 E192.77775
G1 X146.332 Y152.107 E192.79133
G1 X146.115 Y152.302 E192.80492
G1 X145.87 Y152.485 E192.81916
G1 X145.607 Y152.642 E192.83342
G1 X145.338 Y152.769 E192.84727
G1 X145.064 Y152.868 E192.86084
G1 X144.776 Y152.939 E192.87465
G1 X144.479 Y152.983 E192.88863
G1 X144.175 Y152.998 E192.9028
G0 F9000 X144.175 Y153.399
;TYPE:WALL-OUTER
G1 F683.7 X143.835 Y153.382 E192.91865
G1 X143.502 Y153.333 E192.93433
G1 X143.172 Y153.251 E192.95016
G1 X142.855 Y153.137 E192.96585
G1 X142.553 Y152.995 E192.98139
G1 X142.256 Y152.817 E192.99751
G1 X141.982 Y152.613 E193.01342
G1 X141.735 Y152.39 E193.02891
G1 X141.512 Y152.143 E193.04441
G1 X141.308 Y151.869 E193.06031
G1 X141.128 Y151.568 E193.07664
G1 X140.988 Y151.27 E193.09197
G1 X140.874 Y150.953 E193.10766
G1 X140.792 Y150.623 E193.12349
G1 X140.743 Y150.29 E193.13917
G1 X140.726 Y149.95 E193.15502
G1 X140.743 Y149.61 E193.17087
G1 X140.792 Y149.277 E193.18654
G1 X140.874 Y148.947 E193.20238
G1 X140.988 Y148.63 E193.21806
G1 X141.13 Y148.328 E193.2336
G1 X141.308 Y148.031 E193.24972
G1 X141.512 Y147.757 E193.26563
G1 X141.735 Y147.51 E193.28113
G1 X141.982 Y147.287 E193.29662
G1 X142.256 Y147.083 E193.31253
G1 X142.553 Y146.905 E193.32865
G1 X142.855 Y146.763 E193.34419
G1 X143.172 Y146.649 E193.35988
G1 X143.502 Y146.567 E193.37571
G1 X143.835 Y146.518 E193.39138
G1 X144.175 Y146.501 E193.40724
G1 X144.515 Y146.518 E193.42309
G1 X144.848 Y146.567 E193.43876
G1 X145.178 Y146.649 E193.45459
G1 X145.495 Y146.763 E193.47028
G1 X145.797 Y146.905 E193.48582
G1 X146.094 Y147.083 E193.50194
G1 X146.368 Y147.287 E193.51785
G1 X146.615 Y147.51 E193.53334
G1 X146.838 Y147.757 E193.54884
G1 X147.042 Y148.031 E193.56475
G1 X147.22 Y148.328 E193.58087
G1 X147.362 Y148.63 E193.59641
G1 X147.476 Y148.947 E193.61209
G1 X147.558 Y149.277 E193.62793
G1 X147.607 Y149.61 E193.6436
G1 X147.624 Y149.95 E193.65945
G1 X147.607 Y150.29 E193.6753
G1 X147.558 Y150.623 E193.69098
G1 X147.476 Y150.953 E193.70681
G1 X147.362 Y151.27 E193.7225
G1 X147.222 Y151.568 E193.73783
G1 X147.042 Y151.869 E193.75416
G1 X146.838 Y152.143 E193.77006
G1 X146.615 Y152.39 E193.78556
G1 X146.368 Y152.613 E193.80106
G1 X146.094 Y152.817 E193.81696
G1 X145.797 Y152.995 E193.83308
G1 X145.495 Y153.137 E193.84862
G1 X145.178 Y153.251 E193.86431
G1 X144.848 Y153.333 E193.88014
G1 X144.515 Y153.382 E193.89582
G1 X144.175 Y153.399 E193.91167
G0 F9000 X144.175 Y152.959
G0 X143.879 Y152.902
;TYPE:FILL
G1 F1367.3 X145.394 Y147.247 E194.18427
G0 F9000 X145.325 Y147.213
G1 F1367.3 X141.814 Y148.153 E194.35352
G0 F9000 X142.145 Y147.784
G1 F1367.3 X141.332 Y150.815 E194.49964
G0 F9000 X141.423 Y151.065
G1 F1367.3 X143.056 Y152.699 E194.60721
G0 F9000 X141.545 Y151.331
G1 F1367.3 X147.135 Y149.834 E194.87668
G0 F9000 X146.453 Y151.852
G1 F1367.3 X142.272 Y147.671 E195.15201
G0 F9000 X142.352 Y147.762
G1 F2700 E190.15201
;MESH:NONMESH
G0 F300 X142.352 Y147.762 Z7.56
G0 F9000 X147.342 Y150.584
G0 X148.394 Y150.846
G0 X152.216 Y152.313
G0 X153.146 Y151.755
G0 X155.825 Y152.998
;TIME_ELAPSED:358.617496
;LAYER:26
;TYPE:WALL-INNER
;MESH:Shiny Hillar (2).stl
G1 F2700 E195.15201
G1 F687.6 X155.521 Y152.983 E195.16618
G1 X155.224 Y152.939 E195.18016
G1 X154.936 Y152.868 E195.19397
G1 X154.662 Y152.769 E195.20754
G1 X154.393 Y152.642 E195.22139
G1 X154.13 Y152.485 E195.23565
G1 X153.885 Y152.302 E195.24989
G1 X153.668 Y152.107 E195.26347
G1 X153.473 Y151.89 E195.27706
G1 X153.287 Y151.641 E195.29153
G1 X153.133 Y151.383 E195.30552
G1 X153.006 Y151.113 E195.31942
G1 X152.907 Y150.839 E195.33298
G1 X152.836 Y150.551 E195.34679
G1 X152.792 Y150.254 E195.36077
G1 X152.777 Y149.95 E195.37495
G1 X152.792 Y149.646 E195.38912
G1 X152.836 Y149.349 E195.4031
G1 X152.907 Y149.061 E195.41691
G1 X153.006 Y148.787 E195.43048
G1 X153.133 Y148.518 E195.44433
G1 X153.29 Y148.255 E195.45859
G1 X153.473 Y148.01 E195.47283
G1 X153.668 Y147.793 E195.48642
G1 X153.885 Y147.598 E195.5
G1 X154.13 Y147.415 E195.51424
G1 X154.393 Y147.258 E195.5285
G1 X154.662 Y147.131 E195.54235
G1 X154.936 Y147.032 E195.55592
G1 X155.224 Y146.961 E195.56973
G1 X155.521 Y146.917 E195.58371
G1 X155.825 Y146.902 E195.59789
G1 X156.129 Y146.917 E195.61206
G1 X156.426 Y146.961 E195.62604
G1 X156.714 Y147.032 E195.63985
G1 X156.988 Y147.131 E195.65342
G1 X157.257 Y147.258 E195.66727
G1 X157.52 Y147.415 E195.68153
G1 X157.765 Y147.598 E195.69577
G1 X157.982 Y147.793 E195.70935
G1 X158.177 Y148.01 E195.72294
G1 X158.36 Y148.255 E195.73718
G1 X158.517 Y148.518 E195.75144
G1 X158.644 Y148.787 E195.76529
G1 X158.743 Y149.061 E195.77886
G1 X158.814 Y149.349 E195.79267
G1 X158.858 Y149.646 E195.80665
G1 X158.873 Y149.95 E195.82082
G1 X158.858 Y150.254 E195.835
G1 X158.814 Y150.551 E195.84898
G1 X158.743 Y150.839 E195.86279
G1 X158.644 Y151.113 E195.87636
G1 X158.517 Y151.383 E195.89025
G1 X158.363 Y151.641 E195.90424
G1 X158.177 Y151.89 E195.91871
G1 X157.982 Y152.107 E195.9323
G1 X157.765 Y152.302 E195.94588
G1 X157.52 Y152.485 E195.96012
G1 X157.257 Y152.642 E195.97438
G1 X156.988 Y152.769 E195.98824
G1 X156.714 Y152.868 E196.0018
G1 X156.426 Y152.939 E196.01561
G1 X156.129 Y152.983 E196.02959
G1 X155.825 Y152.998 E196.04377
G0 F9000 X155.825 Y153.399
;TYPE:WALL-OUTER
G1 F687.6 X155.485 Y153.382 E196.05962
G1 X155.152 Y153.333 E196.07529
G1 X154.822 Y153.251 E196.09112
G1 X154.505 Y153.137 E196.10681
G1 X154.203 Y152.995 E196.12235
G1 X153.906 Y152.817 E196.13847
G1 X153.632 Y152.613 E196.15438
G1 X153.385 Y152.39 E196.16987
G1 X153.162 Y152.143 E196.18537
G1 X152.958 Y151.869 E196.20128
G1 X152.778 Y151.568 E196.21761
G1 X152.638 Y151.27 E196.23294
G1 X152.524 Y150.953 E196.24862
G1 X152.442 Y150.623 E196.26446
G1 X152.393 Y150.29 E196.28013
G1 X152.376 Y149.95 E196.29598
G1 X152.393 Y149.61 E196.31183
G1 X152.442 Y149.277 E196.32751
G1 X152.524 Y148.947 E196.34334
G1 X152.638 Y148.63 E196.35903
G1 X152.78 Y148.328 E196.37457
G1 X152.958 Y148.031 E196.39069
G1 X153.162 Y147.757 E196.4066
G1 X153.385 Y147.51 E196.42209
G1 X153.632 Y147.287 E196.43759
G1 X153.906 Y147.083 E196.45349
G1 X154.203 Y146.905 E196.46962
G1 X154.505 Y146.763 E196.48516
G1 X154.822 Y146.649 E196.50084
G1 X155.152 Y146.567 E196.51667
G1 X155.485 Y146.518 E196.53235
G1 X155.825 Y146.501 E196.5482
G1 X156.165 Y146.518 E196.56405
G1 X156.498 Y146.567 E196.57972
G1 X156.828 Y146.649 E196.59556
G1 X157.145 Y146.763 E196.61124
G1 X157.447 Y146.905 E196.62678
G1 X157.744 Y147.083 E196.64291
G1 X158.018 Y147.287 E196.65881
G1 X158.265 Y147.51 E196.67431
G1 X158.488 Y147.757 E196.6898
G1 X158.692 Y148.031 E196.70571
G1 X158.87 Y148.328 E196.72183
G1 X159.012 Y148.63 E196.73737
G1 X159.126 Y148.947 E196.75306
G1 X159.208 Y149.277 E196.76889
G1 X159.257 Y149.61 E196.78456
G1 X159.274 Y149.95 E196.80042
G1 X159.257 Y150.29 E196.81627
G1 X159.208 Y150.623 E196.83194
G1 X159.126 Y150.953 E196.84777
G1 X159.012 Y151.27 E196.86346
G1 X158.872 Y151.568 E196.87879
G1 X158.692 Y151.869 E196.89512
G1 X158.488 Y152.143 E196.91103
G1 X158.265 Y152.39 E196.92652
G1 X158.018 Y152.613 E196.94202
G1 X157.744 Y152.817 E196.95793
G1 X157.447 Y152.995 E196.97405
G1 X157.145 Y153.137 E196.98959
G1 X156.828 Y153.251 E197.00527
G1 X156.498 Y153.333 E197.02111
G1 X156.165 Y153.382 E197.03678
G1 X155.825 Y153.399 E197.05263
G0 F9000 X155.825 Y152.959
G0 X156.097 Y152.904
;TYPE:FILL
G1 F1375.2 X157.537 Y147.527 E197.31183
G0 F9000 X157.23 Y147.334
G1 F1375.2 X153.303 Y148.386 E197.50114
G0 F9000 X152.889 Y149.524
G1 F1375.2 X156.249 Y152.883 E197.72237
G0 F9000 X158.601 Y150.993
G1 F1375.2 X154.781 Y147.172 E197.97395
G0 F9000 X154.493 Y147.297
G1 F1375.2 X153.345 Y151.583 E198.18056
G0 F9000 X153.291 Y151.495
G1 F1375.2 X158.787 Y150.022 E198.44551
G0 F9000 X158.67 Y150.015
G1 F2700 E193.44551
G0 F9000 X152.734 Y150.889
G0 X151.683 Y151.152
G0 X147.785 Y152.312
G0 X146.854 Y151.755
G0 X144.175 Y152.998
;TYPE:WALL-INNER
G1 F2700 E198.44551
G1 F687.6 X143.871 Y152.983 E198.45968
G1 X143.574 Y152.939 E198.47366
G1 X143.286 Y152.868 E198.48747
G1 X143.012 Y152.769 E198.50104
G1 X142.743 Y152.642 E198.51489
G1 X142.48 Y152.485 E198.52915
G1 X142.235 Y152.302 E198.54339
G1 X142.018 Y152.107 E198.55698
G1 X141.823 Y151.89 E198.57056
G1 X141.637 Y151.641 E198.58504
G1 X141.483 Y151.383 E198.59903
G1 X141.356 Y151.113 E198.61292
G1 X141.257 Y150.839 E198.62649
G1 X141.186 Y150.551 E198.6403
G1 X141.142 Y150.254 E198.65428
G1 X141.127 Y149.95 E198.66845
G1 X141.142 Y149.646 E198.68262
G1 X141.186 Y149.349 E198.6966
G1 X141.257 Y149.061 E198.71042
G1 X141.356 Y148.787 E198.72398
G1 X141.483 Y148.518 E198.73783
G1 X141.64 Y148.255 E198.7521
G1 X141.823 Y148.01 E198.76634
G1 X142.018 Y147.793 E198.77992
G1 X142.235 Y147.598 E198.79351
G1 X142.48 Y147.415 E198.80775
G1 X142.743 Y147.258 E198.82201
G1 X143.012 Y147.131 E198.83586
G1 X143.286 Y147.032 E198.84943
G1 X143.574 Y146.961 E198.86324
G1 X143.871 Y146.917 E198.87722
G1 X144.175 Y146.902 E198.89139
G1 X144.479 Y146.917 E198.90556
G1 X144.776 Y146.961 E198.91954
G1 X145.064 Y147.032 E198.93336
G1 X145.338 Y147.131 E198.94692
G1 X145.607 Y147.258 E198.96077
G1 X145.87 Y147.415 E198.97504
G1 X146.115 Y147.598 E198.98927
G1 X146.332 Y147.793 E199.00286
G1 X146.527 Y148.01 E199.01644
G1 X146.71 Y148.255 E199.03068
G1 X146.867 Y148.518 E199.04495
G1 X146.994 Y148.787 E199.0588
G1 X147.093 Y149.061 E199.07236
G1 X147.164 Y149.349 E199.08618
G1 X147.208 Y149.646 E199.10016
G1 X147.223 Y149.95 E199.11433
G1 X147.208 Y150.254 E199.1285
G1 X147.164 Y150.551 E199.14248
G1 X147.093 Y150.839 E199.15629
G1 X146.994 Y151.113 E199.16986
G1 X146.867 Y151.383 E199.18375
G1 X146.713 Y151.641 E199.19774
G1 X146.527 Y151.89 E199.21222
G1 X146.332 Y152.107 E199.2258
G1 X146.115 Y152.302 E199.23939
G1 X145.87 Y152.485 E199.25363
G1 X145.607 Y152.642 E199.26789
G1 X145.338 Y152.769 E199.28174
G1 X145.064 Y152.868 E199.29531
G1 X144.776 Y152.939 E199.30912
G1 X144.479 Y152.983 E199.3231
G1 X144.175 Y152.998 E199.33727
G0 F9000 X144.175 Y153.399
;TYPE:WALL-OUTER
G1 F687.6 X143.835 Y153.382 E199.35312
G1 X143.502 Y153.333 E199.3688
G1 X143.172 Y153.251 E199.38463
G1 X142.855 Y153.137 E199.40032
G1 X142.553 Y152.995 E199.41585
G1 X142.256 Y152.817 E199.43198
G1 X141.982 Y152.613 E199.44788
G1 X141.735 Y152.39 E199.46338
G1 X141.512 Y152.143 E199.47887
G1 X141.308 Y151.869 E199.49478
G1 X141.128 Y151.568 E199.51111
G1 X140.988 Y151.27 E199.52644
G1 X140.874 Y150.953 E199.54213
G1 X140.792 Y150.623 E199.55796
G1 X140.743 Y150.29 E199.57364
G1 X140.726 Y149.95 E199.58949
G1 X140.743 Y149.61 E199.60534
G1 X140.792 Y149.277 E199.62101
G1 X140.874 Y148.947 E199.63685
G1 X140.988 Y148.63 E199.65253
G1 X141.13 Y148.328 E199.66807
G1 X141.308 Y148.031 E199.68419
G1 X141.512 Y147.757 E199.7001
G1 X141.735 Y147.51 E199.7156
G1 X141.982 Y147.287 E199.73109
G1 X142.256 Y147.083 E199.747
G1 X142.553 Y146.905 E199.76312
G1 X142.855 Y146.763 E199.77866
G1 X143.172 Y146.649 E199.79435
G1 X143.502 Y146.567 E199.81018
G1 X143.835 Y146.518 E199.82585
G1 X144.175 Y146.501 E199.8417
G1 X144.515 Y146.518 E199.85756
G1 X144.848 Y146.567 E199.87323
G1 X145.178 Y146.649 E199.88906
G1 X145.495 Y146.763 E199.90475
G1 X145.797 Y146.905 E199.92029
G1 X146.094 Y147.083 E199.93641
G1 X146.368 Y147.287 E199.95232
G1 X146.615 Y147.51 E199.96781
G1 X146.838 Y147.757 E199.98331
G1 X147.042 Y148.031 E199.99921
G1 X147.22 Y148.328 E200.01534
G1 X147.362 Y148.63 E200.03088
G1 X147.476 Y148.947 E200.04656
G1 X147.558 Y149.277 E200.0624
G1 X147.607 Y149.61 E200.07807
G1 X147.624 Y149.95 E200.09392
G1 X147.607 Y150.29 E200.10977
G1 X147.558 Y150.623 E200.12545
G1 X147.476 Y150.953 E200.14128
G1 X147.362 Y151.27 E200.15697
G1 X147.222 Y151.568 E200.1723
G1 X147.042 Y151.869 E200.18863
G1 X146.838 Y152.143 E200.20453
G1 X146.615 Y152.39 E200.22003
G1 X146.368 Y152.613 E200.23552
G1 X146.094 Y152.817 E200.25143
G1 X145.797 Y152.995 E200.26755
G1 X145.495 Y153.137 E200.28309
G1 X145.178 Y153.251 E200.29878
G1 X144.848 Y153.333 E200.31461
G1 X144.515 Y153.382 E200.33029
G1 X144.175 Y153.399 E200.34614
G0 F9000 X144.175 Y152.959
G0 X143.682 Y152.873
;TYPE:FILL
G1 F1375.2 X145.21 Y147.169 E200.6211
G0 F9000 X145.599 Y147.344
G1 F1375.2 X141.642 Y148.405 E200.81187
G0 F9000 X141.856 Y148.096
G1 F1375.2 X141.242 Y150.387 E200.92231
G0 F9000 X141.294 Y150.656
G1 F1375.2 X143.467 Y152.829 E201.06541
G0 F9000 X141.649 Y151.509
G1 F1375.2 X147.136 Y150.038 E201.32993
G0 F9000 X146.574 Y151.694
G1 F1375.2 X142.431 Y147.55 E201.60278
G0 F9000 X142.502 Y147.648
G1 F2700 E196.60278
;MESH:NONMESH
G0 F300 X142.502 Y147.648 Z7.84
G0 F9000 X147.342 Y150.584
G0 X148.394 Y150.846
G0 X152.216 Y152.313
G0 X153.146 Y151.755
G0 X155.825 Y152.998
;TIME_ELAPSED:371.261241
;LAYER:27
;TYPE:WALL-INNER
;MESH:Shiny Hillar (2).stl
G1 F2700 E201.60278
G1 F685.9 X155.521 Y152.983 E201.61696
G1 X155.224 Y152.939 E201.63094
G1 X154.936 Y152.868 E201.64475
G1 X154.662 Y152.769 E201.65831
G1 X154.393 Y152.642 E201.67217
G1 X154.13 Y152.485 E201.68643
G1 X153.885 Y152.302 E201.70067
G1 X153.668 Y152.107 E201.71425
G1 X153.473 Y151.89 E201.72784
G1 X153.287 Y151.641 E201.74231
G1 X153.133 Y151.383 E201.7563
G1 X153.006 Y151.113 E201.77019
G1 X152.907 Y150.839 E201.78376
G1 X152.836 Y150.551 E201.79757
G1 X152.792 Y150.254 E201.81155
G1 X152.777 Y149.95 E201.82572
G1 X152.792 Y149.646 E201.8399
G1 X152.836 Y149.349 E201.85388
G1 X152.907 Y149.061 E201.86769
G1 X153.006 Y148.787 E201.88126
G1 X153.133 Y148.518 E201.89511
G1 X153.29 Y148.255 E201.90937
G1 X153.473 Y148.01 E201.92361
G1 X153.668 Y147.793 E201.93719
G1 X153.885 Y147.598 E201.95078
G1 X154.13 Y147.415 E201.96502
G1 X154.393 Y147.258 E201.97928
G1 X154.662 Y147.131 E201.99313
G1 X154.936 Y147.032 E202.0067
G1 X155.224 Y146.961 E202.02051
G1 X155.521 Y146.917 E202.03449
G1 X155.825 Y146.902 E202.04866
G1 X156.129 Y146.917 E202.06284
G1 X156.426 Y146.961 E202.07682
G1 X156.714 Y147.032 E202.09063
G1 X156.988 Y147.131 E202.10419
G1 X157.257 Y147.258 E202.11805
G1 X157.52 Y147.415 E202.13231
G1 X157.765 Y147.598 E202.14655
G1 X157.982 Y147.793 E202.16013
G1 X158.177 Y148.01 E202.17372
G1 X158.36 Y148.255 E202.18796
G1 X158.517 Y148.518 E202.20222
G1 X158.644 Y148.787 E202.21607
G1 X158.743 Y149.061 E202.22964
G1 X158.814 Y149.349 E202.24345
G1 X158.858 Y149.646 E202.25743
G1 X158.873 Y149.95 E202.2716
G1 X158.858 Y150.254 E202.28577
G1 X158.814 Y150.551 E202.29975
G1 X158.743 Y150.839 E202.31357
G1 X158.644 Y151.113 E202.32713
G1 X158.517 Y151.383 E202.34103
G1 X158.363 Y151.641 E202.35502
G1 X158.177 Y151.89 E202.36949
G1 X157.982 Y152.107 E202.38307
G1 X157.765 Y152.302 E202.39666
G1 X157.52 Y152.485 E202.4109
G1 X157.257 Y152.642 E202.42516
G1 X156.988 Y152.769 E202.43901
G1 X156.714 Y152.868 E202.45258
G1 X156.426 Y152.939 E202.46639
G1 X156.129 Y152.983 E202.48037
G1 X155.825 Y152.998 E202.49454
G0 F9000 X155.825 Y153.399
;TYPE:WALL-OUTER
G1 F685.9 X155.485 Y153.382 E202.5104
G1 X155.152 Y153.333 E202.52607
G1 X154.822 Y153.251 E202.5419
G1 X154.505 Y153.137 E202.55759
G1 X154.203 Y152.995 E202.57313
G1 X153.906 Y152.817 E202.58925
G1 X153.632 Y152.613 E202.60516
G1 X153.385 Y152.39 E202.62065
G1 X153.162 Y152.143 E202.63615
G1 X152.958 Y151.869 E202.65205
G1 X152.778 Y151.568 E202.66838
G1 X152.638 Y151.27 E202.68372
G1 X152.524 Y150.953 E202.6994
G1 X152.442 Y150.623 E202.71524
G1 X152.393 Y150.29 E202.73091
G1 X152.376 Y149.95 E202.74676
G1 X152.393 Y149.61 E202.76261
G1 X152.442 Y149.277 E202.77828
G1 X152.524 Y148.947 E202.79412
G1 X152.638 Y148.63 E202.8098
G1 X152.78 Y148.328 E202.82534
G1 X152.958 Y148.031 E202.84147
G1 X153.162 Y147.757 E202.85737
G1 X153.385 Y147.51 E202.87287
G1 X153.632 Y147.287 E202.88836
G1 X153.906 Y147.083 E202.90427
G1 X154.203 Y146.905 E202.92039
G1 X154.505 Y146.763 E202.93593
G1 X154.822 Y146.649 E202.95162
G1 X155.152 Y146.567 E202.96745
G1 X155.485 Y146.518 E202.98313
G1 X155.825 Y146.501 E202.99898
G1 X156.165 Y146.518 E203.01483
G1 X156.498 Y146.567 E203.0305
G1 X156.828 Y146.649 E203.04633
G1 X157.145 Y146.763 E203.06202
G1 X157.447 Y146.905 E203.07756
G1 X157.744 Y147.083 E203.09368
G1 X158.018 Y147.287 E203.10959
G1 X158.265 Y147.51 E203.12509
G1 X158.488 Y147.757 E203.14058
G1 X158.692 Y148.031 E203.15649
G1 X158.87 Y148.328 E203.17261
G1 X159.012 Y148.63 E203.18815
G1 X159.126 Y148.947 E203.20384
G1 X159.208 Y149.277 E203.21967
G1 X159.257 Y149.61 E203.23534
G1 X159.274 Y149.95 E203.25119
G1 X159.257 Y150.29 E203.26705
G1 X159.208 Y150.623 E203.28272
G1 X159.126 Y150.953 E203.29855
G1 X159.012 Y151.27 E203.31424
G1 X158.872 Y151.568 E203.32957
G1 X158.692 Y151.869 E203.3459
G1 X158.488 Y152.143 E203.36181
G1 X158.265 Y152.39 E203.3773
G1 X158.018 Y152.613 E203.3928
G1 X157.744 Y152.817 E203.4087
G1 X157.447 Y152.995 E203.42483
G1 X157.145 Y153.137 E203.44037
G1 X156.828 Y153.251 E203.45605
G1 X156.498 Y153.333 E203.47189
G1 X156.165 Y153.382 E203.48756
G1 X155.825 Y153.399 E203.50341
G0 F9000 X155.825 Y152.959
G0 X155.889 Y152.914
;TYPE:FILL
G1 F1371.9 X157.363 Y147.413 E203.7686
G0 F9000 X157.467 Y147.475
G1 F1371.9 X153.169 Y148.627 E203.97579
G0 F9000 X152.932 Y149.286
G1 F1371.9 X156.486 Y152.841 E204.20986
G0 F9000 X158.674 Y150.785
G1 F1371.9 X154.989 Y147.1 E204.45253
G0 F9000 X154.252 Y147.433
G1 F1371.9 X153.204 Y151.345 E204.64111
G0 F9000 X153.406 Y151.669
G1 F1371.9 X158.777 Y150.23 E204.90003
G0 F9000 X158.659 Y150.223
G1 F2700 E199.90003
G0 F9000 X152.734 Y150.889
G0 X151.683 Y151.152
G0 X147.785 Y152.312
G0 X146.854 Y151.755
G0 X144.175 Y152.998
;TYPE:WALL-INNER
G1 F2700 E204.90003
G1 F685.9 X143.871 Y152.983 E204.9142
G1 X143.574 Y152.939 E204.92818
G1 X143.286 Y152.868 E204.94199
G1 X143.012 Y152.769 E204.95556
G1 X142.743 Y152.642 E204.96941
G1 X142.48 Y152.485 E204.98367
G1 X142.235 Y152.302 E204.99791
G1 X142.018 Y152.107 E205.01149
G1 X141.823 Y151.89 E205.02508
G1 X141.637 Y151.641 E205.03955
G1 X141.483 Y151.383 E205.05354
G1 X141.356 Y151.113 E205.06744
G1 X141.257 Y150.839 E205.081
G1 X141.186 Y150.551 E205.09481
G1 X141.142 Y150.254 E205.10879
G1 X141.127 Y149.95 E205.12297
G1 X141.142 Y149.646 E205.13714
G1 X141.186 Y149.349 E205.15112
G1 X141.257 Y149.061 E205.16493
G1 X141.356 Y148.787 E205.1785
G1 X141.483 Y148.518 E205.19235
G1 X141.64 Y148.255 E205.20661
G1 X141.823 Y148.01 E205.22085
G1 X142.018 Y147.793 E205.23444
G1 X142.235 Y147.598 E205.24802
G1 X142.48 Y147.415 E205.26226
G1 X142.743 Y147.258 E205.27652
G1 X143.012 Y147.131 E205.29037
G1 X143.286 Y147.032 E205.30394
G1 X143.574 Y146.961 E205.31775
G1 X143.871 Y146.917 E205.33173
G1 X144.175 Y146.902 E205.34591
G1 X144.479 Y146.917 E205.36008
G1 X144.776 Y146.961 E205.37406
G1 X145.064 Y147.032 E205.38787
G1 X145.338 Y147.131 E205.40144
G1 X145.607 Y147.258 E205.41529
G1 X145.87 Y147.415 E205.42955
G1 X146.115 Y147.598 E205.44379
G1 X146.332 Y147.793 E205.45738
G1 X146.527 Y148.01 E205.47096
G1 X146.71 Y148.255 E205.4852
G1 X146.867 Y148.518 E205.49946
G1 X146.994 Y148.787 E205.51331
G1 X147.093 Y149.061 E205.52688
G1 X147.164 Y149.349 E205.54069
G1 X147.208 Y149.646 E205.55467
G1 X147.223 Y149.95 E205.56884
G1 X147.208 Y150.254 E205.58302
G1 X147.164 Y150.551 E205.597
G1 X147.093 Y150.839 E205.61081
G1 X146.994 Y151.113 E205.62438
G1 X146.867 Y151.383 E205.63827
G1 X146.713 Y151.641 E205.65226
G1 X146.527 Y151.89 E205.66673
G1 X146.332 Y152.107 E205.68032
G1 X146.115 Y152.302 E205.6939
G1 X145.87 Y152.485 E205.70814
G1 X145.607 Y152.642 E205.7224
G1 X145.338 Y152.769 E205.73626
G1 X145.064 Y152.868 E205.74982
G1 X144.776 Y152.939 E205.76363
G1 X144.479 Y152.983 E205.77761
G1 X144.175 Y152.998 E205.79179
G0 F9000 X144.175 Y153.399
;TYPE:WALL-OUTER
G1 F685.9 X143.835 Y153.382 E205.80764
G1 X143.502 Y153.333 E205.82331
G1 X143.172 Y153.251 E205.83914
G1 X142.855 Y153.137 E205.85483
G1 X142.553 Y152.995 E205.87037
G1 X142.256 Y152.817 E205.88649
G1 X141.982 Y152.613 E205.9024
G1 X141.735 Y152.39 E205.91789
G1 X141.512 Y152.143 E205.93339
G1 X141.308 Y151.869 E205.9493
G1 X141.128 Y151.568 E205.96563
G1 X140.988 Y151.27 E205.98096
G1 X140.874 Y150.953 E205.99664
G1 X140.792 Y150.623 E206.01248
G1 X140.743 Y150.29 E206.02815
G1 X140.726 Y149.95 E206.044
G1 X140.743 Y149.61 E206.05985
G1 X140.792 Y149.277 E206.07553
G1 X140.874 Y148.947 E206.09136
G1 X140.988 Y148.63 E206.10705
G1 X141.13 Y148.328 E206.12259
G1 X141.308 Y148.031 E206.13871
G1 X141.512 Y147.757 E206.15462
G1 X141.735 Y147.51 E206.17011
G1 X141.982 Y147.287 E206.18561
G1 X142.256 Y147.083 E206.20151
G1 X142.553 Y146.905 E206.21764
G1 X142.855 Y146.763 E206.23318
G1 X143.172 Y146.649 E206.24886
G1 X143.502 Y146.567 E206.2647
G1 X143.835 Y146.518 E206.28037
G1 X144.175 Y146.501 E206.29622
G1 X144.515 Y146.518 E206.31207
G1 X144.848 Y146.567 E206.32774
G1 X145.178 Y146.649 E206.34358
G1 X145.495 Y146.763 E206.35926
G1 X145.797 Y146.905 E206.3748
G1 X146.094 Y147.083 E206.39093
G1 X146.368 Y147.287 E206.40683
G1 X146.615 Y147.51 E206.42233
G1 X146.838 Y147.757 E206.43782
G1 X147.042 Y148.031 E206.45373
G1 X147.22 Y148.328 E206.46985
G1 X147.362 Y148.63 E206.48539
G1 X147.476 Y148.947 E206.50108
G1 X147.558 Y149.277 E206.51691
G1 X147.607 Y149.61 E206.53258
G1 X147.624 Y149.95 E206.54844
G1 X147.607 Y150.29 E206.56429
G1 X147.558 Y150.623 E206.57996
G1 X147.476 Y150.953 E206.59579
G1 X147.362 Y151.27 E206.61148
G1 X147.222 Y151.568 E206.62681
G1 X147.042 Y151.869 E206.64314
G1 X146.838 Y152.143 E206.65905
G1 X146.615 Y152.39 E206.67454
G1 X146.368 Y152.613 E206.69004
G1 X146.094 Y152.817 E206.70595
G1 X145.797 Y152.995 E206.72207
G1 X145.495 Y153.137 E206.73761
G1 X145.178 Y153.251 E206.75329
G1 X144.848 Y153.333 E206.76913
G1 X144.515 Y153.382 E206.7848
G1 X144.175 Y153.399 E206.80065
G0 F9000 X144.175 Y152.959
G0 X143.809 Y152.891
;TYPE:FILL
G1 F1371.9 X141.231 Y150.313 E206.97042
G0 F9000 X141.219 Y149.708
G1 F1371.9 X141.495 Y148.676 E207.02016
G0 F9000 X141.511 Y148.645
G1 F1371.9 X145.833 Y147.486 E207.22852
G0 F9000 X145.023 Y147.103
G1 F1371.9 X143.487 Y152.836 E207.50489
G0 F9000 X141.765 Y151.682
G1 F1371.9 X147.126 Y150.246 E207.76332
G0 F9000 X146.688 Y151.528
G1 F1371.9 X142.597 Y147.437 E208.03272
G0 F9000 X142.659 Y147.542
G1 F2700 E203.03272
;MESH:NONMESH
G0 F300 X142.659 Y147.542 Z8.12
G0 F9000 X147.342 Y150.584
G0 X148.394 Y150.846
G0 X152.216 Y152.313
G0 X153.146 Y151.755
G0 X155.825 Y152.998
;TIME_ELAPSED:383.886169
;LAYER:28
;TYPE:WALL-INNER
;MESH:Shiny Hillar (2).stl
G1 F2700 E208.03272
G1 F687.9 X155.521 Y152.983 E208.04689
G1 X155.224 Y152.939 E208.06087
G1 X154.936 Y152.868 E208.07469
G1 X154.662 Y152.769 E208.08825
G1 X154.393 Y152.642 E208.1021
G1 X154.13 Y152.485 E208.11637
G1 X153.885 Y152.302 E208.13061
G1 X153.668 Y152.107 E208.14419
G1 X153.473 Y151.89 E208.15777
G1 X153.287 Y151.641 E208.17225
G1 X153.133 Y151.383 E208.18624
G1 X153.006 Y151.113 E208.20013
G1 X152.907 Y150.839 E208.2137
G1 X152.836 Y150.551 E208.22751
G1 X152.792 Y150.254 E208.24149
G1 X152.777 Y149.95 E208.25566
G1 X152.792 Y149.646 E208.26984
G1 X152.836 Y149.349 E208.28382
G1 X152.907 Y149.061 E208.29763
G1 X153.006 Y148.787 E208.31119
G1 X153.133 Y148.518 E208.32505
G1 X153.29 Y148.255 E208.33931
G1 X153.473 Y148.01 E208.35355
G1 X153.668 Y147.793 E208.36713
G1 X153.885 Y147.598 E208.38072
G1 X154.13 Y147.415 E208.39496
G1 X154.393 Y147.258 E208.40922
G1 X154.662 Y147.131 E208.42307
G1 X154.936 Y147.032 E208.43664
G1 X155.224 Y146.961 E208.45045
G1 X155.521 Y146.917 E208.46443
G1 X155.825 Y146.902 E208.4786
G1 X156.129 Y146.917 E208.49277
G1 X156.426 Y146.961 E208.50675
G1 X156.714 Y147.032 E208.52057
G1 X156.988 Y147.131 E208.53413
G1 X157.257 Y147.258 E208.54798
G1 X157.52 Y147.415 E208.56225
G1 X157.765 Y147.598 E208.57649
G1 X157.982 Y147.793 E208.59007
G1 X158.177 Y148.01 E208.60366
G1 X158.36 Y148.255 E208.61789
G1 X158.517 Y148.518 E208.63216
G1 X158.644 Y148.787 E208.64601
G1 X158.743 Y149.061 E208.65957
G1 X158.814 Y149.349 E208.67339
G1 X158.858 Y149.646 E208.68737
G1 X158.873 Y149.95 E208.70154
G1 X158.858 Y150.254 E208.71571
G1 X158.814 Y150.551 E208.72969
G1 X158.743 Y150.839 E208.7435
G1 X158.644 Y151.113 E208.75707
G1 X158.517 Y151.383 E208.77096
G1 X158.363 Y151.641 E208.78496
G1 X158.177 Y151.89 E208.79943
G1 X157.982 Y152.107 E208.81301
G1 X157.765 Y152.302 E208.8266
G1 X157.52 Y152.485 E208.84084
G1 X157.257 Y152.642 E208.8551
G1 X156.988 Y152.769 E208.86895
G1 X156.714 Y152.868 E208.88252
G1 X156.426 Y152.939 E208.89633
G1 X156.129 Y152.983 E208.91031
G1 X155.825 Y152.998 E208.92448
G0 F9000 X155.825 Y153.399
;TYPE:WALL-OUTER
G1 F687.9 X155.485 Y153.382 E208.94033
G1 X155.152 Y153.333 E208.95601
G1 X154.822 Y153.251 E208.97184
G1 X154.505 Y153.137 E208.98753
G1 X154.203 Y152.995 E209.00307
G1 X153.906 Y152.817 E209.01919
G1 X153.632 Y152.613 E209.03509
G1 X153.385 Y152.39 E209.05059
G1 X153.162 Y152.143 E209.06609
G1 X152.958 Y151.869 E209.08199
G1 X152.778 Y151.568 E209.09832
G1 X152.638 Y151.27 E209.11365
G1 X152.524 Y150.953 E209.12934
G1 X152.442 Y150.623 E209.14517
G1 X152.393 Y150.29 E209.16085
G1 X152.376 Y149.95 E209.1767
G1 X152.393 Y149.61 E209.19255
G1 X152.442 Y149.277 E209.20822
G1 X152.524 Y148.947 E209.22406
G1 X152.638 Y148.63 E209.23974
G1 X152.78 Y148.328 E209.25528
G1 X152.958 Y148.031 E209.2714
G1 X153.162 Y147.757 E209.28731
G1 X153.385 Y147.51 E209.30281
G1 X153.632 Y147.287 E209.3183
G1 X153.906 Y147.083 E209.33421
G1 X154.203 Y146.905 E209.35033
G1 X154.505 Y146.763 E209.36587
G1 X154.822 Y146.649 E209.38156
G1 X155.152 Y146.567 E209.39739
G1 X155.485 Y146.518 E209.41306
G1 X155.825 Y146.501 E209.42891
G1 X156.165 Y146.518 E209.44477
G1 X156.498 Y146.567 E209.46044
G1 X156.828 Y146.649 E209.47627
G1 X157.145 Y146.763 E209.49196
G1 X157.447 Y146.905 E209.5075
G1 X157.744 Y147.083 E209.52362
G1 X158.018 Y147.287 E209.53953
G1 X158.265 Y147.51 E209.55502
G1 X158.488 Y147.757 E209.57052
G1 X158.692 Y148.031 E209.58642
G1 X158.87 Y148.328 E209.60255
G1 X159.012 Y148.63 E209.61809
G1 X159.126 Y148.947 E209.63377
G1 X159.208 Y149.277 E209.64961
G1 X159.257 Y149.61 E209.66528
G1 X159.274 Y149.95 E209.68113
G1 X159.257 Y150.29 E209.69698
G1 X159.208 Y150.623 E209.71266
G1 X159.126 Y150.953 E209.72849
G1 X159.012 Y151.27 E209.74418
G1 X158.872 Y151.568 E209.75951
G1 X158.692 Y151.869 E209.77584
G1 X158.488 Y152.143 E209.79174
G1 X158.265 Y152.39 E209.80724
G1 X158.018 Y152.613 E209.82273
G1 X157.744 Y152.817 E209.83864
G1 X157.447 Y152.995 E209.85476
G1 X157.145 Y153.137 E209.8703
G1 X156.828 Y153.251 E209.88599
G1 X156.498 Y153.333 E209.90182
G1 X156.165 Y153.382 E209.9175
G1 X155.825 Y153.399 E209.93335
G0 F9000 X155.825 Y152.959
G0 X155.685 Y152.91
;TYPE:FILL
G1 F1375.8 X157.185 Y147.313 E210.20316
G0 F9000 X157.67 Y147.625
G1 F1375.8 X153.063 Y148.86 E210.42526
G0 F9000 X152.989 Y149.063
G1 F1375.8 X156.709 Y152.783 E210.67023
G0 F9000 X158.729 Y150.56
G1 F1375.8 X155.214 Y147.045 E210.9017
G0 F9000 X154 Y147.608
G1 F1375.8 X153.073 Y151.067 E211.06845
G0 F9000 X153.534 Y151.84
G1 F1375.8 X158.746 Y150.443 E211.31971
G0 F9000 X158.631 Y150.426
G1 F2700 E206.31971
G0 F9000 X152.841 Y151.186
G0 X151.821 Y151.553
G0 X147.785 Y152.312
G0 X146.854 Y151.755
G0 X144.175 Y152.998
;TYPE:WALL-INNER
G1 F2700 E211.31971
G1 F687.9 X143.871 Y152.983 E211.33388
G1 X143.574 Y152.939 E211.34786
G1 X143.286 Y152.868 E211.36167
G1 X143.012 Y152.769 E211.37524
G1 X142.743 Y152.642 E211.38909
G1 X142.48 Y152.485 E211.40335
G1 X142.235 Y152.302 E211.41759
G1 X142.018 Y152.107 E211.43118
G1 X141.823 Y151.89 E211.44476
G1 X141.637 Y151.641 E211.45923
G1 X141.483 Y151.383 E211.47322
G1 X141.356 Y151.113 E211.48712
G1 X141.257 Y150.839 E211.50068
G1 X141.186 Y150.551 E211.51449
G1 X141.142 Y150.254 E211.52848
G1 X141.127 Y149.95 E211.54265
G1 X141.142 Y149.646 E211.55682
G1 X141.186 Y149.349 E211.5708
G1 X141.257 Y149.061 E211.58461
G1 X141.356 Y148.787 E211.59818
G1 X141.483 Y148.518 E211.61203
G1 X141.64 Y148.255 E211.62629
G1 X141.823 Y148.01 E211.64053
G1 X142.018 Y147.793 E211.65412
G1 X142.235 Y147.598 E211.6677
G1 X142.48 Y147.415 E211.68194
G1 X142.743 Y147.258 E211.6962
G1 X143.012 Y147.131 E211.71006
G1 X143.286 Y147.032 E211.72362
G1 X143.574 Y146.961 E211.73743
G1 X143.871 Y146.917 E211.75141
G1 X144.175 Y146.902 E211.76559
G1 X144.479 Y146.917 E211.77976
G1 X144.776 Y146.961 E211.79374
G1 X145.064 Y147.032 E211.80755
G1 X145.338 Y147.131 E211.82112
G1 X145.607 Y147.258 E211.83497
G1 X145.87 Y147.415 E211.84923
G1 X146.115 Y147.598 E211.86347
G1 X146.332 Y147.793 E211.87706
G1 X146.527 Y148.01 E211.89064
G1 X146.71 Y148.255 E211.90488
G1 X146.867 Y148.518 E211.91914
G1 X146.994 Y148.787 E211.93299
G1 X147.093 Y149.061 E211.94656
G1 X147.164 Y149.349 E211.96037
G1 X147.208 Y149.646 E211.97435
G1 X147.223 Y149.95 E211.98852
G1 X147.208 Y150.254 E212.0027
G1 X147.164 Y150.551 E212.01668
G1 X147.093 Y150.839 E212.03049
G1 X146.994 Y151.113 E212.04406
G1 X146.867 Y151.383 E212.05795
G1 X146.713 Y151.641 E212.07194
G1 X146.527 Y151.89 E212.08641
G1 X146.332 Y152.107 E212.1
G1 X146.115 Y152.302 E212.11358
G1 X145.87 Y152.485 E212.12782
G1 X145.607 Y152.642 E212.14208
G1 X145.338 Y152.769 E212.15594
G1 X145.064 Y152.868 E212.1695
G1 X144.776 Y152.939 E212.18331
G1 X144.479 Y152.983 E212.19729
G1 X144.175 Y152.998 E212.21147
G0 F9000 X144.175 Y153.399
;TYPE:WALL-OUTER
G1 F687.9 X143.835 Y153.382 E212.22732
G1 X143.502 Y153.333 E212.24299
G1 X143.172 Y153.251 E212.25882
G1 X142.855 Y153.137 E212.27451
G1 X142.553 Y152.995 E212.29005
G1 X142.256 Y152.817 E212.30617
G1 X141.982 Y152.613 E212.32208
G1 X141.735 Y152.39 E212.33758
G1 X141.512 Y152.143 E212.35307
G1 X141.308 Y151.869 E212.36898
G1 X141.128 Y151.568 E212.38531
G1 X140.988 Y151.27 E212.40064
G1 X140.874 Y150.953 E212.41633
G1 X140.792 Y150.623 E212.43216
G1 X140.743 Y150.29 E212.44783
G1 X140.726 Y149.95 E212.46368
G1 X140.743 Y149.61 E212.47953
G1 X140.792 Y149.277 E212.49521
G1 X140.874 Y148.947 E212.51104
G1 X140.988 Y148.63 E212.52673
G1 X141.13 Y148.328 E212.54227
G1 X141.308 Y148.031 E212.55839
G1 X141.512 Y147.757 E212.5743
G1 X141.735 Y147.51 E212.58979
G1 X141.982 Y147.287 E212.60529
G1 X142.256 Y147.083 E212.62119
G1 X142.553 Y146.905 E212.63732
G1 X142.855 Y146.763 E212.65286
G1 X143.172 Y146.649 E212.66854
G1 X143.502 Y146.567 E212.68438
G1 X143.835 Y146.518 E212.70005
G1 X144.175 Y146.501 E212.7159
G1 X144.515 Y146.518 E212.73175
G1 X144.848 Y146.567 E212.74742
G1 X145.178 Y146.649 E212.76326
G1 X145.495 Y146.763 E212.77894
G1 X145.797 Y146.905 E212.79448
G1 X146.094 Y147.083 E212.81061
G1 X146.368 Y147.287 E212.82651
G1 X146.615 Y147.51 E212.84201
G1 X146.838 Y147.757 E212.8575
G1 X147.042 Y148.031 E212.87341
G1 X147.22 Y148.328 E212.88953
G1 X147.362 Y148.63 E212.90507
G1 X147.476 Y148.947 E212.92076
G1 X147.558 Y149.277 E212.93659
G1 X147.607 Y149.61 E212.95227
G1 X147.624 Y149.95 E212.96812
G1 X147.607 Y150.29 E212.98397
G1 X147.558 Y150.623 E212.99964
G1 X147.476 Y150.953 E213.01547
G1 X147.362 Y151.27 E213.03116
G1 X147.222 Y151.568 E213.04649
G1 X147.042 Y151.869 E213.06282
G1 X146.838 Y152.143 E213.07873
G1 X146.615 Y152.39 E213.09422
G1 X146.368 Y152.613 E213.10972
G1 X146.094 Y152.817 E213.12563
G1 X145.797 Y152.995 E213.14175
G1 X145.495 Y153.137 E213.15729
G1 X145.178 Y153.251 E213.17298
G1 X144.848 Y153.333 E213.18881
G1 X144.515 Y153.382 E213.20448
G1 X144.175 Y153.399 E213.22033
G0 F9000 X144.175 Y152.959
G0 X144.11 Y152.912
;TYPE:FILL
G1 F1375.8 X141.21 Y150.012 E213.4113
G0 F9000 X141.407 Y148.877
G1 F1375.8 X146.036 Y147.637 E213.63445
G0 F9000 X144.831 Y147.054
G1 F1375.8 X143.295 Y152.785 E213.91073
G0 F9000 X141.896 Y151.852
G1 F1375.8 X147.095 Y150.459 E214.16135
G0 F9000 X147.137 Y150.039
G1 F1375.8 X146.78 Y151.37 E214.22552
G0 F9000 X146.792 Y151.351
G1 F1375.8 X142.772 Y147.332 E214.49021
G0 F9000 X142.834 Y147.437
G1 F2700 E209.49021
;MESH:NONMESH
G0 F300 X142.834 Y147.437 Z8.4
G0 F9000 X147.342 Y150.584
G0 X148.394 Y150.846
G0 X152.216 Y152.313
G0 X153.146 Y151.755
G0 X155.825 Y152.998
;TIME_ELAPSED:396.540919
;LAYER:29
;TYPE:WALL-INNER
;MESH:Shiny Hillar (2).stl
G1 F2700 E214.49021
G1 F693.4 X155.521 Y152.983 E214.50438
G1 X155.224 Y152.939 E214.51836
G1 X154.936 Y152.868 E214.53218
G1 X154.662 Y152.769 E214.54574
G1 X154.393 Y152.642 E214.55959
G1 X154.13 Y152.485 E214.57386
G1 X153.885 Y152.302 E214.5881
G1 X153.668 Y152.107 E214.60168
G1 X153.473 Y151.89 E214.61527
G1 X153.287 Y151.641 E214.62974
G1 X153.133 Y151.383 E214.64373
G1 X153.006 Y151.113 E214.65762
G1 X152.907 Y150.839 E214.67119
G1 X152.836 Y150.551 E214.685
G1 X152.792 Y150.254 E214.69898
G1 X152.777 Y149.95 E214.71315
G1 X152.792 Y149.646 E214.72733
G1 X152.836 Y149.349 E214.74131
G1 X152.907 Y149.061 E214.75512
G1 X153.006 Y148.787 E214.76868
G1 X153.133 Y148.518 E214.78254
G1 X153.29 Y148.255 E214.7968
G1 X153.473 Y148.01 E214.81104
G1 X153.668 Y147.793 E214.82462
G1 X153.885 Y147.598 E214.83821
G1 X154.13 Y147.415 E214.85245
G1 X154.393 Y147.258 E214.86671
G1 X154.662 Y147.131 E214.88056
G1 X154.936 Y147.032 E214.89413
G1 X155.224 Y146.961 E214.90794
G1 X155.521 Y146.917 E214.92192
G1 X155.825 Y146.902 E214.93609
G1 X156.129 Y146.917 E214.95026
G1 X156.426 Y146.961 E214.96424
G1 X156.714 Y147.032 E214.97806
G1 X156.988 Y147.131 E214.99162
G1 X157.257 Y147.258 E215.00547
G1 X157.52 Y147.415 E215.01974
G1 X157.765 Y147.598 E215.03398
G1 X157.982 Y147.793 E215.04756
G1 X158.177 Y148.01 E215.06115
G1 X158.36 Y148.255 E215.07538
G1 X158.517 Y148.518 E215.08965
G1 X158.644 Y148.787 E215.1035
G1 X158.743 Y149.061 E215.11706
G1 X158.814 Y149.349 E215.13088
G1 X158.858 Y149.646 E215.14486
G1 X158.873 Y149.95 E215.15903
G1 X158.858 Y150.254 E215.1732
G1 X158.814 Y150.551 E215.18718
G1 X158.743 Y150.839 E215.201
G1 X158.644 Y151.113 E215.21456
G1 X158.517 Y151.383 E215.22845
G1 X158.363 Y151.641 E215.24245
G1 X158.177 Y151.89 E215.25692
G1 X157.982 Y152.107 E215.2705
G1 X157.765 Y152.302 E215.28409
G1 X157.52 Y152.485 E215.29833
G1 X157.257 Y152.642 E215.31259
G1 X156.988 Y152.769 E215.32644
G1 X156.714 Y152.868 E215.34001
G1 X156.426 Y152.939 E215.35382
G1 X156.129 Y152.983 E215.3678
G1 X155.825 Y152.998 E215.38197
G0 F9000 X155.825 Y153.399
;TYPE:WALL-OUTER
G1 F693.4 X155.485 Y153.382 E215.39782
G1 X155.152 Y153.333 E215.4135
G1 X154.822 Y153.251 E215.42933
G1 X154.505 Y153.137 E215.44502
G1 X154.203 Y152.995 E215.46056
G1 X153.906 Y152.817 E215.47668
G1 X153.632 Y152.613 E215.49259
G1 X153.385 Y152.39 E215.50808
G1 X153.162 Y152.143 E215.52358
G1 X152.958 Y151.869 E215.53948
G1 X152.778 Y151.568 E215.55581
G1 X152.638 Y151.27 E215.57114
G1 X152.524 Y150.953 E215.58683
G1 X152.442 Y150.623 E215.60266
G1 X152.393 Y150.29 E215.61834
G1 X152.376 Y149.95 E215.63419
G1 X152.393 Y149.61 E215.65004
G1 X152.442 Y149.277 E215.66571
G1 X152.524 Y148.947 E215.68155
G1 X152.638 Y148.63 E215.69723
G1 X152.78 Y148.328 E215.71277
G1 X152.958 Y148.031 E215.7289
G1 X153.162 Y147.757 E215.7448
G1 X153.385 Y147.51 E215.7603
G1 X153.632 Y147.287 E215.77579
G1 X153.906 Y147.083 E215.7917
G1 X154.203 Y146.905 E215.80782
G1 X154.505 Y146.763 E215.82336
G1 X154.822 Y146.649 E215.83905
G1 X155.152 Y146.567 E215.85488
G1 X155.485 Y146.518 E215.87055
G1 X155.825 Y146.501 E215.88641
G1 X156.165 Y146.518 E215.90226
G1 X156.498 Y146.567 E215.91793
G1 X156.828 Y146.649 E215.93376
G1 X157.145 Y146.763 E215.94945
G1 X157.447 Y146.905 E215.96499
G1 X157.744 Y147.083 E215.98111
G1 X158.018 Y147.287 E215.99702
G1 X158.265 Y147.51 E216.01251
G1 X158.488 Y147.757 E216.02801
G1 X158.692 Y148.031 E216.04392
G1 X158.87 Y148.328 E216.06004
G1 X159.012 Y148.63 E216.07558
G1 X159.126 Y148.947 E216.09126
G1 X159.208 Y149.277 E216.1071
G1 X159.257 Y149.61 E216.12277
G1 X159.274 Y149.95 E216.13862
G1 X159.257 Y150.29 E216.15447
G1 X159.208 Y150.623 E216.17015
G1 X159.126 Y150.953 E216.18598
G1 X159.012 Y151.27 E216.20167
G1 X158.872 Y151.568 E216.217
G1 X158.692 Y151.869 E216.23333
G1 X158.488 Y152.143 E216.24923
G1 X158.265 Y152.39 E216.26473
G1 X158.018 Y152.613 E216.28023
G1 X157.744 Y152.817 E216.29613
G1 X157.447 Y152.995 E216.31225
G1 X157.145 Y153.137 E216.32779
G1 X156.828 Y153.251 E216.34348
G1 X156.498 Y153.333 E216.35931
G1 X156.165 Y153.382 E216.37499
G1 X155.825 Y153.399 E216.39084
G0 F9000 X155.825 Y152.959
G0 X155.484 Y152.896
;TYPE:FILL
G1 F1386.7 X157.003 Y147.228 E216.66408
G0 F9000 X157.851 Y147.782
G1 F1386.7 X152.982 Y149.087 E216.8988
G0 F9000 X153.063 Y148.857
G1 F1386.7 X156.915 Y152.709 E217.15246
G0 F9000 X158.703 Y150.66
G1 F1386.7 X153.682 Y152.005 E217.3945
G0 F9000 X152.96 Y150.723
G1 F1386.7 X153.733 Y147.839 E217.53353
G0 F9000 X155.456 Y147.008
G1 F1386.7 X158.766 Y150.318 E217.7515
G0 F9000 X158.649 Y150.301
G1 F2700 E212.7515
G0 F9000 X152.841 Y151.186
G0 X151.821 Y151.553
G0 X147.785 Y152.312
G0 X146.854 Y151.755
G0 X144.175 Y152.998
;TYPE:WALL-INNER
G1 F2700 E217.7515
G1 F693.4 X143.871 Y152.983 E217.76568
G1 X143.574 Y152.939 E217.77966
G1 X143.286 Y152.868 E217.79347
G1 X143.012 Y152.769 E217.80703
G1 X142.743 Y152.642 E217.82089
G1 X142.48 Y152.485 E217.83515
G1 X142.235 Y152.302 E217.84939
G1 X142.018 Y152.107 E217.86297
G1 X141.823 Y151.89 E217.87656
G1 X141.637 Y151.641 E217.89103
G1 X141.483 Y151.383 E217.90502
G1 X141.356 Y151.113 E217.91891
G1 X141.257 Y150.839 E217.93248
G1 X141.186 Y150.551 E217.94629
G1 X141.142 Y150.254 E217.96027
G1 X141.127 Y149.95 E217.97445
G1 X141.142 Y149.646 E217.98862
G1 X141.186 Y149.349 E218.0026
G1 X141.257 Y149.061 E218.01641
G1 X141.356 Y148.787 E218.02998
G1 X141.483 Y148.518 E218.04383
G1 X141.64 Y148.255 E218.05809
G1 X141.823 Y148.01 E218.07233
G1 X142.018 Y147.793 E218.08592
G1 X142.235 Y147.598 E218.0995
G1 X142.48 Y147.415 E218.11374
G1 X142.743 Y147.258 E218.128
G1 X143.012 Y147.131 E218.14185
G1 X143.286 Y147.032 E218.15542
G1 X143.574 Y146.961 E218.16923
G1 X143.871 Y146.917 E218.18321
G1 X144.175 Y146.902 E218.19738
G1 X144.479 Y146.917 E218.21156
G1 X144.776 Y146.961 E218.22554
G1 X145.064 Y147.032 E218.23935
G1 X145.338 Y147.131 E218.25292
G1 X145.607 Y147.258 E218.26677
G1 X145.87 Y147.415 E218.28103
G1 X146.115 Y147.598 E218.29527
G1 X146.332 Y147.793 E218.30885
G1 X146.527 Y148.01 E218.32244
G1 X146.71 Y148.255 E218.33668
G1 X146.867 Y148.518 E218.35094
G1 X146.994 Y148.787 E218.36479
G1 X147.093 Y149.061 E218.37836
G1 X147.164 Y149.349 E218.39217
G1 X147.208 Y149.646 E218.40615
G1 X147.223 Y149.95 E218.42032
G1 X147.208 Y150.254 E218.4345
G1 X147.164 Y150.551 E218.44848
G1 X147.093 Y150.839 E218.46229
G1 X146.994 Y151.113 E218.47585
G1 X146.867 Y151.383 E218.48975
G1 X146.713 Y151.641 E218.50374
G1 X146.527 Y151.89 E218.51821
G1 X146.332 Y152.107 E218.5318
G1 X146.115 Y152.302 E218.54538
G1 X145.87 Y152.485 E218.55962
G1 X145.607 Y152.642 E218.57388
G1 X145.338 Y152.769 E218.58773
G1 X145.064 Y152.868 E218.6013
G1 X144.776 Y152.939 E218.61511
G1 X144.479 Y152.983 E218.62909
G1 X144.175 Y152.998 E218.64326
G0 F9000 X144.175 Y153.399
;TYPE:WALL-OUTER
G1 F693.4 X143.835 Y153.382 E218.65912
G1 X143.502 Y153.333 E218.67479
G1 X143.172 Y153.251 E218.69062
G1 X142.855 Y153.137 E218.70631
G1 X142.553 Y152.995 E218.72185
G1 X142.256 Y152.817 E218.73797
G1 X141.982 Y152.613 E218.75388
G1 X141.735 Y152.39 E218.76937
G1 X141.512 Y152.143 E218.78487
G1 X141.308 Y151.869 E218.80078
G1 X141.128 Y151.568 E218.81711
G1 X140.988 Y151.27 E218.83244
G1 X140.874 Y150.953 E218.84812
G1 X140.792 Y150.623 E218.86396
G1 X140.743 Y150.29 E218.87963
G1 X140.726 Y149.95 E218.89548
G1 X140.743 Y149.61 E218.91133
G1 X140.792 Y149.277 E218.92701
G1 X140.874 Y148.947 E218.94284
G1 X140.988 Y148.63 E218.95853
G1 X141.13 Y148.328 E218.97406
G1 X141.308 Y148.031 E218.99019
G1 X141.512 Y147.757 E219.00609
G1 X141.735 Y147.51 E219.02159
G1 X141.982 Y147.287 E219.03708
G1 X142.256 Y147.083 E219.05299
G1 X142.553 Y146.905 E219.06911
G1 X142.855 Y146.763 E219.08465
G1 X143.172 Y146.649 E219.10034
G1 X143.502 Y146.567 E219.11617
G1 X143.835 Y146.518 E219.13185
G1 X144.175 Y146.501 E219.1477
G1 X144.515 Y146.518 E219.16355
G1 X144.848 Y146.567 E219.17922
G1 X145.178 Y146.649 E219.19506
G1 X145.495 Y146.763 E219.21074
G1 X145.797 Y146.905 E219.22628
G1 X146.094 Y147.083 E219.2424
G1 X146.368 Y147.287 E219.25831
G1 X146.615 Y147.51 E219.27381
G1 X146.838 Y147.757 E219.2893
G1 X147.042 Y148.031 E219.30521
G1 X147.22 Y148.328 E219.32133
G1 X147.362 Y148.63 E219.33687
G1 X147.476 Y148.947 E219.35256
G1 X147.558 Y149.277 E219.36839
G1 X147.607 Y149.61 E219.38406
G1 X147.624 Y149.95 E219.39991
G1 X147.607 Y150.29 E219.41577
G1 X147.558 Y150.623 E219.43144
G1 X147.476 Y150.953 E219.44727
G1 X147.362 Y151.27 E219.46296
G1 X147.222 Y151.568 E219.47829
G1 X147.042 Y151.869 E219.49462
G1 X146.838 Y152.143 E219.51053
G1 X146.615 Y152.39 E219.52602
G1 X146.368 Y152.613 E219.54152
G1 X146.094 Y152.817 E219.55742
G1 X145.797 Y152.995 E219.57355
G1 X145.495 Y153.137 E219.58909
G1 X145.178 Y153.251 E219.60477
G1 X144.848 Y153.333 E219.62061
G1 X144.515 Y153.382 E219.63628
G1 X144.175 Y153.399 E219.65213
G0 F9000 X144.175 Y152.959
G0 X144.383 Y152.905
;TYPE:FILL
G1 F1386.7 X141.217 Y149.739 E219.86062
G0 F9000 X141.328 Y149.104
G1 F1386.7 X146.215 Y147.794 E220.09621
G0 F9000 X144.635 Y147.02
G1 F1386.7 X143.108 Y152.718 E220.3709
G0 F9000 X142.044 Y152.018
G1 F1386.7 X147.049 Y150.676 E220.61218
G0 F9000 X146.883 Y151.162
G1 F1386.7 X142.963 Y147.242 E220.87032
G0 F9000 X147.094 Y149.433
G1 F1386.7 X146.444 Y151.862 E220.9874
G0 F9000 X146.355 Y151.782
G1 F2700 E215.9874
;MESH:NONMESH
G0 F300 X146.355 Y151.782 Z8.68
G0 F9000 X147.159 Y151.186
G0 X148.18 Y151.552
G0 X152.216 Y152.313
G0 X153.146 Y151.755
G0 X155.825 Y152.998
;TIME_ELAPSED:409.318907
;LAYER:30
;TYPE:WALL-INNER
;MESH:Shiny Hillar (2).stl
G1 F2700 E220.9874
G1 F687.5 X155.521 Y152.983 E221.00158
G1 X155.224 Y152.939 E221.01556
G1 X154.936 Y152.868 E221.02937
G1 X154.662 Y152.769 E221.04294
G1 X154.393 Y152.642 E221.05679
G1 X154.13 Y152.485 E221.07105
G1 X153.885 Y152.302 E221.08529
G1 X153.668 Y152.107 E221.09887
G1 X153.473 Y151.89 E221.11246
G1 X153.287 Y151.641 E221.12693
G1 X153.133 Y151.383 E221.14092
G1 X153.006 Y151.113 E221.15482
G1 X152.907 Y150.839 E221.16838
G1 X152.836 Y150.551 E221.18219
G1 X152.792 Y150.254 E221.19617
G1 X152.777 Y149.95 E221.21035
G1 X152.792 Y149.646 E221.22452
G1 X152.836 Y149.349 E221.2385
G1 X152.907 Y149.061 E221.25231
G1 X153.006 Y148.787 E221.26588
G1 X153.133 Y148.518 E221.27973
G1 X153.29 Y148.255 E221.29399
G1 X153.473 Y148.01 E221.30823
G1 X153.668 Y147.793 E221.32182
G1 X153.885 Y147.598 E221.3354
G1 X154.13 Y147.415 E221.34964
G1 X154.393 Y147.258 E221.3639
G1 X154.662 Y147.131 E221.37775
G1 X154.936 Y147.032 E221.39132
G1 X155.224 Y146.961 E221.40513
G1 X155.521 Y146.917 E221.41911
G1 X155.825 Y146.902 E221.43329
G1 X156.129 Y146.917 E221.44746
G1 X156.426 Y146.961 E221.46144
G1 X156.714 Y147.032 E221.47525
G1 X156.988 Y147.131 E221.48882
G1 X157.257 Y147.258 E221.50267
G1 X157.52 Y147.415 E221.51693
G1 X157.765 Y147.598 E221.53117
G1 X157.982 Y147.793 E221.54475
G1 X158.177 Y148.01 E221.55834
G1 X158.36 Y148.255 E221.57258
G1 X158.517 Y148.518 E221.58684
G1 X158.644 Y148.787 E221.60069
G1 X158.743 Y149.061 E221.61426
G1 X158.814 Y149.349 E221.62807
G1 X158.858 Y149.646 E221.64205
G1 X158.873 Y149.95 E221.65622
G1 X158.858 Y150.254 E221.6704
G1 X158.814 Y150.551 E221.68438
G1 X158.743 Y150.839 E221.69819
G1 X158.644 Y151.113 E221.71175
G1 X158.517 Y151.383 E221.72565
G1 X158.363 Y151.641 E221.73964
G1 X158.177 Y151.89 E221.75411
G1 X157.982 Y152.107 E221.7677
G1 X157.765 Y152.302 E221.78128
G1 X157.52 Y152.485 E221.79552
G1 X157.257 Y152.642 E221.80978
G1 X156.988 Y152.769 E221.82363
G1 X156.714 Y152.868 E221.8372
G1 X156.426 Y152.939 E221.85101
G1 X156.129 Y152.983 E221.86499
G1 X155.825 Y152.998 E221.87917
G0 F9000 X155.825 Y153.399
;TYPE:WALL-OUTER
G1 F687.5 X155.485 Y153.382 E221.89502
G1 X155.152 Y153.333 E221.91069
G1 X154.822 Y153.251 E221.92652
G1 X154.505 Y153.137 E221.94221
G1 X154.203 Y152.995 E221.95775
G1 X153.906 Y152.817 E221.97387
G1 X153.632 Y152.613 E221.98978
G1 X153.385 Y152.39 E222.00527
G1 X153.162 Y152.143 E222.02077
G1 X152.958 Y151.869 E222.03668
G1 X152.778 Y151.568 E222.05301
G1 X152.638 Y151.27 E222.06834
G1 X152.524 Y150.953 E222.08402
G1 X152.442 Y150.623 E222.09986
G1 X152.393 Y150.29 E222.11553
G1 X152.376 Y149.95 E222.13138
G1 X152.393 Y149.61 E222.14723
G1 X152.442 Y149.277 E222.16291
G1 X152.524 Y148.947 E222.17874
G1 X152.638 Y148.63 E222.19443
G1 X152.78 Y148.328 E222.20997
G1 X152.958 Y148.031 E222.22609
G1 X153.162 Y147.757 E222.242
G1 X153.385 Y147.51 E222.25749
G1 X153.632 Y147.287 E222.27299
G1 X153.906 Y147.083 E222.28889
G1 X154.203 Y146.905 E222.30502
G1 X154.505 Y146.763 E222.32055
G1 X154.822 Y146.649 E222.33624
G1 X155.152 Y146.567 E222.35207
G1 X155.485 Y146.518 E222.36775
G1 X155.825 Y146.501 E222.3836
G1 X156.165 Y146.518 E222.39945
G1 X156.498 Y146.567 E222.41512
G1 X156.828 Y146.649 E222.43096
G1 X157.145 Y146.763 E222.44664
G1 X157.447 Y146.905 E222.46218
G1 X157.744 Y147.083 E222.47831
G1 X158.018 Y147.287 E222.49421
G1 X158.265 Y147.51 E222.50971
G1 X158.488 Y147.757 E222.5252
G1 X158.692 Y148.031 E222.54111
G1 X158.87 Y148.328 E222.55723
G1 X159.012 Y148.63 E222.57277
G1 X159.126 Y148.947 E222.58846
G1 X159.208 Y149.277 E222.60429
G1 X159.257 Y149.61 E222.61996
G1 X159.274 Y149.95 E222.63582
G1 X159.257 Y150.29 E222.65167
G1 X159.208 Y150.623 E222.66734
G1 X159.126 Y150.953 E222.68317
G1 X159.012 Y151.27 E222.69886
G1 X158.872 Y151.568 E222.71419
G1 X158.692 Y151.869 E222.73052
G1 X158.488 Y152.143 E222.74643
G1 X158.265 Y152.39 E222.76192
G1 X158.018 Y152.613 E222.77742
G1 X157.744 Y152.817 E222.79333
G1 X157.447 Y152.995 E222.80945
G1 X157.145 Y153.137 E222.82499
G1 X156.828 Y153.251 E222.84067
G1 X156.498 Y153.333 E222.85651
G1 X156.165 Y153.382 E222.87218
G1 X155.825 Y153.399 E222.88803
G0 F9000 X155.825 Y152.959
G0 X155.287 Y152.867
;TYPE:FILL
G1 F1375.1 X156.818 Y147.154 E223.16344
G0 F9000 X155.716 Y146.988
G1 F1375.1 X158.786 Y150.057 E223.36557
G0 F9000 X158.641 Y150.881
G1 F1375.1 X153.851 Y152.165 E223.59649
G0 F9000 X152.875 Y150.275
G1 F1375.1 X153.433 Y148.193 E223.69686
G0 F9000 X153.15 Y148.664
G1 F1375.1 X157.108 Y152.622 E223.9575
G0 F9000 X158.012 Y147.944
G1 F1375.1 X152.928 Y149.306 E224.20258
G0 F9000 X153.045 Y149.336
G1 F2700 E219.20258
G0 F9000 X152.658 Y150.584
G0 X151.607 Y150.847
G0 X147.981 Y151.984
G0 X146.854 Y151.755
G0 X144.175 Y152.998
;TYPE:WALL-INNER
G1 F2700 E224.20258
G1 F687.5 X143.871 Y152.983 E224.21675
G1 X143.574 Y152.939 E224.23073
G1 X143.286 Y152.868 E224.24454
G1 X143.012 Y152.769 E224.25811
G1 X142.743 Y152.642 E224.27196
G1 X142.48 Y152.485 E224.28622
G1 X142.235 Y152.302 E224.30046
G1 X142.018 Y152.107 E224.31405
G1 X141.823 Y151.89 E224.32763
G1 X141.637 Y151.641 E224.3421
G1 X141.483 Y151.383 E224.3561
G1 X141.356 Y151.113 E224.36999
G1 X141.257 Y150.839 E224.38355
G1 X141.186 Y150.551 E224.39737
G1 X141.142 Y150.254 E224.41135
G1 X141.127 Y149.95 E224.42552
G1 X141.142 Y149.646 E224.43969
G1 X141.186 Y149.349 E224.45367
G1 X141.257 Y149.061 E224.46749
G1 X141.356 Y148.787 E224.48105
G1 X141.483 Y148.518 E224.4949
G1 X141.64 Y148.255 E224.50917
G1 X141.823 Y148.01 E224.5234
G1 X142.018 Y147.793 E224.53699
G1 X142.235 Y147.598 E224.55057
G1 X142.48 Y147.415 E224.56481
G1 X142.743 Y147.258 E224.57908
G1 X143.012 Y147.131 E224.59293
G1 X143.286 Y147.032 E224.60649
G1 X143.574 Y146.961 E224.62031
G1 X143.871 Y146.917 E224.63429
G1 X144.175 Y146.902 E224.64846
G1 X144.479 Y146.917 E224.66263
G1 X144.776 Y146.961 E224.67661
G1 X145.064 Y147.032 E224.69042
G1 X145.338 Y147.131 E224.70399
G1 X145.607 Y147.258 E224.71784
G1 X145.87 Y147.415 E224.7321
G1 X146.115 Y147.598 E224.74634
G1 X146.332 Y147.793 E224.75993
G1 X146.527 Y148.01 E224.77351
G1 X146.71 Y148.255 E224.78775
G1 X146.867 Y148.518 E224.80201
G1 X146.994 Y148.787 E224.81587
G1 X147.093 Y149.061 E224.82943
G1 X147.164 Y149.349 E224.84324
G1 X147.208 Y149.646 E224.85722
G1 X147.223 Y149.95 E224.8714
G1 X147.208 Y150.254 E224.88557
G1 X147.164 Y150.551 E224.89955
G1 X147.093 Y150.839 E224.91336
G1 X146.994 Y151.113 E224.92693
G1 X146.867 Y151.383 E224.94082
G1 X146.713 Y151.641 E224.95481
G1 X146.527 Y151.89 E224.96929
G1 X146.332 Y152.107 E224.98287
G1 X146.115 Y152.302 E224.99645
G1 X145.87 Y152.485 E225.01069
G1 X145.607 Y152.642 E225.02496
G1 X145.338 Y152.769 E225.03881
G1 X145.064 Y152.868 E225.05237
G1 X144.776 Y152.939 E225.06619
G1 X144.479 Y152.983 E225.08017
G1 X144.175 Y152.998 E225.09434
G0 F9000 X144.175 Y153.399
;TYPE:WALL-OUTER
G1 F687.5 X143.835 Y153.382 E225.11019
G1 X143.502 Y153.333 E225.12586
G1 X143.172 Y153.251 E225.1417
G1 X142.855 Y153.137 E225.15738
G1 X142.553 Y152.995 E225.17292
G1 X142.256 Y152.817 E225.18905
G1 X141.982 Y152.613 E225.20495
G1 X141.735 Y152.39 E225.22045
G1 X141.512 Y152.143 E225.23594
G1 X141.308 Y151.869 E225.25185
G1 X141.128 Y151.568 E225.26818
G1 X140.988 Y151.27 E225.28351
G1 X140.874 Y150.953 E225.2992
G1 X140.792 Y150.623 E225.31503
G1 X140.743 Y150.29 E225.3307
G1 X140.726 Y149.95 E225.34656
G1 X140.743 Y149.61 E225.36241
G1 X140.792 Y149.277 E225.37808
G1 X140.874 Y148.947 E225.39391
G1 X140.988 Y148.63 E225.4096
G1 X141.13 Y148.328 E225.42514
G1 X141.308 Y148.031 E225.44126
G1 X141.512 Y147.757 E225.45717
G1 X141.735 Y147.51 E225.47266
G1 X141.982 Y147.287 E225.48816
G1 X142.256 Y147.083 E225.50407
G1 X142.553 Y146.905 E225.52019
G1 X142.855 Y146.763 E225.53573
G1 X143.172 Y146.649 E225.55141
G1 X143.502 Y146.567 E225.56725
G1 X143.835 Y146.518 E225.58292
G1 X144.175 Y146.501 E225.59877
G1 X144.515 Y146.518 E225.61462
G1 X144.848 Y146.567 E225.6303
G1 X145.178 Y146.649 E225.64613
G1 X145.495 Y146.763 E225.66182
G1 X145.797 Y146.905 E225.67736
G1 X146.094 Y147.083 E225.69348
G1 X146.368 Y147.287 E225.70939
G1 X146.615 Y147.51 E225.72488
G1 X146.838 Y147.757 E225.74038
G1 X147.042 Y148.031 E225.75628
G1 X147.22 Y148.328 E225.77241
G1 X147.362 Y148.63 E225.78794
G1 X147.476 Y148.947 E225.80363
G1 X147.558 Y149.277 E225.81946
G1 X147.607 Y149.61 E225.83514
G1 X147.624 Y149.95 E225.85099
G1 X147.607 Y150.29 E225.86684
G1 X147.558 Y150.623 E225.88251
G1 X147.476 Y150.953 E225.89835
G1 X147.362 Y151.27 E225.91403
G1 X147.222 Y151.568 E225.92936
G1 X147.042 Y151.869 E225.9457
G1 X146.838 Y152.143 E225.9616
G1 X146.615 Y152.39 E225.9771
G1 X146.368 Y152.613 E225.99259
G1 X146.094 Y152.817 E226.0085
G1 X145.797 Y152.995 E226.02462
G1 X145.495 Y153.137 E226.04016
G1 X145.178 Y153.251 E226.05585
G1 X144.848 Y153.333 E226.07168
G1 X144.515 Y153.382 E226.08735
G1 X144.175 Y153.399 E226.10321
G0 F9000 X144.175 Y152.959
G0 X144.635 Y152.877
;TYPE:FILL
G1 F1375.1 X141.245 Y149.488 E226.32641
G0 F9000 X141.274 Y149.323
G1 F1375.1 X146.372 Y147.957 E226.57217
G0 F9000 X146.997 Y149.032
G1 F1375.1 X146.161 Y152.152 E226.72257
G0 F9000 X146.963 Y150.963
G1 F1375.1 X143.162 Y147.161 E226.97291
G0 F9000 X144.437 Y146.994
G1 F1375.1 X142.925 Y152.637 E227.24494
G0 F9000 X142.214 Y152.177
G1 F1375.1 X146.984 Y150.899 E227.47488
G0 F9000 X146.872 Y150.858
G1 F2700 E222.47488
;MESH:NONMESH
G0 F300 X146.872 Y150.858 Z8.96
G0 F9000 X147.269 Y150.879
G0 X148.32 Y151.141
G0 X152.216 Y152.313
G0 X153.146 Y151.755
G0 X155.825 Y152.998
;TIME_ELAPSED:422.027108
;LAYER:31
;TYPE:WALL-INNER
;MESH:Shiny Hillar (2).stl
G1 F2700 E227.47488
G1 F682 X155.521 Y152.983 E227.48906
G1 X155.224 Y152.939 E227.50304
G1 X154.936 Y152.868 E227.51685
G1 X154.662 Y152.769 E227.53042
G1 X154.393 Y152.642 E227.54427
G1 X154.13 Y152.485 E227.55853
G1 X153.885 Y152.302 E227.57277
G1 X153.668 Y152.107 E227.58635
G1 X153.473 Y151.89 E227.59994
G1 X153.287 Y151.641 E227.61441
G1 X153.133 Y151.383 E227.6284
G1 X153.006 Y151.113 E227.64229
G1 X152.907 Y150.839 E227.65586
G1 X152.836 Y150.551 E227.66967
G1 X152.792 Y150.254 E227.68365
G1 X152.777 Y149.95 E227.69783
G1 X152.792 Y149.646 E227.712
G1 X152.836 Y149.349 E227.72598
G1 X152.907 Y149.061 E227.73979
G1 X153.006 Y148.787 E227.75336
G1 X153.133 Y148.518 E227.76721
G1 X153.29 Y148.255 E227.78147
G1 X153.473 Y148.01 E227.79571
G1 X153.668 Y147.793 E227.8093
G1 X153.885 Y147.598 E227.82288
G1 X154.13 Y147.415 E227.83712
G1 X154.393 Y147.258 E227.85138
G1 X154.662 Y147.131 E227.86523
G1 X154.936 Y147.032 E227.8788
G1 X155.224 Y146.961 E227.89261
G1 X155.521 Y146.917 E227.90659
G1 X155.825 Y146.902 E227.92076
G1 X156.129 Y146.917 E227.93494
G1 X156.426 Y146.961 E227.94892
G1 X156.714 Y147.032 E227.96273
G1 X156.988 Y147.131 E227.9763
G1 X157.257 Y147.258 E227.99015
G1 X157.52 Y147.415 E228.00441
G1 X157.765 Y147.598 E228.01865
G1 X157.982 Y147.793 E228.03223
G1 X158.177 Y148.01 E228.04582
G1 X158.36 Y148.255 E228.06006
G1 X158.517 Y148.518 E228.07432
G1 X158.644 Y148.787 E228.08817
G1 X158.743 Y149.061 E228.10174
G1 X158.814 Y149.349 E228.11555
G1 X158.858 Y149.646 E228.12953
G1 X158.873 Y149.95 E228.1437
G1 X158.858 Y150.254 E228.15788
G1 X158.814 Y150.551 E228.17186
G1 X158.743 Y150.839 E228.18567
G1 X158.644 Y151.113 E228.19923
G1 X158.517 Y151.383 E228.21313
G1 X158.363 Y151.641 E228.22712
G1 X158.177 Y151.89 E228.24159
G1 X157.982 Y152.107 E228.25518
G1 X157.765 Y152.302 E228.26876
G1 X157.52 Y152.485 E228.283
G1 X157.257 Y152.642 E228.29726
G1 X156.988 Y152.769 E228.31111
G1 X156.714 Y152.868 E228.32468
G1 X156.426 Y152.939 E228.33849
G1 X156.129 Y152.983 E228.35247
G1 X155.825 Y152.998 E228.36665
G0 F9000 X155.825 Y153.399
;TYPE:WALL-OUTER
G1 F682 X155.485 Y153.382 E228.3825
G1 X155.152 Y153.333 E228.39817
G1 X154.822 Y153.251 E228.414
G1 X154.505 Y153.137 E228.42969
G1 X154.203 Y152.995 E228.44523
G1 X153.906 Y152.817 E228.46135
G1 X153.632 Y152.613 E228.47726
G1 X153.385 Y152.39 E228.49275
G1 X153.162 Y152.143 E228.50825
G1 X152.958 Y151.869 E228.52416
G1 X152.778 Y151.568 E228.54049
G1 X152.638 Y151.27 E228.55582
G1 X152.524 Y150.953 E228.5715
G1 X152.442 Y150.623 E228.58734
G1 X152.393 Y150.29 E228.60301
G1 X152.376 Y149.95 E228.61886
G1 X152.393 Y149.61 E228.63471
G1 X152.442 Y149.277 E228.65039
G1 X152.524 Y148.947 E228.66622
G1 X152.638 Y148.63 E228.68191
G1 X152.78 Y148.328 E228.69744
G1 X152.958 Y148.031 E228.71357
G1 X153.162 Y147.757 E228.72947
G1 X153.385 Y147.51 E228.74497
G1 X153.632 Y147.287 E228.76047
G1 X153.906 Y147.083 E228.77637
G1 X154.203 Y146.905 E228.79249
G1 X154.505 Y146.763 E228.80803
G1 X154.822 Y146.649 E228.82372
G1 X155.152 Y146.567 E228.83955
G1 X155.485 Y146.518 E228.85523
G1 X155.825 Y146.501 E228.87108
G1 X156.165 Y146.518 E228.88693
G1 X156.498 Y146.567 E228.9026
G1 X156.828 Y146.649 E228.91844
G1 X157.145 Y146.763 E228.93412
G1 X157.447 Y146.905 E228.94966
G1 X157.744 Y147.083 E228.96578
G1 X158.018 Y147.287 E228.98169
G1 X158.265 Y147.51 E228.99719
G1 X158.488 Y147.757 E229.01268
G1 X158.692 Y148.031 E229.02859
G1 X158.87 Y148.328 E229.04471
G1 X159.012 Y148.63 E229.06025
G1 X159.126 Y148.947 E229.07594
G1 X159.208 Y149.277 E229.09177
G1 X159.257 Y149.61 E229.10744
G1 X159.274 Y149.95 E229.1233
G1 X159.257 Y150.29 E229.13915
G1 X159.208 Y150.623 E229.15482
G1 X159.126 Y150.953 E229.17065
G1 X159.012 Y151.27 E229.18634
G1 X158.872 Y151.568 E229.20167
G1 X158.692 Y151.869 E229.218
G1 X158.488 Y152.143 E229.23391
G1 X158.265 Y152.39 E229.2494
G1 X158.018 Y152.613 E229.2649
G1 X157.744 Y152.817 E229.2808
G1 X157.447 Y152.995 E229.29693
G1 X157.145 Y153.137 E229.31247
G1 X156.828 Y153.251 E229.32815
G1 X156.498 Y153.333 E229.34399
G1 X156.165 Y153.382 E229.35966
G1 X155.825 Y153.399 E229.37551
G0 F9000 X155.825 Y152.959
G0 X155.093 Y152.825
;TYPE:FILL
G1 F1364.1 X156.629 Y147.092 E229.65188
G0 F9000 X155.999 Y146.991
G1 F1364.1 X158.783 Y149.775 E229.83521
G0 F9000 X158.556 Y151.109
G1 F1364.1 X154.04 Y152.319 E230.05291
G0 F9000 X152.89 Y149.521
G1 F1364.1 X158.154 Y148.111 E230.30667
G0 F9000 X157.293 Y152.527
G1 F1364.1 X153.246 Y148.48 E230.57317
G0 F9000 X153.01 Y149.007
G1 F1364.1 X152.912 Y149.372 E230.59077
G0 F9000 X153.032 Y149.389
G1 F2700 E225.59077
G0 F9000 X152.658 Y150.584
G0 X151.607 Y150.847
G0 X147.981 Y151.984
G0 X146.854 Y151.755
G0 X144.175 Y152.998
;TYPE:WALL-INNER
G1 F2700 E230.59077
G1 F682 X143.871 Y152.983 E230.60494
G1 X143.574 Y152.939 E230.61892
G1 X143.286 Y152.868 E230.63273
G1 X143.012 Y152.769 E230.6463
G1 X142.743 Y152.642 E230.66015
G1 X142.48 Y152.485 E230.67441
G1 X142.235 Y152.302 E230.68865
G1 X142.018 Y152.107 E230.70224
G1 X141.823 Y151.89 E230.71582
G1 X141.637 Y151.641 E230.73029
G1 X141.483 Y151.383 E230.74428
G1 X141.356 Y151.113 E230.75818
G1 X141.257 Y150.839 E230.77174
G1 X141.186 Y150.551 E230.78555
G1 X141.142 Y150.254 E230.79954
G1 X141.127 Y149.95 E230.81371
G1 X141.142 Y149.646 E230.82788
G1 X141.186 Y149.349 E230.84186
G1 X141.257 Y149.061 E230.85567
G1 X141.356 Y148.787 E230.86924
G1 X141.483 Y148.518 E230.88309
G1 X141.64 Y148.255 E230.89735
G1 X141.823 Y148.01 E230.91159
G1 X142.018 Y147.793 E230.92518
G1 X142.235 Y147.598 E230.93876
G1 X142.48 Y147.415 E230.953
G1 X142.743 Y147.258 E230.96726
G1 X143.012 Y147.131 E230.98112
G1 X143.286 Y147.032 E230.99468
G1 X143.574 Y146.961 E231.00849
G1 X143.871 Y146.917 E231.02247
G1 X144.175 Y146.902 E231.03665
G1 X144.479 Y146.917 E231.05082
G1 X144.776 Y146.961 E231.0648
G1 X145.064 Y147.032 E231.07861
G1 X145.338 Y147.131 E231.09218
G1 X145.607 Y147.258 E231.10603
G1 X145.87 Y147.415 E231.12029
G1 X146.115 Y147.598 E231.13453
G1 X146.332 Y147.793 E231.14812
G1 X146.527 Y148.01 E231.1617
G1 X146.71 Y148.255 E231.17594
G1 X146.867 Y148.518 E231.1902
G1 X146.994 Y148.787 E231.20405
G1 X147.093 Y149.061 E231.21762
G1 X147.164 Y149.349 E231.23143
G1 X147.208 Y149.646 E231.24541
G1 X147.223 Y149.95 E231.25958
G1 X147.208 Y150.254 E231.27376
G1 X147.164 Y150.551 E231.28774
G1 X147.093 Y150.839 E231.30155
G1 X146.994 Y151.113 E231.31512
G1 X146.867 Y151.383 E231.32901
G1 X146.713 Y151.641 E231.343
G1 X146.527 Y151.89 E231.35747
G1 X146.332 Y152.107 E231.37106
G1 X146.115 Y152.302 E231.38464
G1 X145.87 Y152.485 E231.39888
G1 X145.607 Y152.642 E231.41314
G1 X145.338 Y152.769 E231.427
G1 X145.064 Y152.868 E231.44056
G1 X144.776 Y152.939 E231.45437
G1 X144.479 Y152.983 E231.46835
G1 X144.175 Y152.998 E231.48253
G0 F9000 X144.175 Y153.399
;TYPE:WALL-OUTER
G1 F682 X143.835 Y153.382 E231.49838
G1 X143.502 Y153.333 E231.51405
G1 X143.172 Y153.251 E231.52988
G1 X142.855 Y153.137 E231.54557
G1 X142.553 Y152.995 E231.56111
G1 X142.256 Y152.817 E231.57723
G1 X141.982 Y152.613 E231.59314
G1 X141.735 Y152.39 E231.60864
G1 X141.512 Y152.143 E231.62413
G1 X141.308 Y151.869 E231.64004
G1 X141.128 Y151.568 E231.65637
G1 X140.988 Y151.27 E231.6717
G1 X140.874 Y150.953 E231.68739
G1 X140.792 Y150.623 E231.70322
G1 X140.743 Y150.29 E231.71889
G1 X140.726 Y149.95 E231.73474
G1 X140.743 Y149.61 E231.75059
G1 X140.792 Y149.277 E231.76627
G1 X140.874 Y148.947 E231.7821
G1 X140.988 Y148.63 E231.79779
G1 X141.13 Y148.328 E231.81333
G1 X141.308 Y148.031 E231.82945
G1 X141.512 Y147.757 E231.84536
G1 X141.735 Y147.51 E231.86085
G1 X141.982 Y147.287 E231.87635
G1 X142.256 Y147.083 E231.89225
G1 X142.553 Y146.905 E231.90838
G1 X142.855 Y146.763 E231.92392
G1 X143.172 Y146.649 E231.9396
G1 X143.502 Y146.567 E231.95544
G1 X143.835 Y146.518 E231.97111
G1 X144.175 Y146.501 E231.98696
G1 X144.515 Y146.518 E232.00281
G1 X144.848 Y146.567 E232.01848
G1 X145.178 Y146.649 E232.03432
G1 X145.495 Y146.763 E232.05
G1 X145.797 Y146.905 E232.06554
G1 X146.094 Y147.083 E232.08167
G1 X146.368 Y147.287 E232.09757
G1 X146.615 Y147.51 E232.11307
G1 X146.838 Y147.757 E232.12856
G1 X147.042 Y148.031 E232.14447
G1 X147.22 Y148.328 E232.16059
G1 X147.362 Y148.63 E232.17613
G1 X147.476 Y148.947 E232.19182
G1 X147.558 Y149.277 E232.20765
G1 X147.607 Y149.61 E232.22333
G1 X147.624 Y149.95 E232.23918
G1 X147.607 Y150.29 E232.25503
G1 X147.558 Y150.623 E232.2707
G1 X147.476 Y150.953 E232.28653
G1 X147.362 Y151.27 E232.30222
G1 X147.222 Y151.568 E232.31755
G1 X147.042 Y151.869 E232.33388
G1 X146.838 Y152.143 E232.34979
G1 X146.615 Y152.39 E232.36528
G1 X146.368 Y152.613 E232.38078
G1 X146.094 Y152.817 E232.39669
G1 X145.797 Y152.995 E232.41281
G1 X145.495 Y153.137 E232.42835
G1 X145.178 Y153.251 E232.44404
G1 X144.848 Y153.333 E232.45987
G1 X144.515 Y153.382 E232.47554
G1 X144.175 Y153.399 E232.49139
G0 F9000 X144.175 Y152.959
G0 X144.87 Y152.832
;TYPE:FILL
G1 F1364.1 X141.291 Y149.253 E232.72708
G0 F9000 X141.238 Y149.538
G1 F1364.1 X146.513 Y148.124 E232.98137
G0 F9000 X146.875 Y148.723
G1 F1364.1 X145.899 Y152.363 E233.15686
G0 F9000 X146.898 Y151.127
G1 F1364.1 X142.405 Y152.331 E233.37345
G0 F9000 X142.744 Y152.548
G1 F1364.1 X144.235 Y146.985 E233.64163
G0 F9000 X143.372 Y147.092
G1 F1364.1 X147.032 Y150.752 E233.88265
G0 F9000 X146.916 Y150.722
G1 F2700 E228.88265
;MESH:NONMESH
G0 F300 X146.916 Y150.722 Z9.24
G0 F9000 X147.269 Y150.879
G0 X148.32 Y151.141
G0 X152.216 Y152.313
G0 X153.146 Y151.755
G0 X155.825 Y152.998
;TIME_ELAPSED:434.722570
;LAYER:32
;TYPE:WALL-INNER
;MESH:Shiny Hillar (2).stl
G1 F2700 E233.88265
G1 F683.8 X155.521 Y152.983 E233.89682
G1 X155.224 Y152.939 E233.9108
G1 X154.936 Y152.868 E233.92461
G1 X154.662 Y152.769 E233.93818
G1 X154.393 Y152.642 E233.95203
G1 X154.13 Y152.485 E233.96629
G1 X153.885 Y152.302 E233.98053
G1 X153.668 Y152.107 E233.99412
G1 X153.473 Y151.89 E234.0077
G1 X153.287 Y151.641 E234.02217
G1 X153.133 Y151.383 E234.03616
G1 X153.006 Y151.113 E234.05006
G1 X152.907 Y150.839 E234.06362
G1 X152.836 Y150.551 E234.07743
G1 X152.792 Y150.254 E234.09142
G1 X152.777 Y149.95 E234.10559
G1 X152.792 Y149.646 E234.11976
G1 X152.836 Y149.349 E234.13374
G1 X152.907 Y149.061 E234.14755
G1 X153.006 Y148.787 E234.16112
G1 X153.133 Y148.518 E234.17497
G1 X153.29 Y148.255 E234.18923
G1 X153.473 Y148.01 E234.20347
G1 X153.668 Y147.793 E234.21706
G1 X153.885 Y147.598 E234.23064
G1 X154.13 Y147.415 E234.24488
G1 X154.393 Y147.258 E234.25914
G1 X154.662 Y147.131 E234.273
G1 X154.936 Y147.032 E234.28656
G1 X155.224 Y146.961 E234.30037
G1 X155.521 Y146.917 E234.31435
G1 X155.825 Y146.902 E234.32853
G1 X156.129 Y146.917 E234.3427
G1 X156.426 Y146.961 E234.35668
G1 X156.714 Y147.032 E234.37049
G1 X156.988 Y147.131 E234.38406
G1 X157.257 Y147.258 E234.39791
G1 X157.52 Y147.415 E234.41217
G1 X157.765 Y147.598 E234.42641
G1 X157.982 Y147.793 E234.44
G1 X158.177 Y148.01 E234.45358
G1 X158.36 Y148.255 E234.46782
G1 X158.517 Y148.518 E234.48208
G1 X158.644 Y148.787 E234.49593
G1 X158.743 Y149.061 E234.5095
G1 X158.814 Y149.349 E234.52331
G1 X158.858 Y149.646 E234.53729
G1 X158.873 Y149.95 E234.55146
G1 X158.858 Y150.254 E234.56564
G1 X158.814 Y150.551 E234.57962
G1 X158.743 Y150.839 E234.59343
G1 X158.644 Y151.113 E234.607
G1 X158.517 Y151.383 E234.62089
G1 X158.363 Y151.641 E234.63488
G1 X158.177 Y151.89 E234.64935
G1 X157.982 Y152.107 E234.66294
G1 X157.765 Y152.302 E234.67652
G1 X157.52 Y152.485 E234.69076
G1 X157.257 Y152.642 E234.70502
G1 X156.988 Y152.769 E234.71888
G1 X156.714 Y152.868 E234.73244
G1 X156.426 Y152.939 E234.74625
G1 X156.129 Y152.983 E234.76023
G1 X155.825 Y152.998 E234.77441
G0 F9000 X155.825 Y153.399
;TYPE:WALL-OUTER
G1 F683.8 X155.485 Y153.382 E234.79026
G1 X155.152 Y153.333 E234.80593
G1 X154.822 Y153.251 E234.82176
G1 X154.505 Y153.137 E234.83745
G1 X154.203 Y152.995 E234.85299
G1 X153.906 Y152.817 E234.86911
G1 X153.632 Y152.613 E234.88502
G1 X153.385 Y152.39 E234.90052
G1 X153.162 Y152.143 E234.91601
G1 X152.958 Y151.869 E234.93192
G1 X152.778 Y151.568 E234.94825
G1 X152.638 Y151.27 E234.96358
G1 X152.524 Y150.953 E234.97927
G1 X152.442 Y150.623 E234.9951
G1 X152.393 Y150.29 E235.01077
G1 X152.376 Y149.95 E235.02662
G1 X152.393 Y149.61 E235.04247
G1 X152.442 Y149.277 E235.05815
G1 X152.524 Y148.947 E235.07398
G1 X152.638 Y148.63 E235.08967
G1 X152.78 Y148.328 E235.10521
G1 X152.958 Y148.031 E235.12133
G1 X153.162 Y147.757 E235.13724
G1 X153.385 Y147.51 E235.15273
G1 X153.632 Y147.287 E235.16823
G1 X153.906 Y147.083 E235.18413
G1 X154.203 Y146.905 E235.20026
G1 X154.505 Y146.763 E235.2158
G1 X154.822 Y146.649 E235.23148
G1 X155.152 Y146.567 E235.24732
G1 X155.485 Y146.518 E235.26299
G1 X155.825 Y146.501 E235.27884
G1 X156.165 Y146.518 E235.29469
G1 X156.498 Y146.567 E235.31036
G1 X156.828 Y146.649 E235.3262
G1 X157.145 Y146.763 E235.34188
G1 X157.447 Y146.905 E235.35742
G1 X157.744 Y147.083 E235.37355
G1 X158.018 Y147.287 E235.38945
G1 X158.265 Y147.51 E235.40495
G1 X158.488 Y147.757 E235.42044
G1 X158.692 Y148.031 E235.43635
G1 X158.87 Y148.328 E235.45247
G1 X159.012 Y148.63 E235.46801
G1 X159.126 Y148.947 E235.4837
G1 X159.208 Y149.277 E235.49953
G1 X159.257 Y149.61 E235.51521
G1 X159.274 Y149.95 E235.53106
G1 X159.257 Y150.29 E235.54691
G1 X159.208 Y150.623 E235.56258
G1 X159.126 Y150.953 E235.57841
G1 X159.012 Y151.27 E235.5941
G1 X158.872 Y151.568 E235.60943
G1 X158.692 Y151.869 E235.62576
G1 X158.488 Y152.143 E235.64167
G1 X158.265 Y152.39 E235.65716
G1 X158.018 Y152.613 E235.67266
G1 X157.744 Y152.817 E235.68857
G1 X157.447 Y152.995 E235.70469
G1 X157.145 Y153.137 E235.72023
G1 X156.828 Y153.251 E235.73592
G1 X156.498 Y153.333 E235.75175
G1 X156.165 Y153.382 E235.76742
G1 X155.825 Y153.399 E235.78327
G0 F9000 X155.825 Y152.959
G0 X154.903 Y152.77
;TYPE:FILL
G1 F1367.7 X156.437 Y147.044 E236.0593
G0 F9000 X156.314 Y147.025
G1 F1367.7 X158.749 Y149.46 E236.21965
G0 F9000 X158.787 Y149.864
G1 F1367.7 X158.345 Y151.514 E236.29919
G0 F9000 X158.445 Y151.344
G1 F1367.7 X154.254 Y152.467 E236.50123
G0 F9000 X152.867 Y149.732
G1 F1367.7 X158.28 Y148.282 E236.76216
G0 F9000 X157.467 Y152.421
G1 F1367.7 X153.351 Y148.305 E237.03321
G0 F9000 X153.456 Y148.369
G1 F2700 E232.03321
G0 F9000 X152.612 Y149.629
G0 X151.527 Y149.575
G0 X148.305 Y151.203
G0 X147.159 Y151.186
G0 X144.175 Y152.998
;TYPE:WALL-INNER
G1 F2700 E237.03321
G1 F683.8 X143.871 Y152.983 E237.04738
G1 X143.574 Y152.939 E237.06136
G1 X143.286 Y152.868 E237.07518
G1 X143.012 Y152.769 E237.08874
G1 X142.743 Y152.642 E237.10259
G1 X142.48 Y152.485 E237.11685
G1 X142.235 Y152.302 E237.13109
G1 X142.018 Y152.107 E237.14468
G1 X141.823 Y151.89 E237.15826
G1 X141.637 Y151.641 E237.17274
G1 X141.483 Y151.383 E237.18673
G1 X141.356 Y151.113 E237.20062
G1 X141.257 Y150.839 E237.21419
G1 X141.186 Y150.551 E237.228
G1 X141.142 Y150.254 E237.24198
G1 X141.127 Y149.95 E237.25615
G1 X141.142 Y149.646 E237.27032
G1 X141.186 Y149.349 E237.28431
G1 X141.257 Y149.061 E237.29812
G1 X141.356 Y148.787 E237.31168
G1 X141.483 Y148.518 E237.32553
G1 X141.64 Y148.255 E237.3398
G1 X141.823 Y148.01 E237.35404
G1 X142.018 Y147.793 E237.36762
G1 X142.235 Y147.598 E237.38121
G1 X142.48 Y147.415 E237.39545
G1 X142.743 Y147.258 E237.40971
G1 X143.012 Y147.131 E237.42356
G1 X143.286 Y147.032 E237.43713
G1 X143.574 Y146.961 E237.45094
G1 X143.871 Y146.917 E237.46492
G1 X144.175 Y146.902 E237.47909
G1 X144.479 Y146.917 E237.49326
G1 X144.776 Y146.961 E237.50724
G1 X145.064 Y147.032 E237.52106
G1 X145.338 Y147.131 E237.53462
G1 X145.607 Y147.258 E237.54847
G1 X145.87 Y147.415 E237.56274
G1 X146.115 Y147.598 E237.57697
G1 X146.332 Y147.793 E237.59056
G1 X146.527 Y148.01 E237.60414
G1 X146.71 Y148.255 E237.61838
G1 X146.867 Y148.518 E237.63265
G1 X146.994 Y148.787 E237.6465
G1 X147.093 Y149.061 E237.66006
G1 X147.164 Y149.349 E237.67388
G1 X147.208 Y149.646 E237.68786
G1 X147.223 Y149.95 E237.70203
G1 X147.208 Y150.254 E237.7162
G1 X147.164 Y150.551 E237.73018
G1 X147.093 Y150.839 E237.74399
G1 X146.994 Y151.113 E237.75756
G1 X146.867 Y151.383 E237.77145
G1 X146.713 Y151.641 E237.78544
G1 X146.527 Y151.89 E237.79992
G1 X146.332 Y152.107 E237.8135
G1 X146.115 Y152.302 E237.82709
G1 X145.87 Y152.485 E237.84133
G1 X145.607 Y152.642 E237.85559
G1 X145.338 Y152.769 E237.86944
G1 X145.064 Y152.868 E237.88301
G1 X144.776 Y152.939 E237.89682
G1 X144.479 Y152.983 E237.9108
G1 X144.175 Y152.998 E237.92497
G0 F9000 X144.175 Y153.399
;TYPE:WALL-OUTER
G1 F683.8 X143.835 Y153.382 E237.94082
G1 X143.502 Y153.333 E237.9565
G1 X143.172 Y153.251 E237.97233
G1 X142.855 Y153.137 E237.98802
G1 X142.553 Y152.995 E238.00355
G1 X142.256 Y152.817 E238.01968
G1 X141.982 Y152.613 E238.03558
G1 X141.735 Y152.39 E238.05108
G1 X141.512 Y152.143 E238.06657
G1 X141.308 Y151.869 E238.08248
G1 X141.128 Y151.568 E238.09881
G1 X140.988 Y151.27 E238.11414
G1 X140.874 Y150.953 E238.12983
G1 X140.792 Y150.623 E238.14566
G1 X140.743 Y150.29 E238.16134
G1 X140.726 Y149.95 E238.17719
G1 X140.743 Y149.61 E238.19304
G1 X140.792 Y149.277 E238.20871
G1 X140.874 Y148.947 E238.22455
G1 X140.988 Y148.63 E238.24023
G1 X141.13 Y148.328 E238.25577
G1 X141.308 Y148.031 E238.27189
G1 X141.512 Y147.757 E238.2878
G1 X141.735 Y147.51 E238.3033
G1 X141.982 Y147.287 E238.31879
G1 X142.256 Y147.083 E238.3347
G1 X142.553 Y146.905 E238.35082
G1 X142.855 Y146.763 E238.36636
G1 X143.172 Y146.649 E238.38205
G1 X143.502 Y146.567 E238.39788
G1 X143.835 Y146.518 E238.41355
G1 X144.175 Y146.501 E238.4294
G1 X144.515 Y146.518 E238.44526
G1 X144.848 Y146.567 E238.46093
G1 X145.178 Y146.649 E238.47676
G1 X145.495 Y146.763 E238.49245
G1 X145.797 Y146.905 E238.50799
G1 X146.094 Y147.083 E238.52411
G1 X146.368 Y147.287 E238.54002
G1 X146.615 Y147.51 E238.55551
G1 X146.838 Y147.757 E238.57101
G1 X147.042 Y148.031 E238.58691
G1 X147.22 Y148.328 E238.60304
G1 X147.362 Y148.63 E238.61858
G1 X147.476 Y148.947 E238.63426
G1 X147.558 Y149.277 E238.6501
G1 X147.607 Y149.61 E238.66577
G1 X147.624 Y149.95 E238.68162
G1 X147.607 Y150.29 E238.69747
G1 X147.558 Y150.623 E238.71315
G1 X147.476 Y150.953 E238.72898
G1 X147.362 Y151.27 E238.74467
G1 X147.222 Y151.568 E238.76
G1 X147.042 Y151.869 E238.77633
G1 X146.838 Y152.143 E238.79223
G1 X146.615 Y152.39 E238.80773
G1 X146.368 Y152.613 E238.82322
G1 X146.094 Y152.817 E238.83913
G1 X145.797 Y152.995 E238.85525
G1 X145.495 Y153.137 E238.87079
G1 X145.178 Y153.251 E238.88648
G1 X144.848 Y153.333 E238.90231
G1 X144.515 Y153.382 E238.91799
G1 X144.175 Y153.399 E238.93384
G0 F9000 X144.175 Y152.959
G0 X145.09 Y152.772
;TYPE:FILL
G1 F1367.7 X141.351 Y149.033 E239.18006
G0 F9000 X141.216 Y149.748
G1 F1367.7 X146.641 Y148.295 E239.44157
G0 F9000 X146.74 Y148.46
G1 F1367.7 X145.652 Y152.522 E239.63738
G0 F9000 X146.785 Y151.362
G1 F1367.7 X142.622 Y152.478 E239.83807
G0 F9000 X142.567 Y152.443
G1 F1367.7 X144.029 Y146.989 E240.101
G0 F9000 X143.598 Y147.037
G1 F1367.7 X147.087 Y150.526 E240.33076
G0 F9000 X146.968 Y150.509
G1 F2700 E235.33076
;MESH:NONMESH
G0 F300 X146.968 Y150.509 Z9.52
G0 F9000 X147.269 Y150.879
G0 X148.32 Y151.141
G0 X152.216 Y152.313
G0 X153.146 Y151.755
G0 X155.825 Y152.998
;TIME_ELAPSED:447.337280
;LAYER:33
;TYPE:WALL-INNER
;MESH:Shiny Hillar (2).stl
G1 F2700 E240.33076
G1 F684.3 X155.521 Y152.983 E240.34493
G1 X155.224 Y152.939 E240.35891
G1 X154.936 Y152.868 E240.37272
G1 X154.662 Y152.769 E240.38629
G1 X154.393 Y152.642 E240.40014
G1 X154.13 Y152.485 E240.4144
G1 X153.885 Y152.302 E240.42864
G1 X153.668 Y152.107 E240.44223
G1 X153.473 Y151.89 E240.45581
G1 X153.287 Y151.641 E240.47028
G1 X153.133 Y151.383 E240.48427
G1 X153.006 Y151.113 E240.49817
G1 X152.907 Y150.839 E240.51173
G1 X152.836 Y150.551 E240.52555
G1 X152.792 Y150.254 E240.53953
G1 X152.777 Y149.95 E240.5537
G1 X152.792 Y149.646 E240.56787
G1 X152.836 Y149.349 E240.58185
G1 X152.907 Y149.061 E240.59566
G1 X153.006 Y148.787 E240.60923
G1 X153.133 Y148.518 E240.62308
G1 X153.29 Y148.255 E240.63734
G1 X153.473 Y148.01 E240.65158
G1 X153.668 Y147.793 E240.66517
G1 X153.885 Y147.598 E240.67875
G1 X154.13 Y147.415 E240.69299
G1 X154.393 Y147.258 E240.70726
G1 X154.662 Y147.131 E240.72111
G1 X154.936 Y147.032 E240.73467
G1 X155.224 Y146.961 E240.74848
G1 X155.521 Y146.917 E240.76246
G1 X155.825 Y146.902 E240.77664
G1 X156.129 Y146.917 E240.79081
G1 X156.426 Y146.961 E240.80479
G1 X156.714 Y147.032 E240.8186
G1 X156.988 Y147.131 E240.83217
G1 X157.257 Y147.258 E240.84602
G1 X157.52 Y147.415 E240.86028
G1 X157.765 Y147.598 E240.87452
G1 X157.982 Y147.793 E240.88811
G1 X158.177 Y148.01 E240.90169
G1 X158.36 Y148.255 E240.91593
G1 X158.517 Y148.518 E240.93019
G1 X158.644 Y148.787 E240.94405
G1 X158.743 Y149.061 E240.95761
G1 X158.814 Y149.349 E240.97142
G1 X158.858 Y149.646 E240.9854
G1 X158.873 Y149.95 E240.99958
G1 X158.858 Y150.254 E241.01375
G1 X158.814 Y150.551 E241.02773
G1 X158.743 Y150.839 E241.04154
G1 X158.644 Y151.113 E241.05511
G1 X158.517 Y151.383 E241.069
G1 X158.363 Y151.641 E241.08299
G1 X158.177 Y151.89 E241.09746
G1 X157.982 Y152.107 E241.11105
G1 X157.765 Y152.302 E241.12463
G1 X157.52 Y152.485 E241.13887
G1 X157.257 Y152.642 E241.15314
G1 X156.988 Y152.769 E241.16699
G1 X156.714 Y152.868 E241.18055
G1 X156.426 Y152.939 E241.19437
G1 X156.129 Y152.983 E241.20835
G1 X155.825 Y152.998 E241.22252
G0 F9000 X155.825 Y153.399
;TYPE:WALL-OUTER
G1 F684.3 X155.485 Y153.382 E241.23837
G1 X155.152 Y153.333 E241.25404
G1 X154.822 Y153.251 E241.26988
G1 X154.505 Y153.137 E241.28556
G1 X154.203 Y152.995 E241.3011
G1 X153.906 Y152.817 E241.31722
G1 X153.632 Y152.613 E241.33313
G1 X153.385 Y152.39 E241.34863
G1 X153.162 Y152.143 E241.36412
G1 X152.958 Y151.869 E241.38003
G1 X152.778 Y151.568 E241.39636
G1 X152.638 Y151.27 E241.41169
G1 X152.524 Y150.953 E241.42738
G1 X152.442 Y150.623 E241.44321
G1 X152.393 Y150.29 E241.45888
G1 X152.376 Y149.95 E241.47473
G1 X152.393 Y149.61 E241.49059
G1 X152.442 Y149.277 E241.50626
G1 X152.524 Y148.947 E241.52209
G1 X152.638 Y148.63 E241.53778
G1 X152.78 Y148.328 E241.55332
G1 X152.958 Y148.031 E241.56944
G1 X153.162 Y147.757 E241.58535
G1 X153.385 Y147.51 E241.60084
G1 X153.632 Y147.287 E241.61634
G1 X153.906 Y147.083 E241.63224
G1 X154.203 Y146.905 E241.64837
G1 X154.505 Y146.763 E241.66391
G1 X154.822 Y146.649 E241.67959
G1 X155.152 Y146.567 E241.69543
G1 X155.485 Y146.518 E241.7111
G1 X155.825 Y146.501 E241.72695
G1 X156.165 Y146.518 E241.7428
G1 X156.498 Y146.567 E241.75848
G1 X156.828 Y146.649 E241.77431
G1 X157.145 Y146.763 E241.79
G1 X157.447 Y146.905 E241.80553
G1 X157.744 Y147.083 E241.82166
G1 X158.018 Y147.287 E241.83756
G1 X158.265 Y147.51 E241.85306
G1 X158.488 Y147.757 E241.86856
G1 X158.692 Y148.031 E241.88446
G1 X158.87 Y148.328 E241.90058
G1 X159.012 Y148.63 E241.91612
G1 X159.126 Y148.947 E241.93181
G1 X159.208 Y149.277 E241.94764
G1 X159.257 Y149.61 E241.96332
G1 X159.274 Y149.95 E241.97917
G1 X159.257 Y150.29 E241.99502
G1 X159.208 Y150.623 E242.01069
G1 X159.126 Y150.953 E242.02653
G1 X159.012 Y151.27 E242.04221
G1 X158.872 Y151.568 E242.05754
G1 X158.692 Y151.869 E242.07387
G1 X158.488 Y152.143 E242.08978
G1 X158.265 Y152.39 E242.10528
G1 X158.018 Y152.613 E242.12077
G1 X157.744 Y152.817 E242.13668
G1 X157.447 Y152.995 E242.1528
G1 X157.145 Y153.137 E242.16834
G1 X156.828 Y153.251 E242.18403
G1 X156.498 Y153.333 E242.19986
G1 X156.165 Y153.382 E242.21553
G1 X155.825 Y153.399 E242.23138
G0 F9000 X155.825 Y152.959
G0 X154.716 Y152.702
;TYPE:FILL
G1 F1368.5 X156.24 Y147.013 E242.50563
G0 F9000 X156.672 Y147.104
G1 F1368.5 X158.67 Y149.101 E242.63717
G0 F9000 X158.726 Y149.328
G1 F1368.5 X158.027 Y151.936 E242.76289
G0 F9000 X158.301 Y151.587
G1 F1368.5 X154.502 Y152.605 E242.94603
G0 F9000 X152.857 Y149.94
G1 F1368.5 X158.389 Y148.458 E243.21271
G0 F9000 X157.628 Y152.303
G1 F1368.5 X153.47 Y148.144 E243.48655
G0 F9000 X153.567 Y148.217
G1 F2700 E238.48655
G0 F9000 X152.612 Y149.629
G0 X151.527 Y149.575
G0 X148.305 Y151.203
G0 X147.159 Y151.186
G0 X144.175 Y152.998
;TYPE:WALL-INNER
G1 F2700 E243.48655
G1 F684.3 X143.871 Y152.983 E243.50072
G1 X143.574 Y152.939 E243.51471
G1 X143.286 Y152.868 E243.52852
G1 X143.012 Y152.769 E243.54208
G1 X142.743 Y152.642 E243.55593
G1 X142.48 Y152.485 E243.5702
G1 X142.235 Y152.302 E243.58444
G1 X142.018 Y152.107 E243.59802
G1 X141.823 Y151.89 E243.61161
G1 X141.637 Y151.641 E243.62608
G1 X141.483 Y151.383 E243.64007
G1 X141.356 Y151.113 E243.65396
G1 X141.257 Y150.839 E243.66753
G1 X141.186 Y150.551 E243.68134
G1 X141.142 Y150.254 E243.69532
G1 X141.127 Y149.95 E243.70949
G1 X141.142 Y149.646 E243.72367
G1 X141.186 Y149.349 E243.73765
G1 X141.257 Y149.061 E243.75146
G1 X141.356 Y148.787 E243.76503
G1 X141.483 Y148.518 E243.77888
G1 X141.64 Y148.255 E243.79314
G1 X141.823 Y148.01 E243.80738
G1 X142.018 Y147.793 E243.82096
G1 X142.235 Y147.598 E243.83455
G1 X142.48 Y147.415 E243.84879
G1 X142.743 Y147.258 E243.86305
G1 X143.012 Y147.131 E243.8769
G1 X143.286 Y147.032 E243.89047
G1 X143.574 Y146.961 E243.90428
G1 X143.871 Y146.917 E243.91826
G1 X144.175 Y146.902 E243.93243
G1 X144.479 Y146.917 E243.94661
G1 X144.776 Y146.961 E243.96059
G1 X145.064 Y147.032 E243.9744
G1 X145.338 Y147.131 E243.98796
G1 X145.607 Y147.258 E244.00182
G1 X145.87 Y147.415 E244.01608
G1 X146.115 Y147.598 E244.03032
G1 X146.332 Y147.793 E244.0439
G1 X146.527 Y148.01 E244.05749
G1 X146.71 Y148.255 E244.07173
G1 X146.867 Y148.518 E244.08599
G1 X146.994 Y148.787 E244.09984
G1 X147.093 Y149.061 E244.11341
G1 X147.164 Y149.349 E244.12722
G1 X147.208 Y149.646 E244.1412
G1 X147.223 Y149.95 E244.15537
G1 X147.208 Y150.254 E244.16954
G1 X147.164 Y150.551 E244.18352
G1 X147.093 Y150.839 E244.19734
G1 X146.994 Y151.113 E244.2109
G1 X146.867 Y151.383 E244.2248
G1 X146.713 Y151.641 E244.23879
G1 X146.527 Y151.89 E244.25326
G1 X146.332 Y152.107 E244.26684
G1 X146.115 Y152.302 E244.28043
G1 X145.87 Y152.485 E244.29467
G1 X145.607 Y152.642 E244.30893
G1 X145.338 Y152.769 E244.32278
G1 X145.064 Y152.868 E244.33635
G1 X144.776 Y152.939 E244.35016
G1 X144.479 Y152.983 E244.36414
G1 X144.175 Y152.998 E244.37831
G0 F9000 X144.175 Y153.399
;TYPE:WALL-OUTER
G1 F684.3 X143.835 Y153.382 E244.39416
G1 X143.502 Y153.333 E244.40984
G1 X143.172 Y153.251 E244.42567
G1 X142.855 Y153.137 E244.44136
G1 X142.553 Y152.995 E244.4569
G1 X142.256 Y152.817 E244.47302
G1 X141.982 Y152.613 E244.48893
G1 X141.735 Y152.39 E244.50442
G1 X141.512 Y152.143 E244.51992
G1 X141.308 Y151.869 E244.53582
G1 X141.128 Y151.568 E244.55215
G1 X140.988 Y151.27 E244.56749
G1 X140.874 Y150.953 E244.58317
G1 X140.792 Y150.623 E244.59901
G1 X140.743 Y150.29 E244.61468
G1 X140.726 Y149.95 E244.63053
G1 X140.743 Y149.61 E244.64638
G1 X140.792 Y149.277 E244.66205
G1 X140.874 Y148.947 E244.67789
G1 X140.988 Y148.63 E244.69357
G1 X141.13 Y148.328 E244.70911
G1 X141.308 Y148.031 E244.72524
G1 X141.512 Y147.757 E244.74114
G1 X141.735 Y147.51 E244.75664
G1 X141.982 Y147.287 E244.77213
G1 X142.256 Y147.083 E244.78804
G1 X142.553 Y146.905 E244.80416
G1 X142.855 Y146.763 E244.8197
G1 X143.172 Y146.649 E244.83539
G1 X143.502 Y146.567 E244.85122
G1 X143.835 Y146.518 E244.86689
G1 X144.175 Y146.501 E244.88275
G1 X144.515 Y146.518 E244.8986
G1 X144.848 Y146.567 E244.91427
G1 X145.178 Y146.649 E244.9301
G1 X145.495 Y146.763 E244.94579
G1 X145.797 Y146.905 E244.96133
G1 X146.094 Y147.083 E244.97745
G1 X146.368 Y147.287 E244.99336
G1 X146.615 Y147.51 E245.00885
G1 X146.838 Y147.757 E245.02435
G1 X147.042 Y148.031 E245.04026
G1 X147.22 Y148.328 E245.05638
G1 X147.362 Y148.63 E245.07192
G1 X147.476 Y148.947 E245.08761
G1 X147.558 Y149.277 E245.10344
G1 X147.607 Y149.61 E245.11911
G1 X147.624 Y149.95 E245.13496
G1 X147.607 Y150.29 E245.15081
G1 X147.558 Y150.623 E245.16649
G1 X147.476 Y150.953 E245.18232
G1 X147.362 Y151.27 E245.19801
G1 X147.222 Y151.568 E245.21334
G1 X147.042 Y151.869 E245.22967
G1 X146.838 Y152.143 E245.24558
G1 X146.615 Y152.39 E245.26107
G1 X146.368 Y152.613 E245.27657
G1 X146.094 Y152.817 E245.29247
G1 X145.797 Y152.995 E245.3086
G1 X145.495 Y153.137 E245.32414
G1 X145.178 Y153.251 E245.33982
G1 X144.848 Y153.333 E245.35566
G1 X144.515 Y153.382 E245.37133
G1 X144.175 Y153.399 E245.38718
G0 F9000 X144.175 Y152.959
G0 X145.296 Y152.698
;TYPE:FILL
G1 F1368.5 X141.425 Y148.827 E245.64209
G0 F9000 X141.208 Y149.956
G1 F1368.5 X146.747 Y148.471 E245.90912
G0 F9000 X146.596 Y148.234
G1 F1368.5 X145.414 Y152.644 E246.12172
G0 F9000 X146.639 Y151.606
G1 F1368.5 X142.874 Y152.615 E246.30322
G0 F9000 X142.395 Y152.321
G1 F1368.5 X143.82 Y147.004 E246.55954
G0 F9000 X143.842 Y147.001
G1 F1368.5 X147.122 Y150.282 E246.77556
G0 F9000 X147.004 Y150.265
G1 F2700 E241.77556
;MESH:NONMESH
G0 F300 X147.004 Y150.265 Z9.8
G0 F9000 X147.269 Y150.879
G0 X148.32 Y151.141
G0 X152.216 Y152.313
G0 X153.146 Y151.755
G0 X155.825 Y152.998
;TIME_ELAPSED:460.036588
;LAYER:34
;TYPE:WALL-INNER
;MESH:Shiny Hillar (2).stl
G1 F2700 E246.77556
G1 F683.6 X155.521 Y152.983 E246.78973
G1 X155.224 Y152.939 E246.80371
G1 X154.936 Y152.868 E246.81753
G1 X154.662 Y152.769 E246.83109
G1 X154.393 Y152.642 E246.84494
G1 X154.13 Y152.485 E246.85921
G1 X153.885 Y152.302 E246.87345
G1 X153.668 Y152.107 E246.88703
G1 X153.473 Y151.89 E246.90062
G1 X153.287 Y151.641 E246.91509
G1 X153.133 Y151.383 E246.92908
G1 X153.006 Y151.113 E246.94297
G1 X152.907 Y150.839 E246.95654
G1 X152.836 Y150.551 E246.97035
G1 X152.792 Y150.254 E246.98433
G1 X152.777 Y149.95 E246.9985
G1 X152.792 Y149.646 E247.01268
G1 X152.836 Y149.349 E247.02666
G1 X152.907 Y149.061 E247.04047
G1 X153.006 Y148.787 E247.05403
G1 X153.133 Y148.518 E247.06789
G1 X153.29 Y148.255 E247.08215
G1 X153.473 Y148.01 E247.09639
G1 X153.668 Y147.793 E247.10997
G1 X153.885 Y147.598 E247.12356
G1 X154.13 Y147.415 E247.1378
G1 X154.393 Y147.258 E247.15206
G1 X154.662 Y147.131 E247.16591
G1 X154.936 Y147.032 E247.17948
G1 X155.224 Y146.961 E247.19329
G1 X155.521 Y146.917 E247.20727
G1 X155.825 Y146.902 E247.22144
G1 X156.129 Y146.917 E247.23561
G1 X156.426 Y146.961 E247.2496
G1 X156.714 Y147.032 E247.26341
G1 X156.988 Y147.131 E247.27697
G1 X157.257 Y147.258 E247.29082
G1 X157.52 Y147.415 E247.30509
G1 X157.765 Y147.598 E247.31933
G1 X157.982 Y147.793 E247.33291
G1 X158.177 Y148.01 E247.3465
G1 X158.36 Y148.255 E247.36074
G1 X158.517 Y148.518 E247.375
G1 X158.644 Y148.787 E247.38885
G1 X158.743 Y149.061 E247.40242
G1 X158.814 Y149.349 E247.41623
G1 X158.858 Y149.646 E247.43021
G1 X158.873 Y149.95 E247.44438
G1 X158.858 Y150.254 E247.45855
G1 X158.814 Y150.551 E247.47253
G1 X158.743 Y150.839 E247.48635
G1 X158.644 Y151.113 E247.49991
G1 X158.517 Y151.383 E247.51381
G1 X158.363 Y151.641 E247.5278
G1 X158.177 Y151.89 E247.54227
G1 X157.982 Y152.107 E247.55585
G1 X157.765 Y152.302 E247.56944
G1 X157.52 Y152.485 E247.58368
G1 X157.257 Y152.642 E247.59794
G1 X156.988 Y152.769 E247.61179
G1 X156.714 Y152.868 E247.62536
G1 X156.426 Y152.939 E247.63917
G1 X156.129 Y152.983 E247.65315
G1 X155.825 Y152.998 E247.66732
G0 F9000 X155.825 Y153.399
;TYPE:WALL-OUTER
G1 F683.6 X155.485 Y153.382 E247.68317
G1 X155.152 Y153.333 E247.69885
G1 X154.822 Y153.251 E247.71468
G1 X154.505 Y153.137 E247.73037
G1 X154.203 Y152.995 E247.74591
G1 X153.906 Y152.817 E247.76203
G1 X153.632 Y152.613 E247.77794
G1 X153.385 Y152.39 E247.79343
G1 X153.162 Y152.143 E247.80893
G1 X152.958 Y151.869 E247.82483
G1 X152.778 Y151.568 E247.84116
G1 X152.638 Y151.27 E247.85649
G1 X152.524 Y150.953 E247.87218
G1 X152.442 Y150.623 E247.88801
G1 X152.393 Y150.29 E247.90369
G1 X152.376 Y149.95 E247.91954
G1 X152.393 Y149.61 E247.93539
G1 X152.442 Y149.277 E247.95106
G1 X152.524 Y148.947 E247.9669
G1 X152.638 Y148.63 E247.98258
G1 X152.78 Y148.328 E247.99812
G1 X152.958 Y148.031 E248.01425
G1 X153.162 Y147.757 E248.03015
G1 X153.385 Y147.51 E248.04565
G1 X153.632 Y147.287 E248.06114
G1 X153.906 Y147.083 E248.07705
G1 X154.203 Y146.905 E248.09317
G1 X154.505 Y146.763 E248.10871
G1 X154.822 Y146.649 E248.1244
G1 X155.152 Y146.567 E248.14023
G1 X155.485 Y146.518 E248.1559
G1 X155.825 Y146.501 E248.17176
G1 X156.165 Y146.518 E248.18761
G1 X156.498 Y146.567 E248.20328
G1 X156.828 Y146.649 E248.21911
G1 X157.145 Y146.763 E248.2348
G1 X157.447 Y146.905 E248.25034
G1 X157.744 Y147.083 E248.26646
G1 X158.018 Y147.287 E248.28237
G1 X158.265 Y147.51 E248.29786
G1 X158.488 Y147.757 E248.31336
G1 X158.692 Y148.031 E248.32927
G1 X158.87 Y148.328 E248.34539
G1 X159.012 Y148.63 E248.36093
G1 X159.126 Y148.947 E248.37661
G1 X159.208 Y149.277 E248.39245
G1 X159.257 Y149.61 E248.40812
G1 X159.274 Y149.95 E248.42397
G1 X159.257 Y150.29 E248.43982
G1 X159.208 Y150.623 E248.4555
G1 X159.126 Y150.953 E248.47133
G1 X159.012 Y151.27 E248.48702
G1 X158.872 Y151.568 E248.50235
G1 X158.692 Y151.869 E248.51868
G1 X158.488 Y152.143 E248.53459
G1 X158.265 Y152.39 E248.55008
G1 X158.018 Y152.613 E248.56558
G1 X157.744 Y152.817 E248.58148
G1 X157.447 Y152.995 E248.59761
G1 X157.145 Y153.137 E248.61314
G1 X156.828 Y153.251 E248.62883
G1 X156.498 Y153.333 E248.64466
G1 X156.165 Y153.382 E248.66034
G1 X155.825 Y153.399 E248.67619
G0 F9000 X155.825 Y152.959
G0 X154.794 Y152.732
;TYPE:FILL
G1 F1367.1 X158.109 Y151.844 E248.83599
G0 F9000 X157.783 Y152.177
G1 F1367.1 X153.596 Y147.99 E249.11171
G0 F9000 X152.866 Y150.143
G1 F1367.1 X158.485 Y148.637 E249.38259
G0 F9000 X158.482 Y148.633
G1 F1367.1 X157.141 Y147.292 E249.4709
G0 F9000 X156.041 Y146.992
G1 F1367.1 X154.533 Y152.618 E249.74212
G0 F9000 X157.749 Y152.208
G1 F1367.1 X158.62 Y148.958 E249.89879
G0 F9000 X158.506 Y148.998
G1 F2700 E244.89879
G0 F9000 X152.734 Y150.889
G0 X151.683 Y151.152
G0 X147.785 Y152.312
G0 X146.854 Y151.755
G0 X144.175 Y152.998
;TYPE:WALL-INNER
G1 F2700 E249.89879
G1 F683.6 X143.871 Y152.983 E249.91296
G1 X143.574 Y152.939 E249.92694
G1 X143.286 Y152.868 E249.94076
G1 X143.012 Y152.769 E249.95432
G1 X142.743 Y152.642 E249.96817
G1 X142.48 Y152.485 E249.98244
G1 X142.235 Y152.302 E249.99667
G1 X142.018 Y152.107 E250.01026
G1 X141.823 Y151.89 E250.02384
G1 X141.637 Y151.641 E250.03832
G1 X141.483 Y151.383 E250.05231
G1 X141.356 Y151.113 E250.0662
G1 X141.257 Y150.839 E250.07977
G1 X141.186 Y150.551 E250.09358
G1 X141.142 Y150.254 E250.10756
G1 X141.127 Y149.95 E250.12173
G1 X141.142 Y149.646 E250.1359
G1 X141.186 Y149.349 E250.14989
G1 X141.257 Y149.061 E250.1637
G1 X141.356 Y148.787 E250.17726
G1 X141.483 Y148.518 E250.19111
G1 X141.64 Y148.255 E250.20538
G1 X141.823 Y148.01 E250.21962
G1 X142.018 Y147.793 E250.2332
G1 X142.235 Y147.598 E250.24679
G1 X142.48 Y147.415 E250.26103
G1 X142.743 Y147.258 E250.27529
G1 X143.012 Y147.131 E250.28914
G1 X143.286 Y147.032 E250.30271
G1 X143.574 Y146.961 E250.31652
G1 X143.871 Y146.917 E250.3305
G1 X144.175 Y146.902 E250.34467
G1 X144.479 Y146.917 E250.35884
G1 X144.776 Y146.961 E250.37282
G1 X145.064 Y147.032 E250.38664
G1 X145.338 Y147.131 E250.4002
G1 X145.607 Y147.258 E250.41405
G1 X145.87 Y147.415 E250.42832
G1 X146.115 Y147.598 E250.44256
G1 X146.332 Y147.793 E250.45614
G1 X146.527 Y148.01 E250.46972
G1 X146.71 Y148.255 E250.48396
G1 X146.867 Y148.518 E250.49823
G1 X146.994 Y148.787 E250.51208
G1 X147.093 Y149.061 E250.52564
G1 X147.164 Y149.349 E250.53946
G1 X147.208 Y149.646 E250.55344
G1 X147.223 Y149.95 E250.56761
G1 X147.208 Y150.254 E250.58178
G1 X147.164 Y150.551 E250.59576
G1 X147.093 Y150.839 E250.60957
G1 X146.994 Y151.113 E250.62314
G1 X146.867 Y151.383 E250.63703
G1 X146.713 Y151.641 E250.65103
G1 X146.527 Y151.89 E250.6655
G1 X146.332 Y152.107 E250.67908
G1 X146.115 Y152.302 E250.69267
G1 X145.87 Y152.485 E250.70691
G1 X145.607 Y152.642 E250.72117
G1 X145.338 Y152.769 E250.73502
G1 X145.064 Y152.868 E250.74859
G1 X144.776 Y152.939 E250.7624
G1 X144.479 Y152.983 E250.77638
G1 X144.175 Y152.998 E250.79055
G0 F9000 X144.175 Y153.399
;TYPE:WALL-OUTER
G1 F683.6 X143.835 Y153.382 E250.8064
G1 X143.502 Y153.333 E250.82208
G1 X143.172 Y153.251 E250.83791
G1 X142.855 Y153.137 E250.8536
G1 X142.553 Y152.995 E250.86913
G1 X142.256 Y152.817 E250.88526
G1 X141.982 Y152.613 E250.90116
G1 X141.735 Y152.39 E250.91666
G1 X141.512 Y152.143 E250.93215
G1 X141.308 Y151.869 E250.94806
G1 X141.128 Y151.568 E250.96439
G1 X140.988 Y151.27 E250.97972
G1 X140.874 Y150.953 E250.99541
G1 X140.792 Y150.623 E251.01124
G1 X140.743 Y150.29 E251.02692
G1 X140.726 Y149.95 E251.04277
G1 X140.743 Y149.61 E251.05862
G1 X140.792 Y149.277 E251.07429
G1 X140.874 Y148.947 E251.09013
G1 X140.988 Y148.63 E251.10581
G1 X141.13 Y148.328 E251.12135
G1 X141.308 Y148.031 E251.13747
G1 X141.512 Y147.757 E251.15338
G1 X141.735 Y147.51 E251.16888
G1 X141.982 Y147.287 E251.18437
G1 X142.256 Y147.083 E251.20028
G1 X142.553 Y146.905 E251.2164
G1 X142.855 Y146.763 E251.23194
G1 X143.172 Y146.649 E251.24763
G1 X143.502 Y146.567 E251.26346
G1 X143.835 Y146.518 E251.27913
G1 X144.175 Y146.501 E251.29498
G1 X144.515 Y146.518 E251.31084
G1 X144.848 Y146.567 E251.32651
G1 X145.178 Y146.649 E251.34234
G1 X145.495 Y146.763 E251.35803
G1 X145.797 Y146.905 E251.37357
G1 X146.094 Y147.083 E251.38969
G1 X146.368 Y147.287 E251.4056
G1 X146.615 Y147.51 E251.42109
G1 X146.838 Y147.757 E251.43659
G1 X147.042 Y148.031 E251.45249
G1 X147.22 Y148.328 E251.46862
G1 X147.362 Y148.63 E251.48416
G1 X147.476 Y148.947 E251.49984
G1 X147.558 Y149.277 E251.51568
G1 X147.607 Y149.61 E251.53135
G1 X147.624 Y149.95 E251.5472
G1 X147.607 Y150.29 E251.56305
G1 X147.558 Y150.623 E251.57873
G1 X147.476 Y150.953 E251.59456
G1 X147.362 Y151.27 E251.61025
G1 X147.222 Y151.568 E251.62558
G1 X147.042 Y151.869 E251.64191
G1 X146.838 Y152.143 E251.65781
G1 X146.615 Y152.39 E251.67331
G1 X146.368 Y152.613 E251.6888
G1 X146.094 Y152.817 E251.70471
G1 X145.797 Y152.995 E251.72083
G1 X145.495 Y153.137 E251.73637
G1 X145.178 Y153.251 E251.75206
G1 X144.848 Y153.333 E251.76789
G1 X144.515 Y153.382 E251.78357
G1 X144.175 Y153.399 E251.79942
G0 F9000 X144.175 Y152.959
G0 X143.169 Y152.741
;TYPE:FILL
G1 F1367.1 X146.44 Y151.865 E251.9571
G0 F9000 X145.487 Y152.609
G1 F1367.1 X141.514 Y148.636 E252.21873
G0 F9000 X141.217 Y150.158
G1 F1367.1 X146.842 Y148.651 E252.48989
G0 F9000 X146.443 Y148.037
G1 F1367.1 X145.184 Y152.739 E252.71654
G0 F9000 X142.226 Y152.186
G1 F1367.1 X143.606 Y147.036 E252.96481
G0 F9000 X144.106 Y146.985
G1 F1367.1 X147.139 Y150.018 E253.16454
G0 F9000 X147.02 Y150.011
G1 F2700 E248.16454
;MESH:NONMESH
G0 F300 X147.02 Y150.011 Z10.08
G0 F9000 X147.342 Y150.584
G0 X148.394 Y150.846
G0 X152.216 Y152.313
G0 X153.146 Y151.755
G0 X155.825 Y152.998
;TIME_ELAPSED:472.834561
;LAYER:35
;TYPE:WALL-INNER
;MESH:Shiny Hillar (2).stl
G1 F2700 E253.16454
G1 F672.9 X155.521 Y152.983 E253.17871
G1 X155.224 Y152.939 E253.19269
G1 X154.936 Y152.868 E253.2065
G1 X154.662 Y152.769 E253.22007
G1 X154.393 Y152.642 E253.23392
G1 X154.13 Y152.485 E253.24818
G1 X153.885 Y152.302 E253.26242
G1 X153.668 Y152.107 E253.27601
G1 X153.473 Y151.89 E253.28959
G1 X153.287 Y151.641 E253.30406
G1 X153.133 Y151.383 E253.31805
G1 X153.006 Y151.113 E253.33195
G1 X152.907 Y150.839 E253.34551
G1 X152.836 Y150.551 E253.35933
G1 X152.792 Y150.254 E253.37331
G1 X152.777 Y149.95 E253.38748
G1 X152.792 Y149.646 E253.40165
G1 X152.836 Y149.349 E253.41563
G1 X152.907 Y149.061 E253.42944
G1 X153.006 Y148.787 E253.44301
G1 X153.133 Y148.518 E253.45686
G1 X153.29 Y148.255 E253.47112
G1 X153.473 Y148.01 E253.48536
G1 X153.668 Y147.793 E253.49895
G1 X153.885 Y147.598 E253.51253
G1 X154.13 Y147.415 E253.52677
G1 X154.393 Y147.258 E253.54104
G1 X154.662 Y147.131 E253.55489
G1 X154.936 Y147.032 E253.56845
G1 X155.224 Y146.961 E253.58226
G1 X155.521 Y146.917 E253.59625
G1 X155.825 Y146.902 E253.61042
G1 X156.129 Y146.917 E253.62459
G1 X156.426 Y146.961 E253.63857
G1 X156.714 Y147.032 E253.65238
G1 X156.988 Y147.131 E253.66595
G1 X157.257 Y147.258 E253.6798
G1 X157.52 Y147.415 E253.69406
G1 X157.765 Y147.598 E253.7083
G1 X157.982 Y147.793 E253.72189
G1 X158.177 Y148.01 E253.73547
G1 X158.36 Y148.255 E253.74971
G1 X158.517 Y148.518 E253.76397
G1 X158.644 Y148.787 E253.77783
G1 X158.743 Y149.061 E253.79139
G1 X158.814 Y149.349 E253.8052
G1 X158.858 Y149.646 E253.81918
G1 X158.873 Y149.95 E253.83336
G1 X158.858 Y150.254 E253.84753
G1 X158.814 Y150.551 E253.86151
G1 X158.743 Y150.839 E253.87532
G1 X158.644 Y151.113 E253.88889
G1 X158.517 Y151.383 E253.90278
G1 X158.363 Y151.641 E253.91677
G1 X158.177 Y151.89 E253.93124
G1 X157.982 Y152.107 E253.94483
G1 X157.765 Y152.302 E253.95841
G1 X157.52 Y152.485 E253.97265
G1 X157.257 Y152.642 E253.98692
G1 X156.988 Y152.769 E254.00077
G1 X156.714 Y152.868 E254.01433
G1 X156.426 Y152.939 E254.02815
G1 X156.129 Y152.983 E254.04213
G1 X155.825 Y152.998 E254.0563
G0 F9000 X155.825 Y153.399
;TYPE:WALL-OUTER
G1 F672.9 X155.485 Y153.382 E254.07215
G1 X155.152 Y153.333 E254.08782
G1 X154.822 Y153.251 E254.10366
G1 X154.505 Y153.137 E254.11934
G1 X154.203 Y152.995 E254.13488
G1 X153.906 Y152.817 E254.15101
G1 X153.632 Y152.613 E254.16691
G1 X153.385 Y152.39 E254.18241
G1 X153.162 Y152.143 E254.1979
G1 X152.958 Y151.869 E254.21381
G1 X152.778 Y151.568 E254.23014
G1 X152.638 Y151.27 E254.24547
G1 X152.524 Y150.953 E254.26116
G1 X152.442 Y150.623 E254.27699
G1 X152.393 Y150.29 E254.29266
G1 X152.376 Y149.95 E254.30851
G1 X152.393 Y149.61 E254.32437
G1 X152.442 Y149.277 E254.34004
G1 X152.524 Y148.947 E254.35587
G1 X152.638 Y148.63 E254.37156
G1 X152.78 Y148.328 E254.3871
G1 X152.958 Y148.031 E254.40322
G1 X153.162 Y147.757 E254.41913
G1 X153.385 Y147.51 E254.43462
G1 X153.632 Y147.287 E254.45012
G1 X153.906 Y147.083 E254.46602
G1 X154.203 Y146.905 E254.48215
G1 X154.505 Y146.763 E254.49769
G1 X154.822 Y146.649 E254.51337
G1 X155.152 Y146.567 E254.52921
G1 X155.485 Y146.518 E254.54488
G1 X155.825 Y146.501 E254.56073
G1 X156.165 Y146.518 E254.57658
G1 X156.498 Y146.567 E254.59226
G1 X156.828 Y146.649 E254.60809
G1 X157.145 Y146.763 E254.62378
G1 X157.447 Y146.905 E254.63932
G1 X157.744 Y147.083 E254.65544
G1 X158.018 Y147.287 E254.67134
G1 X158.265 Y147.51 E254.68684
G1 X158.488 Y147.757 E254.70234
G1 X158.692 Y148.031 E254.71824
G1 X158.87 Y148.328 E254.73436
G1 X159.012 Y148.63 E254.7499
G1 X159.126 Y148.947 E254.76559
G1 X159.208 Y149.277 E254.78142
G1 X159.257 Y149.61 E254.7971
G1 X159.274 Y149.95 E254.81295
G1 X159.257 Y150.29 E254.8288
G1 X159.208 Y150.623 E254.84447
G1 X159.126 Y150.953 E254.86031
G1 X159.012 Y151.27 E254.87599
G1 X158.872 Y151.568 E254.89132
G1 X158.692 Y151.869 E254.90765
G1 X158.488 Y152.143 E254.92356
G1 X158.265 Y152.39 E254.93906
G1 X158.018 Y152.613 E254.95455
G1 X157.744 Y152.817 E254.97046
G1 X157.447 Y152.995 E254.98658
G1 X157.145 Y153.137 E255.00212
G1 X156.828 Y153.251 E255.01781
G1 X156.498 Y153.333 E255.03364
G1 X156.165 Y153.382 E255.04931
G1 X155.825 Y153.399 E255.06516
G0 F9000 X155.825 Y152.959
G0 X155.155 Y152.84
;TYPE:FILL
G1 F1345.9 X157.849 Y152.118 E255.19504
G0 F9000 X157.93 Y152.044
G1 F1345.9 X153.729 Y147.844 E255.47165
G0 F9000 X155.839 Y146.982
G1 F1345.9 X154.353 Y152.525 E255.73887
G0 F9000 X152.886 Y150.342
G1 F1345.9 X158.57 Y148.819 E256.01287
G0 F9000 X158.495 Y148.66
G1 F1345.9 X157.491 Y152.405 E256.19341
G0 F9000 X157.421 Y152.31
G1 F2700 E251.19341
G0 F9000 X153.146 Y151.755
G0 X152.216 Y152.313
G0 X147.785 Y152.312
G0 X146.854 Y151.755
G0 X144.175 Y152.998
;TYPE:WALL-INNER
G1 F2700 E256.19341
G1 F672.9 X143.871 Y152.983 E256.20759
G1 X143.574 Y152.939 E256.22157
G1 X143.286 Y152.868 E256.23538
G1 X143.012 Y152.769 E256.24894
G1 X142.743 Y152.642 E256.2628
G1 X142.48 Y152.485 E256.27706
G1 X142.235 Y152.302 E256.2913
G1 X142.018 Y152.107 E256.30488
G1 X141.823 Y151.89 E256.31847
G1 X141.637 Y151.641 E256.33294
G1 X141.483 Y151.383 E256.34693
G1 X141.356 Y151.113 E256.36082
G1 X141.257 Y150.839 E256.37439
G1 X141.186 Y150.551 E256.3882
G1 X141.142 Y150.254 E256.40218
G1 X141.127 Y149.95 E256.41636
G1 X141.142 Y149.646 E256.43053
G1 X141.186 Y149.349 E256.44451
G1 X141.257 Y149.061 E256.45832
G1 X141.356 Y148.787 E256.47189
G1 X141.483 Y148.518 E256.48574
G1 X141.64 Y148.255 E256.5
G1 X141.823 Y148.01 E256.51424
G1 X142.018 Y147.793 E256.52782
G1 X142.235 Y147.598 E256.54141
G1 X142.48 Y147.415 E256.55565
G1 X142.743 Y147.258 E256.56991
G1 X143.012 Y147.131 E256.58376
G1 X143.286 Y147.032 E256.59733
G1 X143.574 Y146.961 E256.61114
G1 X143.871 Y146.917 E256.62512
G1 X144.175 Y146.902 E256.63929
G1 X144.479 Y146.917 E256.65347
G1 X144.776 Y146.961 E256.66745
G1 X145.064 Y147.032 E256.68126
G1 X145.338 Y147.131 E256.69482
G1 X145.607 Y147.258 E256.70868
G1 X145.87 Y147.415 E256.72294
G1 X146.115 Y147.598 E256.73718
G1 X146.332 Y147.793 E256.75076
G1 X146.527 Y148.01 E256.76435
G1 X146.71 Y148.255 E256.77859
G1 X146.867 Y148.518 E256.79285
G1 X146.994 Y148.787 E256.8067
G1 X147.093 Y149.061 E256.82027
G1 X147.164 Y149.349 E256.83408
G1 X147.208 Y149.646 E256.84806
G1 X147.223 Y149.95 E256.86223
G1 X147.208 Y150.254 E256.8764
G1 X147.164 Y150.551 E256.89039
G1 X147.093 Y150.839 E256.9042
G1 X146.994 Y151.113 E256.91776
G1 X146.867 Y151.383 E256.93166
G1 X146.713 Y151.641 E256.94565
G1 X146.527 Y151.89 E256.96012
G1 X146.332 Y152.107 E256.9737
G1 X146.115 Y152.302 E256.98729
G1 X145.87 Y152.485 E257.00153
G1 X145.607 Y152.642 E257.01579
G1 X145.338 Y152.769 E257.02964
G1 X145.064 Y152.868 E257.04321
G1 X144.776 Y152.939 E257.05702
G1 X144.479 Y152.983 E257.071
G1 X144.175 Y152.998 E257.08517
G0 F9000 X144.175 Y153.399
;TYPE:WALL-OUTER
G1 F672.9 X143.835 Y153.382 E257.10103
G1 X143.502 Y153.333 E257.1167
G1 X143.172 Y153.251 E257.13253
G1 X142.855 Y153.137 E257.14822
G1 X142.553 Y152.995 E257.16376
G1 X142.256 Y152.817 E257.17988
G1 X141.982 Y152.613 E257.19579
G1 X141.735 Y152.39 E257.21128
G1 X141.512 Y152.143 E257.22678
G1 X141.308 Y151.869 E257.24268
G1 X141.128 Y151.568 E257.25902
G1 X140.988 Y151.27 E257.27435
G1 X140.874 Y150.953 E257.29003
G1 X140.792 Y150.623 E257.30587
G1 X140.743 Y150.29 E257.32154
G1 X140.726 Y149.95 E257.33739
G1 X140.743 Y149.61 E257.35324
G1 X140.792 Y149.277 E257.36892
G1 X140.874 Y148.947 E257.38475
G1 X140.988 Y148.63 E257.40043
G1 X141.13 Y148.328 E257.41597
G1 X141.308 Y148.031 E257.4321
G1 X141.512 Y147.757 E257.448
G1 X141.735 Y147.51 E257.4635
G1 X141.982 Y147.287 E257.47899
G1 X142.256 Y147.083 E257.4949
G1 X142.553 Y146.905 E257.51102
G1 X142.855 Y146.763 E257.52656
G1 X143.172 Y146.649 E257.54225
G1 X143.502 Y146.567 E257.55808
G1 X143.835 Y146.518 E257.57376
G1 X144.175 Y146.501 E257.58961
G1 X144.515 Y146.518 E257.60546
G1 X144.848 Y146.567 E257.62113
G1 X145.178 Y146.649 E257.63697
G1 X145.495 Y146.763 E257.65265
G1 X145.797 Y146.905 E257.66819
G1 X146.094 Y147.083 E257.68431
G1 X146.368 Y147.287 E257.70022
G1 X146.615 Y147.51 E257.71572
G1 X146.838 Y147.757 E257.73121
G1 X147.042 Y148.031 E257.74712
G1 X147.22 Y148.328 E257.76324
G1 X147.362 Y148.63 E257.77878
G1 X147.476 Y148.947 E257.79447
G1 X147.558 Y149.277 E257.8103
G1 X147.607 Y149.61 E257.82597
G1 X147.624 Y149.95 E257.84182
G1 X147.607 Y150.29 E257.85768
G1 X147.558 Y150.623 E257.87335
G1 X147.476 Y150.953 E257.88918
G1 X147.362 Y151.27 E257.90487
G1 X147.222 Y151.568 E257.9202
G1 X147.042 Y151.869 E257.93653
G1 X146.838 Y152.143 E257.95244
G1 X146.615 Y152.39 E257.96793
G1 X146.368 Y152.613 E257.98343
G1 X146.094 Y152.817 E257.99933
G1 X145.797 Y152.995 E258.01546
G1 X145.495 Y153.137 E258.031
G1 X145.178 Y153.251 E258.04668
G1 X144.848 Y153.333 E258.06252
G1 X144.515 Y153.382 E258.07819
G1 X144.175 Y153.399 E258.09404
G0 F9000 X144.175 Y152.959
G0 X143.536 Y152.848
;TYPE:FILL
G1 F1345.9 X146.173 Y152.141 E258.22117
G0 F9000 X145.669 Y152.511
G1 F1345.9 X141.612 Y148.454 E258.48833
G0 F9000 X141.239 Y150.357
G1 F1345.9 X146.926 Y148.834 E258.76247
G0 F9000 X147.131 Y149.731
G1 F1345.9 X144.393 Y146.992 E258.9428
G0 F9000 X143.387 Y147.088
G1 F1345.9 X142.061 Y152.036 E259.18133
G0 F9000 X144.959 Y152.811
G1 F1345.9 X146.286 Y147.861 E259.41997
G0 F9000 X146.196 Y147.94
G1 F2700 E254.41997
;MESH:NONMESH
G0 F300 X146.196 Y147.94 Z10.36
G0 F9000 X147.388 Y149.629
G0 X148.472 Y149.574
G0 X151.821 Y151.553
G0 X152.841 Y151.186
G0 X155.825 Y152.998
;TIME_ELAPSED:485.642312
;LAYER:36
;TYPE:WALL-INNER
;MESH:Shiny Hillar (2).stl
G1 F2700 E259.41997
G1 F671.8 X155.521 Y152.983 E259.43414
G1 X155.224 Y152.939 E259.44812
G1 X154.936 Y152.868 E259.46193
G1 X154.662 Y152.769 E259.4755
G1 X154.393 Y152.642 E259.48935
G1 X154.13 Y152.485 E259.50361
G1 X153.885 Y152.302 E259.51785
G1 X153.668 Y152.107 E259.53143
G1 X153.473 Y151.89 E259.54502
G1 X153.287 Y151.641 E259.55949
G1 X153.133 Y151.383 E259.57348
G1 X153.006 Y151.113 E259.58738
G1 X152.907 Y150.839 E259.60094
G1 X152.836 Y150.551 E259.61475
G1 X152.792 Y150.254 E259.62873
G1 X152.777 Y149.95 E259.64291
G1 X152.792 Y149.646 E259.65708
G1 X152.836 Y149.349 E259.67106
G1 X152.907 Y149.061 E259.68487
G1 X153.006 Y148.787 E259.69844
G1 X153.133 Y148.518 E259.71229
G1 X153.29 Y148.255 E259.72655
G1 X153.473 Y148.01 E259.74079
G1 X153.668 Y147.793 E259.75438
G1 X153.885 Y147.598 E259.76796
G1 X154.13 Y147.415 E259.7822
G1 X154.393 Y147.258 E259.79646
G1 X154.662 Y147.131 E259.81031
G1 X154.936 Y147.032 E259.82388
G1 X155.224 Y146.961 E259.83769
G1 X155.521 Y146.917 E259.85167
G1 X155.825 Y146.902 E259.86585
G1 X156.129 Y146.917 E259.88002
G1 X156.426 Y146.961 E259.894
G1 X156.714 Y147.032 E259.90781
G1 X156.988 Y147.131 E259.92138
G1 X157.257 Y147.258 E259.93523
G1 X157.52 Y147.415 E259.94949
G1 X157.765 Y147.598 E259.96373
G1 X157.982 Y147.793 E259.97732
G1 X158.177 Y148.01 E259.9909
G1 X158.36 Y148.255 E260.00514
G1 X158.517 Y148.518 E260.0194
G1 X158.644 Y148.787 E260.03325
G1 X158.743 Y149.061 E260.04682
G1 X158.814 Y149.349 E260.06063
G1 X158.858 Y149.646 E260.07461
G1 X158.873 Y149.95 E260.08878
G1 X158.858 Y150.254 E260.10296
G1 X158.814 Y150.551 E260.11694
G1 X158.743 Y150.839 E260.13075
G1 X158.644 Y151.113 E260.14432
G1 X158.517 Y151.383 E260.15821
G1 X158.363 Y151.641 E260.1722
G1 X158.177 Y151.89 E260.18667
G1 X157.982 Y152.107 E260.20026
G1 X157.765 Y152.302 E260.21384
G1 X157.52 Y152.485 E260.22808
G1 X157.257 Y152.642 E260.24234
G1 X156.988 Y152.769 E260.2562
G1 X156.714 Y152.868 E260.26976
G1 X156.426 Y152.939 E260.28357
G1 X156.129 Y152.983 E260.29755
G1 X155.825 Y152.998 E260.31173
G0 F9000 X155.825 Y153.399
;TYPE:WALL-OUTER
G1 F671.8 X155.485 Y153.382 E260.32758
G1 X155.152 Y153.333 E260.34325
G1 X154.822 Y153.251 E260.35908
G1 X154.505 Y153.137 E260.37477
G1 X154.203 Y152.995 E260.39031
G1 X153.906 Y152.817 E260.40643
G1 X153.632 Y152.613 E260.42234
G1 X153.385 Y152.39 E260.43783
G1 X153.162 Y152.143 E260.45333
G1 X152.958 Y151.869 E260.46924
G1 X152.778 Y151.568 E260.48557
G1 X152.638 Y151.27 E260.5009
G1 X152.524 Y150.953 E260.51658
G1 X152.442 Y150.623 E260.53242
G1 X152.393 Y150.29 E260.54809
G1 X152.376 Y149.95 E260.56394
G1 X152.393 Y149.61 E260.57979
G1 X152.442 Y149.277 E260.59547
G1 X152.524 Y148.947 E260.6113
G1 X152.638 Y148.63 E260.62699
G1 X152.78 Y148.328 E260.64253
G1 X152.958 Y148.031 E260.65865
G1 X153.162 Y147.757 E260.67456
G1 X153.385 Y147.51 E260.69005
G1 X153.632 Y147.287 E260.70555
G1 X153.906 Y147.083 E260.72145
G1 X154.203 Y146.905 E260.73758
G1 X154.505 Y146.763 E260.75312
G1 X154.822 Y146.649 E260.7688
G1 X155.152 Y146.567 E260.78464
G1 X155.485 Y146.518 E260.80031
G1 X155.825 Y146.501 E260.81616
G1 X156.165 Y146.518 E260.83201
G1 X156.498 Y146.567 E260.84768
G1 X156.828 Y146.649 E260.86352
G1 X157.145 Y146.763 E260.8792
G1 X157.447 Y146.905 E260.89474
G1 X157.744 Y147.083 E260.91087
G1 X158.018 Y147.287 E260.92677
G1 X158.265 Y147.51 E260.94227
G1 X158.488 Y147.757 E260.95776
G1 X158.692 Y148.031 E260.97367
G1 X158.87 Y148.328 E260.98979
G1 X159.012 Y148.63 E261.00533
G1 X159.126 Y148.947 E261.02102
G1 X159.208 Y149.277 E261.03685
G1 X159.257 Y149.61 E261.05252
G1 X159.274 Y149.95 E261.06838
G1 X159.257 Y150.29 E261.08423
G1 X159.208 Y150.623 E261.0999
G1 X159.126 Y150.953 E261.11573
G1 X159.012 Y151.27 E261.13142
G1 X158.872 Y151.568 E261.14675
G1 X158.692 Y151.869 E261.16308
G1 X158.488 Y152.143 E261.17899
G1 X158.265 Y152.39 E261.19448
G1 X158.018 Y152.613 E261.20998
G1 X157.744 Y152.817 E261.22589
G1 X157.447 Y152.995 E261.24201
G1 X157.145 Y153.137 E261.25755
G1 X156.828 Y153.251 E261.27323
G1 X156.498 Y153.333 E261.28907
G1 X156.165 Y153.382 E261.30474
G1 X155.825 Y153.399 E261.32059
G0 F9000 X155.825 Y152.959
G0 X155.665 Y152.908
;TYPE:FILL
G1 F1343.6 X157.457 Y152.428 E261.40698
G0 F9000 X157.246 Y152.556
G1 F1343.6 X158.358 Y148.407 E261.60699
G0 F9000 X158.638 Y149.006
G1 F1343.6 X152.916 Y150.539 E261.88283
G0 F9000 X153.144 Y151.221
G1 F1343.6 X154.553 Y152.629 E261.97558
G0 F9000 X154.177 Y152.419
G1 F1343.6 X155.631 Y146.991 E262.23724
G0 F9000 X153.877 Y147.711
G1 F1343.6 X158.063 Y151.897 E262.5129
G0 F9000 X157.974 Y151.817
G1 F2700 E257.5129
G0 F9000 X153.146 Y151.755
G0 X152.216 Y152.313
G0 X147.785 Y152.312
G0 X146.854 Y151.755
G0 X144.175 Y152.998
;TYPE:WALL-INNER
G1 F2700 E262.5129
G1 F671.8 X143.871 Y152.983 E262.52707
G1 X143.574 Y152.939 E262.54105
G1 X143.286 Y152.868 E262.55486
G1 X143.012 Y152.769 E262.56843
G1 X142.743 Y152.642 E262.58228
G1 X142.48 Y152.485 E262.59654
G1 X142.235 Y152.302 E262.61078
G1 X142.018 Y152.107 E262.62437
G1 X141.823 Y151.89 E262.63795
G1 X141.637 Y151.641 E262.65242
G1 X141.483 Y151.383 E262.66641
G1 X141.356 Y151.113 E262.68031
G1 X141.257 Y150.839 E262.69387
G1 X141.186 Y150.551 E262.70768
G1 X141.142 Y150.254 E262.72167
G1 X141.127 Y149.95 E262.73584
G1 X141.142 Y149.646 E262.75001
G1 X141.186 Y149.349 E262.76399
G1 X141.257 Y149.061 E262.7778
G1 X141.356 Y148.787 E262.79137
G1 X141.483 Y148.518 E262.80522
G1 X141.64 Y148.255 E262.81948
G1 X141.823 Y148.01 E262.83372
G1 X142.018 Y147.793 E262.84731
G1 X142.235 Y147.598 E262.86089
G1 X142.48 Y147.415 E262.87513
G1 X142.743 Y147.258 E262.88939
G1 X143.012 Y147.131 E262.90325
G1 X143.286 Y147.032 E262.91681
G1 X143.574 Y146.961 E262.93062
G1 X143.871 Y146.917 E262.9446
G1 X144.175 Y146.902 E262.95878
G1 X144.479 Y146.917 E262.97295
G1 X144.776 Y146.961 E262.98693
G1 X145.064 Y147.032 E263.00074
G1 X145.338 Y147.131 E263.01431
G1 X145.607 Y147.258 E263.02816
G1 X145.87 Y147.415 E263.04242
G1 X146.115 Y147.598 E263.05666
G1 X146.332 Y147.793 E263.07025
G1 X146.527 Y148.01 E263.08383
G1 X146.71 Y148.255 E263.09807
G1 X146.867 Y148.518 E263.11233
G1 X146.994 Y148.787 E263.12618
G1 X147.093 Y149.061 E263.13975
G1 X147.164 Y149.349 E263.15356
G1 X147.208 Y149.646 E263.16754
G1 X147.223 Y149.95 E263.18172
G1 X147.208 Y150.254 E263.19589
G1 X147.164 Y150.551 E263.20987
G1 X147.093 Y150.839 E263.22368
G1 X146.994 Y151.113 E263.23725
G1 X146.867 Y151.383 E263.25114
G1 X146.713 Y151.641 E263.26513
G1 X146.527 Y151.89 E263.2796
G1 X146.332 Y152.107 E263.29319
G1 X146.115 Y152.302 E263.30677
G1 X145.87 Y152.485 E263.32101
G1 X145.607 Y152.642 E263.33527
G1 X145.338 Y152.769 E263.34913
G1 X145.064 Y152.868 E263.36269
G1 X144.776 Y152.939 E263.3765
G1 X144.479 Y152.983 E263.39048
G1 X144.175 Y152.998 E263.40466
G0 F9000 X144.175 Y153.399
;TYPE:WALL-OUTER
G1 F671.8 X143.835 Y153.382 E263.42051
G1 X143.502 Y153.333 E263.43618
G1 X143.172 Y153.251 E263.45202
G1 X142.855 Y153.137 E263.4677
G1 X142.553 Y152.995 E263.48324
G1 X142.256 Y152.817 E263.49936
G1 X141.982 Y152.613 E263.51527
G1 X141.735 Y152.39 E263.53077
G1 X141.512 Y152.143 E263.54626
G1 X141.308 Y151.869 E263.56217
G1 X141.128 Y151.568 E263.5785
G1 X140.988 Y151.27 E263.59383
G1 X140.874 Y150.953 E263.60952
G1 X140.792 Y150.623 E263.62535
G1 X140.743 Y150.29 E263.64102
G1 X140.726 Y149.95 E263.65687
G1 X140.743 Y149.61 E263.67273
G1 X140.792 Y149.277 E263.6884
G1 X140.874 Y148.947 E263.70423
G1 X140.988 Y148.63 E263.71992
G1 X141.13 Y148.328 E263.73546
G1 X141.308 Y148.031 E263.75158
G1 X141.512 Y147.757 E263.76749
G1 X141.735 Y147.51 E263.78298
G1 X141.982 Y147.287 E263.79848
G1 X142.256 Y147.083 E263.81438
G1 X142.553 Y146.905 E263.83051
G1 X142.855 Y146.763 E263.84605
G1 X143.172 Y146.649 E263.86173
G1 X143.502 Y146.567 E263.87757
G1 X143.835 Y146.518 E263.89324
G1 X144.175 Y146.501 E263.90909
G1 X144.515 Y146.518 E263.92494
G1 X144.848 Y146.567 E263.94061
G1 X145.178 Y146.649 E263.95645
G1 X145.495 Y146.763 E263.97213
G1 X145.797 Y146.905 E263.98767
G1 X146.094 Y147.083 E264.0038
G1 X146.368 Y147.287 E264.0197
G1 X146.615 Y147.51 E264.0352
G1 X146.838 Y147.757 E264.05069
G1 X147.042 Y148.031 E264.0666
G1 X147.22 Y148.328 E264.08272
G1 X147.362 Y148.63 E264.09826
G1 X147.476 Y148.947 E264.11395
G1 X147.558 Y149.277 E264.12978
G1 X147.607 Y149.61 E264.14546
G1 X147.624 Y149.95 E264.16131
G1 X147.607 Y150.29 E264.17716
G1 X147.558 Y150.623 E264.19283
G1 X147.476 Y150.953 E264.20867
G1 X147.362 Y151.27 E264.22435
G1 X147.222 Y151.568 E264.23968
G1 X147.042 Y151.869 E264.25601
G1 X146.838 Y152.143 E264.27192
G1 X146.615 Y152.39 E264.28742
G1 X146.368 Y152.613 E264.30291
G1 X146.094 Y152.817 E264.31882
G1 X145.797 Y152.995 E264.33494
G1 X145.495 Y153.137 E264.35048
G1 X145.178 Y153.251 E264.36617
G1 X144.848 Y153.333 E264.382
G1 X144.515 Y153.382 E264.39767
G1 X144.175 Y153.399 E264.41352
G0 F9000 X144.175 Y152.959
G0 X144.065 Y152.911
;TYPE:FILL
G1 F1343.6 X145.76 Y152.457 E264.49523
G0 F9000 X145.842 Y152.404
G1 F1343.6 X141.719 Y148.28 E264.76677
G0 F9000 X143.163 Y147.159
G1 F1343.6 X141.904 Y151.859 E264.99334
G0 F9000 X141.269 Y150.554
G1 F1343.6 X146.994 Y149.02 E265.26932
G0 F9000 X147.092 Y149.411
G1 F1343.6 X144.713 Y147.032 E265.42598
G0 F9000 X146.121 Y147.711
G1 F1343.6 X144.741 Y152.862 E265.67429
G0 F9000 X144.725 Y152.744
G1 F2700 E260.67429
;MESH:NONMESH
G0 F300 X144.725 Y152.744 Z10.64
G0 F9000 X146.854 Y151.755
G0 X147.785 Y152.312
G0 X152.216 Y152.313
G0 X153.146 Y151.755
G0 X155.825 Y152.998
;TIME_ELAPSED:498.334102
;LAYER:37
;TYPE:WALL-INNER
;MESH:Shiny Hillar (2).stl
G1 F2700 E265.67429
G1 F659.6 X155.521 Y152.983 E265.68847
G1 X155.224 Y152.939 E265.70245
G1 X154.936 Y152.868 E265.71626
G1 X154.662 Y152.769 E265.72983
G1 X154.393 Y152.642 E265.74368
G1 X154.13 Y152.485 E265.75794
G1 X153.885 Y152.302 E265.77218
G1 X153.668 Y152.107 E265.78576
G1 X153.473 Y151.89 E265.79935
G1 X153.287 Y151.641 E265.81382
G1 X153.133 Y151.383 E265.82781
G1 X153.006 Y151.113 E265.84171
G1 X152.907 Y150.839 E265.85527
G1 X152.836 Y150.551 E265.86908
G1 X152.792 Y150.254 E265.88306
G1 X152.777 Y149.95 E265.89724
G1 X152.792 Y149.646 E265.91141
G1 X152.836 Y149.349 E265.92539
G1 X152.907 Y149.061 E265.9392
G1 X153.006 Y148.787 E265.95277
G1 X153.133 Y148.518 E265.96662
G1 X153.29 Y148.255 E265.98088
G1 X153.473 Y148.01 E265.99512
G1 X153.668 Y147.793 E266.00871
G1 X153.885 Y147.598 E266.02229
G1 X154.13 Y147.415 E266.03653
G1 X154.393 Y147.258 E266.05079
G1 X154.662 Y147.131 E266.06464
G1 X154.936 Y147.032 E266.07821
G1 X155.224 Y146.961 E266.09202
G1 X155.521 Y146.917 E266.106
G1 X155.825 Y146.902 E266.12018
G1 X156.129 Y146.917 E266.13435
G1 X156.426 Y146.961 E266.14833
G1 X156.714 Y147.032 E266.16214
G1 X156.988 Y147.131 E266.17571
G1 X157.257 Y147.258 E266.18956
G1 X157.52 Y147.415 E266.20382
G1 X157.765 Y147.598 E266.21806
G1 X157.982 Y147.793 E266.23164
G1 X158.177 Y148.01 E266.24523
G1 X158.36 Y148.255 E266.25947
G1 X158.517 Y148.518 E266.27373
G1 X158.644 Y148.787 E266.28758
G1 X158.743 Y149.061 E266.30115
G1 X158.814 Y149.349 E266.31496
G1 X158.858 Y149.646 E266.32894
G1 X158.873 Y149.95 E266.34311
G1 X158.858 Y150.254 E266.35729
G1 X158.814 Y150.551 E266.37127
G1 X158.743 Y150.839 E266.38508
G1 X158.644 Y151.113 E266.39864
G1 X158.517 Y151.383 E266.41254
G1 X158.363 Y151.641 E266.42653
G1 X158.177 Y151.89 E266.441
G1 X157.982 Y152.107 E266.45459
G1 X157.765 Y152.302 E266.46817
G1 X157.52 Y152.485 E266.48241
G1 X157.257 Y152.642 E266.49667
G1 X156.988 Y152.769 E266.51052
G1 X156.714 Y152.868 E266.52409
G1 X156.426 Y152.939 E266.5379
G1 X156.129 Y152.983 E266.55188
G1 X155.825 Y152.998 E266.56606
G0 F9000 X155.825 Y153.399
;TYPE:WALL-OUTER
G1 F659.6 X155.485 Y153.382 E266.58191
G1 X155.152 Y153.333 E266.59758
G1 X154.822 Y153.251 E266.61341
G1 X154.505 Y153.137 E266.6291
G1 X154.203 Y152.995 E266.64464
G1 X153.906 Y152.817 E266.66076
G1 X153.632 Y152.613 E266.67667
G1 X153.385 Y152.39 E266.69216
G1 X153.162 Y152.143 E266.70766
G1 X152.958 Y151.869 E266.72357
G1 X152.778 Y151.568 E266.7399
G1 X152.638 Y151.27 E266.75523
G1 X152.524 Y150.953 E266.77091
G1 X152.442 Y150.623 E266.78675
G1 X152.393 Y150.29 E266.80242
G1 X152.376 Y149.95 E266.81827
G1 X152.393 Y149.61 E266.83412
G1 X152.442 Y149.277 E266.8498
G1 X152.524 Y148.947 E266.86563
G1 X152.638 Y148.63 E266.88132
G1 X152.78 Y148.328 E266.89686
G1 X152.958 Y148.031 E266.91298
G1 X153.162 Y147.757 E266.92889
G1 X153.385 Y147.51 E266.94438
G1 X153.632 Y147.287 E266.95988
G1 X153.906 Y147.083 E266.97578
G1 X154.203 Y146.905 E266.99191
G1 X154.505 Y146.763 E267.00744
G1 X154.822 Y146.649 E267.02313
G1 X155.152 Y146.567 E267.03896
G1 X155.485 Y146.518 E267.05464
G1 X155.825 Y146.501 E267.07049
G1 X156.165 Y146.518 E267.08634
G1 X156.498 Y146.567 E267.10201
G1 X156.828 Y146.649 E267.11785
G1 X157.145 Y146.763 E267.13353
G1 X157.447 Y146.905 E267.14907
G1 X157.744 Y147.083 E267.1652
G1 X158.018 Y147.287 E267.1811
G1 X158.265 Y147.51 E267.1966
G1 X158.488 Y147.757 E267.21209
G1 X158.692 Y148.031 E267.228
G1 X158.87 Y148.328 E267.24412
G1 X159.012 Y148.63 E267.25966
G1 X159.126 Y148.947 E267.27535
G1 X159.208 Y149.277 E267.29118
G1 X159.257 Y149.61 E267.30685
G1 X159.274 Y149.95 E267.32271
G1 X159.257 Y150.29 E267.33856
G1 X159.208 Y150.623 E267.35423
G1 X159.126 Y150.953 E267.37006
G1 X159.012 Y151.27 E267.38575
G1 X158.872 Y151.568 E267.40108
G1 X158.692 Y151.869 E267.41741
G1 X158.488 Y152.143 E267.43332
G1 X158.265 Y152.39 E267.44881
G1 X158.018 Y152.613 E267.46431
G1 X157.744 Y152.817 E267.48022
G1 X157.447 Y152.995 E267.49634
G1 X157.145 Y153.137 E267.51188
G1 X156.828 Y153.251 E267.52756
G1 X156.498 Y153.333 E267.5434
G1 X156.165 Y153.382 E267.55907
G1 X155.825 Y153.399 E267.57492
G0 F9000 X155.825 Y152.959
G0 X155.006 Y152.802
;TYPE:FILL
G1 F1319.3 X152.97 Y150.767 E267.70896
G0 F9000 X152.962 Y150.732
G1 F1319.3 X158.693 Y149.196 E267.98524
G0 F9000 X158.211 Y148.189
G1 F1319.3 X157.011 Y152.668 E268.20116
G0 F9000 X158.188 Y151.742
G1 F1319.3 X154.032 Y147.586 E268.47484
G0 F9000 X155.421 Y147.011
G1 F1319.3 X154.006 Y152.293 E268.72946
G0 F9000 X154.078 Y152.197
G1 F2700 E263.72946
G0 F9000 X153.146 Y151.755
G0 X152.216 Y152.313
G0 X147.785 Y152.312
G0 X146.854 Y151.755
G0 X144.175 Y152.998
;TYPE:WALL-INNER
G1 F2700 E268.72946
G1 F659.6 X143.871 Y152.983 E268.74363
G1 X143.574 Y152.939 E268.75762
G1 X143.286 Y152.868 E268.77143
G1 X143.012 Y152.769 E268.78499
G1 X142.743 Y152.642 E268.79884
G1 X142.48 Y152.485 E268.81311
G1 X142.235 Y152.302 E268.82735
G1 X142.018 Y152.107 E268.84093
G1 X141.823 Y151.89 E268.85452
G1 X141.637 Y151.641 E268.86899
G1 X141.483 Y151.383 E268.88298
G1 X141.356 Y151.113 E268.89687
G1 X141.257 Y150.839 E268.91044
G1 X141.186 Y150.551 E268.92425
G1 X141.142 Y150.254 E268.93823
G1 X141.127 Y149.95 E268.9524
G1 X141.142 Y149.646 E268.96658
G1 X141.186 Y149.349 E268.98056
G1 X141.257 Y149.061 E268.99437
G1 X141.356 Y148.787 E269.00793
G1 X141.483 Y148.518 E269.02179
G1 X141.64 Y148.255 E269.03605
G1 X141.823 Y148.01 E269.05029
G1 X142.018 Y147.793 E269.06387
G1 X142.235 Y147.598 E269.07746
G1 X142.48 Y147.415 E269.0917
G1 X142.743 Y147.258 E269.10596
G1 X143.012 Y147.131 E269.11981
G1 X143.286 Y147.032 E269.13338
G1 X143.574 Y146.961 E269.14719
G1 X143.871 Y146.917 E269.16117
G1 X144.175 Y146.902 E269.17534
G1 X144.479 Y146.917 E269.18952
G1 X144.776 Y146.961 E269.2035
G1 X145.064 Y147.032 E269.21731
G1 X145.338 Y147.131 E269.23087
G1 X145.607 Y147.258 E269.24473
G1 X145.87 Y147.415 E269.25899
G1 X146.115 Y147.598 E269.27323
G1 X146.332 Y147.793 E269.28681
G1 X146.527 Y148.01 E269.3004
G1 X146.71 Y148.255 E269.31464
G1 X146.867 Y148.518 E269.3289
G1 X146.994 Y148.787 E269.34275
G1 X147.093 Y149.061 E269.35632
G1 X147.164 Y149.349 E269.37013
G1 X147.208 Y149.646 E269.38411
G1 X147.223 Y149.95 E269.39828
G1 X147.208 Y150.254 E269.41245
G1 X147.164 Y150.551 E269.42643
G1 X147.093 Y150.839 E269.44025
G1 X146.994 Y151.113 E269.45381
G1 X146.867 Y151.383 E269.46771
G1 X146.713 Y151.641 E269.4817
G1 X146.527 Y151.89 E269.49617
G1 X146.332 Y152.107 E269.50975
G1 X146.115 Y152.302 E269.52334
G1 X145.87 Y152.485 E269.53758
G1 X145.607 Y152.642 E269.55184
G1 X145.338 Y152.769 E269.56569
G1 X145.064 Y152.868 E269.57926
G1 X144.776 Y152.939 E269.59307
G1 X144.479 Y152.983 E269.60705
G1 X144.175 Y152.998 E269.62122
G0 F9000 X144.175 Y153.399
;TYPE:WALL-OUTER
G1 F659.6 X143.835 Y153.382 E269.63707
G1 X143.502 Y153.333 E269.65275
G1 X143.172 Y153.251 E269.66858
G1 X142.855 Y153.137 E269.68427
G1 X142.553 Y152.995 E269.69981
G1 X142.256 Y152.817 E269.71593
G1 X141.982 Y152.613 E269.73184
G1 X141.735 Y152.39 E269.74733
G1 X141.512 Y152.143 E269.76283
G1 X141.308 Y151.869 E269.77873
G1 X141.128 Y151.568 E269.79506
G1 X140.988 Y151.27 E269.8104
G1 X140.874 Y150.953 E269.82608
G1 X140.792 Y150.623 E269.84191
G1 X140.743 Y150.29 E269.85759
G1 X140.726 Y149.95 E269.87344
G1 X140.743 Y149.61 E269.88929
G1 X140.792 Y149.277 E269.90496
G1 X140.874 Y148.947 E269.9208
G1 X140.988 Y148.63 E269.93648
G1 X141.13 Y148.328 E269.95202
G1 X141.308 Y148.031 E269.96815
G1 X141.512 Y147.757 E269.98405
G1 X141.735 Y147.51 E269.99955
G1 X141.982 Y147.287 E270.01504
G1 X142.256 Y147.083 E270.03095
G1 X142.553 Y146.905 E270.04707
G1 X142.855 Y146.763 E270.06261
G1 X143.172 Y146.649 E270.0783
G1 X143.502 Y146.567 E270.09413
G1 X143.835 Y146.518 E270.1098
G1 X144.175 Y146.501 E270.12566
G1 X144.515 Y146.518 E270.14151
G1 X144.848 Y146.567 E270.15718
G1 X145.178 Y146.649 E270.17301
G1 X145.495 Y146.763 E270.1887
G1 X145.797 Y146.905 E270.20424
G1 X146.094 Y147.083 E270.22036
G1 X146.368 Y147.287 E270.23627
G1 X146.615 Y147.51 E270.25176
G1 X146.838 Y147.757 E270.26726
G1 X147.042 Y148.031 E270.28317
G1 X147.22 Y148.328 E270.29929
G1 X147.362 Y148.63 E270.31483
G1 X147.476 Y148.947 E270.33052
G1 X147.558 Y149.277 E270.34635
G1 X147.607 Y149.61 E270.36202
G1 X147.624 Y149.95 E270.37787
G1 X147.607 Y150.29 E270.39372
G1 X147.558 Y150.623 E270.4094
G1 X147.476 Y150.953 E270.42523
G1 X147.362 Y151.27 E270.44092
G1 X147.222 Y151.568 E270.45625
G1 X147.042 Y151.869 E270.47258
G1 X146.838 Y152.143 E270.48849
G1 X146.615 Y152.39 E270.50398
G1 X146.368 Y152.613 E270.51948
G1 X146.094 Y152.817 E270.53538
G1 X145.797 Y152.995 E270.55151
G1 X145.495 Y153.137 E270.56705
G1 X145.178 Y153.251 E270.58273
G1 X144.848 Y153.333 E270.59856
G1 X144.515 Y153.382 E270.61424
G1 X144.175 Y153.399 E270.63009
G0 F9000 X144.175 Y152.959
G0 X144.527 Y152.894
;TYPE:FILL
G1 F1319.3 X145.952 Y147.575 E270.8865
G0 F9000 X145.084 Y147.123
G1 F1319.3 X147.001 Y149.04 E271.01274
G0 F9000 X147.047 Y149.211
G1 F1319.3 X141.316 Y150.747 E271.28901
G0 F9000 X141.752 Y151.661
G1 F1319.3 X142.932 Y147.255 E271.50141
G0 F9000 X141.837 Y148.119
G1 F1319.3 X146.003 Y152.285 E271.77574
G0 F9000 X145.933 Y152.189
G1 F2700 E266.77574
;MESH:NONMESH
G0 F300 X145.933 Y152.189 Z10.92
G0 F9000 X146.854 Y151.755
G0 X147.785 Y152.312
G0 X152.216 Y152.313
G0 X153.146 Y151.755
G0 X155.825 Y152.998
;TIME_ELAPSED:510.814069
;LAYER:38
;TYPE:WALL-INNER
;MESH:Shiny Hillar (2).stl
G1 F2700 E271.77574
G1 F670.9 X155.521 Y152.983 E271.78992
G1 X155.224 Y152.939 E271.8039
G1 X154.936 Y152.868 E271.81771
G1 X154.662 Y152.769 E271.83128
G1 X154.393 Y152.642 E271.84513
G1 X154.13 Y152.485 E271.85939
G1 X153.885 Y152.302 E271.87363
G1 X153.668 Y152.107 E271.88721
G1 X153.473 Y151.89 E271.9008
G1 X153.287 Y151.641 E271.91527
G1 X153.133 Y151.383 E271.92926
G1 X153.006 Y151.113 E271.94316
G1 X152.907 Y150.839 E271.95672
G1 X152.836 Y150.551 E271.97053
G1 X152.792 Y150.254 E271.98451
G1 X152.777 Y149.95 E271.99869
G1 X152.792 Y149.646 E272.01286
G1 X152.836 Y149.349 E272.02684
G1 X152.907 Y149.061 E272.04065
G1 X153.006 Y148.787 E272.05422
G1 X153.133 Y148.518 E272.06807
G1 X153.29 Y148.255 E272.08233
G1 X153.473 Y148.01 E272.09657
G1 X153.668 Y147.793 E272.11016
G1 X153.885 Y147.598 E272.12374
G1 X154.13 Y147.415 E272.13798
G1 X154.393 Y147.258 E272.15224
G1 X154.662 Y147.131 E272.16609
G1 X154.936 Y147.032 E272.17966
G1 X155.224 Y146.961 E272.19347
G1 X155.521 Y146.917 E272.20745
G1 X155.825 Y146.902 E272.22162
G1 X156.129 Y146.917 E272.2358
G1 X156.426 Y146.961 E272.24978
G1 X156.714 Y147.032 E272.26359
G1 X156.988 Y147.131 E272.27716
G1 X157.257 Y147.258 E272.29101
G1 X157.52 Y147.415 E272.30527
G1 X157.765 Y147.598 E272.31951
G1 X157.982 Y147.793 E272.33309
G1 X158.177 Y148.01 E272.34668
G1 X158.36 Y148.255 E272.36092
G1 X158.517 Y148.518 E272.37518
G1 X158.644 Y148.787 E272.38903
G1 X158.743 Y149.061 E272.4026
G1 X158.814 Y149.349 E272.41641
G1 X158.858 Y149.646 E272.43039
G1 X158.873 Y149.95 E272.44456
G1 X158.858 Y150.254 E272.45874
G1 X158.814 Y150.551 E272.47272
G1 X158.743 Y150.839 E272.48653
G1 X158.644 Y151.113 E272.50009
G1 X158.517 Y151.383 E272.51399
G1 X158.363 Y151.641 E272.52798
G1 X158.177 Y151.89 E272.54245
G1 X157.982 Y152.107 E272.55604
G1 X157.765 Y152.302 E272.56962
G1 X157.52 Y152.485 E272.58386
G1 X157.257 Y152.642 E272.59812
G1 X156.988 Y152.769 E272.61197
G1 X156.714 Y152.868 E272.62554
G1 X156.426 Y152.939 E272.63935
G1 X156.129 Y152.983 E272.65333
G1 X155.825 Y152.998 E272.66751
G0 F9000 X155.825 Y153.399
;TYPE:WALL-OUTER
G1 F670.9 X155.485 Y153.382 E272.68336
G1 X155.152 Y153.333 E272.69903
G1 X154.822 Y153.251 E272.71486
G1 X154.505 Y153.137 E272.73055
G1 X154.203 Y152.995 E272.74609
G1 X153.906 Y152.817 E272.76221
G1 X153.632 Y152.613 E272.77812
G1 X153.385 Y152.39 E272.79361
G1 X153.162 Y152.143 E272.80911
G1 X152.958 Y151.869 E272.82502
G1 X152.778 Y151.568 E272.84135
G1 X152.638 Y151.27 E272.85668
G1 X152.524 Y150.953 E272.87236
G1 X152.442 Y150.623 E272.8882
G1 X152.393 Y150.29 E272.90387
G1 X152.376 Y149.95 E272.91972
G1 X152.393 Y149.61 E272.93557
G1 X152.442 Y149.277 E272.95125
G1 X152.524 Y148.947 E272.96708
G1 X152.638 Y148.63 E272.98277
G1 X152.78 Y148.328 E272.99831
G1 X152.958 Y148.031 E273.01443
G1 X153.162 Y147.757 E273.03033
G1 X153.385 Y147.51 E273.04583
G1 X153.632 Y147.287 E273.06133
G1 X153.906 Y147.083 E273.07723
G1 X154.203 Y146.905 E273.09336
G1 X154.505 Y146.763 E273.10889
G1 X154.822 Y146.649 E273.12458
G1 X155.152 Y146.567 E273.14041
G1 X155.485 Y146.518 E273.15609
G1 X155.825 Y146.501 E273.17194
G1 X156.165 Y146.518 E273.18779
G1 X156.498 Y146.567 E273.20346
G1 X156.828 Y146.649 E273.2193
G1 X157.145 Y146.763 E273.23498
G1 X157.447 Y146.905 E273.25052
G1 X157.744 Y147.083 E273.26665
G1 X158.018 Y147.287 E273.28255
G1 X158.265 Y147.51 E273.29805
G1 X158.488 Y147.757 E273.31354
G1 X158.692 Y148.031 E273.32945
G1 X158.87 Y148.328 E273.34557
G1 X159.012 Y148.63 E273.36111
G1 X159.126 Y148.947 E273.3768
G1 X159.208 Y149.277 E273.39263
G1 X159.257 Y149.61 E273.4083
G1 X159.274 Y149.95 E273.42416
G1 X159.257 Y150.29 E273.44001
G1 X159.208 Y150.623 E273.45568
G1 X159.126 Y150.953 E273.47151
G1 X159.012 Y151.27 E273.4872
G1 X158.872 Y151.568 E273.50253
G1 X158.692 Y151.869 E273.51886
G1 X158.488 Y152.143 E273.53477
G1 X158.265 Y152.39 E273.55026
G1 X158.018 Y152.613 E273.56576
G1 X157.744 Y152.817 E273.58167
G1 X157.447 Y152.995 E273.59779
G1 X157.145 Y153.137 E273.61333
G1 X156.828 Y153.251 E273.62901
G1 X156.498 Y153.333 E273.64485
G1 X156.165 Y153.382 E273.66052
G1 X155.825 Y153.399 E273.67637
G0 F9000 X155.825 Y152.959
G0 X155.361 Y152.877
;TYPE:FILL
G1 F1341.8 X152.895 Y150.412 E273.83873
G0 F9000 X153.02 Y150.921
G1 F1341.8 X158.737 Y149.389 E274.11433
G0 F9000 X158.058 Y147.997
G1 F1341.8 X156.782 Y152.758 E274.34385
G0 F9000 X158.306 Y151.58
G1 F1341.8 X154.195 Y147.469 E274.61456
G0 F9000 X154.117 Y147.522
G1 F1341.8 X156.085 Y146.994 E274.70944
G0 F9000 X155.207 Y147.046
G1 F1341.8 X153.838 Y152.152 E274.95559
G0 F9000 X153.918 Y152.063
G1 F2700 E269.95559
G0 F9000 X153.146 Y151.755
G0 X152.216 Y152.313
G0 X147.785 Y152.312
G0 X146.854 Y151.755
G0 X144.175 Y152.998
;TYPE:WALL-INNER
G1 F2700 E274.95559
G1 F670.9 X143.871 Y152.983 E274.96977
G1 X143.574 Y152.939 E274.98375
G1 X143.286 Y152.868 E274.99756
G1 X143.012 Y152.769 E275.01113
G1 X142.743 Y152.642 E275.02498
G1 X142.48 Y152.485 E275.03924
G1 X142.235 Y152.302 E275.05348
G1 X142.018 Y152.107 E275.06706
G1 X141.823 Y151.89 E275.08065
G1 X141.637 Y151.641 E275.09512
G1 X141.483 Y151.383 E275.10911
G1 X141.356 Y151.113 E275.12301
G1 X141.257 Y150.839 E275.13657
G1 X141.186 Y150.551 E275.15038
G1 X141.142 Y150.254 E275.16436
G1 X141.127 Y149.95 E275.17854
G1 X141.142 Y149.646 E275.19271
G1 X141.186 Y149.349 E275.20669
G1 X141.257 Y149.061 E275.2205
G1 X141.356 Y148.787 E275.23407
G1 X141.483 Y148.518 E275.24792
G1 X141.64 Y148.255 E275.26218
G1 X141.823 Y148.01 E275.27642
G1 X142.018 Y147.793 E275.29001
G1 X142.235 Y147.598 E275.30359
G1 X142.48 Y147.415 E275.31783
G1 X142.743 Y147.258 E275.33209
G1 X143.012 Y147.131 E275.34594
G1 X143.286 Y147.032 E275.35951
G1 X143.574 Y146.961 E275.37332
G1 X143.871 Y146.917 E275.3873
G1 X144.175 Y146.902 E275.40148
G1 X144.479 Y146.917 E275.41565
G1 X144.776 Y146.961 E275.42963
G1 X145.064 Y147.032 E275.44344
G1 X145.338 Y147.131 E275.45701
G1 X145.607 Y147.258 E275.47086
G1 X145.87 Y147.415 E275.48512
G1 X146.115 Y147.598 E275.49936
G1 X146.332 Y147.793 E275.51294
G1 X146.527 Y148.01 E275.52653
G1 X146.71 Y148.255 E275.54077
G1 X146.867 Y148.518 E275.55503
G1 X146.994 Y148.787 E275.56888
G1 X147.093 Y149.061 E275.58245
G1 X147.164 Y149.349 E275.59626
G1 X147.208 Y149.646 E275.61024
G1 X147.223 Y149.95 E275.62441
G1 X147.208 Y150.254 E275.63859
G1 X147.164 Y150.551 E275.65257
G1 X147.093 Y150.839 E275.66638
G1 X146.994 Y151.113 E275.67994
G1 X146.867 Y151.383 E275.69384
G1 X146.713 Y151.641 E275.70783
G1 X146.527 Y151.89 E275.7223
G1 X146.332 Y152.107 E275.73589
G1 X146.115 Y152.302 E275.74947
G1 X145.87 Y152.485 E275.76371
G1 X145.607 Y152.642 E275.77797
G1 X145.338 Y152.769 E275.79182
G1 X145.064 Y152.868 E275.80539
G1 X144.776 Y152.939 E275.8192
G1 X144.479 Y152.983 E275.83318
G1 X144.175 Y152.998 E275.84736
G0 F9000 X144.175 Y153.399
;TYPE:WALL-OUTER
G1 F670.9 X143.835 Y153.382 E275.86321
G1 X143.502 Y153.333 E275.87888
G1 X143.172 Y153.251 E275.89471
G1 X142.855 Y153.137 E275.9104
G1 X142.553 Y152.995 E275.92594
G1 X142.256 Y152.817 E275.94206
G1 X141.982 Y152.613 E275.95797
G1 X141.735 Y152.39 E275.97346
G1 X141.512 Y152.143 E275.98896
G1 X141.308 Y151.869 E276.00487
G1 X141.128 Y151.568 E276.0212
G1 X140.988 Y151.27 E276.03653
G1 X140.874 Y150.953 E276.05221
G1 X140.792 Y150.623 E276.06805
G1 X140.743 Y150.29 E276.08372
G1 X140.726 Y149.95 E276.09957
G1 X140.743 Y149.61 E276.11542
G1 X140.792 Y149.277 E276.1311
G1 X140.874 Y148.947 E276.14693
G1 X140.988 Y148.63 E276.16262
G1 X141.13 Y148.328 E276.17816
G1 X141.308 Y148.031 E276.19428
G1 X141.512 Y147.757 E276.21019
G1 X141.735 Y147.51 E276.22568
G1 X141.982 Y147.287 E276.24118
G1 X142.256 Y147.083 E276.25708
G1 X142.553 Y146.905 E276.27321
G1 X142.855 Y146.763 E276.28874
G1 X143.172 Y146.649 E276.30443
G1 X143.502 Y146.567 E276.32026
G1 X143.835 Y146.518 E276.33594
G1 X144.175 Y146.501 E276.35179
G1 X144.515 Y146.518 E276.36764
G1 X144.848 Y146.567 E276.38331
G1 X145.178 Y146.649 E276.39915
G1 X145.495 Y146.763 E276.41483
G1 X145.797 Y146.905 E276.43037
G1 X146.094 Y147.083 E276.4465
G1 X146.368 Y147.287 E276.4624
G1 X146.615 Y147.51 E276.4779
G1 X146.838 Y147.757 E276.49339
G1 X147.042 Y148.031 E276.5093
G1 X147.22 Y148.328 E276.52542
G1 X147.362 Y148.63 E276.54096
G1 X147.476 Y148.947 E276.55665
G1 X147.558 Y149.277 E276.57248
G1 X147.607 Y149.61 E276.58815
G1 X147.624 Y149.95 E276.60401
G1 X147.607 Y150.29 E276.61986
G1 X147.558 Y150.623 E276.63553
G1 X147.476 Y150.953 E276.65136
G1 X147.362 Y151.27 E276.66705
G1 X147.222 Y151.568 E276.68238
G1 X147.042 Y151.869 E276.69871
G1 X146.838 Y152.143 E276.71462
G1 X146.615 Y152.39 E276.73011
G1 X146.368 Y152.613 E276.74561
G1 X146.094 Y152.817 E276.76152
G1 X145.797 Y152.995 E276.77764
G1 X145.495 Y153.137 E276.79318
G1 X145.178 Y153.251 E276.80886
G1 X144.848 Y153.333 E276.8247
G1 X144.515 Y153.382 E276.84037
G1 X144.175 Y153.399 E276.85622
G0 F9000 X144.175 Y152.959
G0 X144.318 Y152.909
;TYPE:FILL
G1 F1341.8 X145.78 Y147.454 E277.11919
G0 F9000 X145.567 Y147.326
G1 F1341.8 X146.798 Y148.557 E277.20026
G0 F9000 X147.089 Y149.405
G1 F1341.8 X141.375 Y150.936 E277.47571
G0 F9000 X141.607 Y151.435
G1 F1341.8 X142.694 Y147.377 E277.67133
G0 F9000 X142.435 Y147.546
G1 F1341.8 X144.482 Y146.998 E277.77
G0 F9000 X141.965 Y147.967
G1 F1341.8 X146.155 Y152.157 E278.04592
G0 F9000 X146.077 Y152.068
G1 F2700 E273.04592
;MESH:NONMESH
G0 F300 X146.077 Y152.068 Z11.2
G0 F9000 X146.854 Y151.755
G0 X147.785 Y152.312
G0 X152.216 Y152.313
G0 X153.146 Y151.755
G0 X155.825 Y152.998
;TIME_ELAPSED:523.413839
;LAYER:39
;TYPE:WALL-INNER
;MESH:Shiny Hillar (2).stl
G1 F2700 E278.04592
G1 F674.9 X155.521 Y152.983 E278.06009
G1 X155.224 Y152.939 E278.07408
G1 X154.936 Y152.868 E278.08789
G1 X154.662 Y152.769 E278.10145
G1 X154.393 Y152.642 E278.1153
G1 X154.13 Y152.485 E278.12957
G1 X153.885 Y152.302 E278.14381
G1 X153.668 Y152.107 E278.15739
G1 X153.473 Y151.89 E278.17098
G1 X153.287 Y151.641 E278.18545
G1 X153.133 Y151.383 E278.19944
G1 X153.006 Y151.113 E278.21333
G1 X152.907 Y150.839 E278.2269
G1 X152.836 Y150.551 E278.24071
G1 X152.792 Y150.254 E278.25469
G1 X152.777 Y149.95 E278.26886
G1 X152.792 Y149.646 E278.28304
G1 X152.836 Y149.349 E278.29702
G1 X152.907 Y149.061 E278.31083
G1 X153.006 Y148.787 E278.32439
G1 X153.133 Y148.518 E278.33825
G1 X153.29 Y148.255 E278.35251
G1 X153.473 Y148.01 E278.36675
G1 X153.668 Y147.793 E278.38033
G1 X153.885 Y147.598 E278.39392
G1 X154.13 Y147.415 E278.40816
G1 X154.393 Y147.258 E278.42242
G1 X154.662 Y147.131 E278.43627
G1 X154.936 Y147.032 E278.44984
G1 X155.224 Y146.961 E278.46365
G1 X155.521 Y146.917 E278.47763
G1 X155.825 Y146.902 E278.4918
G1 X156.129 Y146.917 E278.50598
G1 X156.426 Y146.961 E278.51996
G1 X156.714 Y147.032 E278.53377
G1 X156.988 Y147.131 E278.54733
G1 X157.257 Y147.258 E278.56118
G1 X157.52 Y147.415 E278.57545
G1 X157.765 Y147.598 E278.58969
G1 X157.982 Y147.793 E278.60327
G1 X158.177 Y148.01 E278.61686
G1 X158.36 Y148.255 E278.6311
G1 X158.517 Y148.518 E278.64536
G1 X158.644 Y148.787 E278.65921
G1 X158.743 Y149.061 E278.67278
G1 X158.814 Y149.349 E278.68659
G1 X158.858 Y149.646 E278.70057
G1 X158.873 Y149.95 E278.71474
G1 X158.858 Y150.254 E278.72891
G1 X158.814 Y150.551 E278.74289
G1 X158.743 Y150.839 E278.75671
G1 X158.644 Y151.113 E278.77027
G1 X158.517 Y151.383 E278.78417
G1 X158.363 Y151.641 E278.79816
G1 X158.177 Y151.89 E278.81263
G1 X157.982 Y152.107 E278.82621
G1 X157.765 Y152.302 E278.8398
G1 X157.52 Y152.485 E278.85404
G1 X157.257 Y152.642 E278.8683
G1 X156.988 Y152.769 E278.88215
G1 X156.714 Y152.868 E278.89572
G1 X156.426 Y152.939 E278.90953
G1 X156.129 Y152.983 E278.92351
G1 X155.825 Y152.998 E278.93768
G0 F9000 X155.825 Y153.399
;TYPE:WALL-OUTER
G1 F674.9 X155.485 Y153.382 E278.95353
G1 X155.152 Y153.333 E278.96921
G1 X154.822 Y153.251 E278.98504
G1 X154.505 Y153.137 E279.00073
G1 X154.203 Y152.995 E279.01627
G1 X153.906 Y152.817 E279.03239
G1 X153.632 Y152.613 E279.0483
G1 X153.385 Y152.39 E279.06379
G1 X153.162 Y152.143 E279.07929
G1 X152.958 Y151.869 E279.09519
G1 X152.778 Y151.568 E279.11152
G1 X152.638 Y151.27 E279.12685
G1 X152.524 Y150.953 E279.14254
G1 X152.442 Y150.623 E279.15837
G1 X152.393 Y150.29 E279.17405
G1 X152.376 Y149.95 E279.1899
G1 X152.393 Y149.61 E279.20575
G1 X152.442 Y149.277 E279.22142
G1 X152.524 Y148.947 E279.23726
G1 X152.638 Y148.63 E279.25294
G1 X152.78 Y148.328 E279.26848
G1 X152.958 Y148.031 E279.28461
G1 X153.162 Y147.757 E279.30051
G1 X153.385 Y147.51 E279.31601
G1 X153.632 Y147.287 E279.3315
G1 X153.906 Y147.083 E279.34741
G1 X154.203 Y146.905 E279.36353
G1 X154.505 Y146.763 E279.37907
G1 X154.822 Y146.649 E279.39476
G1 X155.152 Y146.567 E279.41059
G1 X155.485 Y146.518 E279.42626
G1 X155.825 Y146.501 E279.44212
G1 X156.165 Y146.518 E279.45797
G1 X156.498 Y146.567 E279.47364
G1 X156.828 Y146.649 E279.48947
G1 X157.145 Y146.763 E279.50516
G1 X157.447 Y146.905 E279.5207
G1 X157.744 Y147.083 E279.53682
G1 X158.018 Y147.287 E279.55273
G1 X158.265 Y147.51 E279.56822
G1 X158.488 Y147.757 E279.58372
G1 X158.692 Y148.031 E279.59963
G1 X158.87 Y148.328 E279.61575
G1 X159.012 Y148.63 E279.63129
G1 X159.126 Y148.947 E279.64697
G1 X159.208 Y149.277 E279.66281
G1 X159.257 Y149.61 E279.67848
G1 X159.274 Y149.95 E279.69433
G1 X159.257 Y150.29 E279.71018
G1 X159.208 Y150.623 E279.72586
G1 X159.126 Y150.953 E279.74169
G1 X159.012 Y151.27 E279.75738
G1 X158.872 Y151.568 E279.77271
G1 X158.692 Y151.869 E279.78904
G1 X158.488 Y152.143 E279.80495
G1 X158.265 Y152.39 E279.82044
G1 X158.018 Y152.613 E279.83594
G1 X157.744 Y152.817 E279.85184
G1 X157.447 Y152.995 E279.86797
G1 X157.145 Y153.137 E279.8835
G1 X156.828 Y153.251 E279.89919
G1 X156.498 Y153.333 E279.91502
G1 X156.165 Y153.382 E279.9307
G1 X155.825 Y153.399 E279.94655
G0 F9000 X155.825 Y152.959
G0 X155.672 Y152.909
;TYPE:FILL
G1 F1349.8 X152.864 Y150.101 E280.13146
G0 F9000 X153.091 Y151.107
G1 F1349.8 X158.766 Y149.587 E280.40503
G0 F9000 X158.411 Y151.404
G1 F1349.8 X154.369 Y147.363 E280.67117
G0 F9000 X154.987 Y147.1
G1 F1349.8 X153.675 Y151.996 E280.90719
G0 F9000 X156.559 Y152.824
G1 F1349.8 X157.899 Y147.825 E281.14818
G0 F9000 X156.555 Y147.074
G1 F1349.8 X153.748 Y147.826 E281.2835
G0 F9000 X153.828 Y147.917
G1 F2700 E276.2835
G0 F9000 X152.612 Y149.629
G0 X151.527 Y149.575
G0 X148.305 Y151.203
G0 X147.159 Y151.186
G0 X144.175 Y152.998
;TYPE:WALL-INNER
G1 F2700 E281.2835
G1 F674.9 X143.871 Y152.983 E281.29767
G1 X143.574 Y152.939 E281.31165
G1 X143.286 Y152.868 E281.32546
G1 X143.012 Y152.769 E281.33903
G1 X142.743 Y152.642 E281.35288
G1 X142.48 Y152.485 E281.36714
G1 X142.235 Y152.302 E281.38138
G1 X142.018 Y152.107 E281.39496
G1 X141.823 Y151.89 E281.40855
G1 X141.637 Y151.641 E281.42302
G1 X141.483 Y151.383 E281.43701
G1 X141.356 Y151.113 E281.45091
G1 X141.257 Y150.839 E281.46447
G1 X141.186 Y150.551 E281.47828
G1 X141.142 Y150.254 E281.49226
G1 X141.127 Y149.95 E281.50644
G1 X141.142 Y149.646 E281.52061
G1 X141.186 Y149.349 E281.53459
G1 X141.257 Y149.061 E281.5484
G1 X141.356 Y148.787 E281.56197
G1 X141.483 Y148.518 E281.57582
G1 X141.64 Y148.255 E281.59008
G1 X141.823 Y148.01 E281.60432
G1 X142.018 Y147.793 E281.61791
G1 X142.235 Y147.598 E281.63149
G1 X142.48 Y147.415 E281.64573
G1 X142.743 Y147.258 E281.65999
G1 X143.012 Y147.131 E281.67384
G1 X143.286 Y147.032 E281.68741
G1 X143.574 Y146.961 E281.70122
G1 X143.871 Y146.917 E281.7152
G1 X144.175 Y146.902 E281.72938
G1 X144.479 Y146.917 E281.74355
G1 X144.776 Y146.961 E281.75753
G1 X145.064 Y147.032 E281.77134
G1 X145.338 Y147.131 E281.78491
G1 X145.607 Y147.258 E281.79876
G1 X145.87 Y147.415 E281.81302
G1 X146.115 Y147.598 E281.82726
G1 X146.332 Y147.793 E281.84085
G1 X146.527 Y148.01 E281.85443
G1 X146.71 Y148.255 E281.86867
G1 X146.867 Y148.518 E281.88293
G1 X146.994 Y148.787 E281.89678
G1 X147.093 Y149.061 E281.91035
G1 X147.164 Y149.349 E281.92416
G1 X147.208 Y149.646 E281.93814
G1 X147.223 Y149.95 E281.95231
G1 X147.208 Y150.254 E281.96649
G1 X147.164 Y150.551 E281.98047
G1 X147.093 Y150.839 E281.99428
G1 X146.994 Y151.113 E282.00785
G1 X146.867 Y151.383 E282.02174
G1 X146.713 Y151.641 E282.03573
G1 X146.527 Y151.89 E282.0502
G1 X146.332 Y152.107 E282.06379
G1 X146.115 Y152.302 E282.07737
G1 X145.87 Y152.485 E282.09161
G1 X145.607 Y152.642 E282.10587
G1 X145.338 Y152.769 E282.11973
G1 X145.064 Y152.868 E282.13329
G1 X144.776 Y152.939 E282.1471
G1 X144.479 Y152.983 E282.16108
G1 X144.175 Y152.998 E282.17526
G0 F9000 X144.175 Y153.399
;TYPE:WALL-OUTER
G1 F674.9 X143.835 Y153.382 E282.19111
G1 X143.502 Y153.333 E282.20678
G1 X143.172 Y153.251 E282.22261
G1 X142.855 Y153.137 E282.2383
G1 X142.553 Y152.995 E282.25384
G1 X142.256 Y152.817 E282.26996
G1 X141.982 Y152.613 E282.28587
G1 X141.735 Y152.39 E282.30136
G1 X141.512 Y152.143 E282.31686
G1 X141.308 Y151.869 E282.33277
G1 X141.128 Y151.568 E282.3491
G1 X140.988 Y151.27 E282.36443
G1 X140.874 Y150.953 E282.38011
G1 X140.792 Y150.623 E282.39595
G1 X140.743 Y150.29 E282.41162
G1 X140.726 Y149.95 E282.42747
G1 X140.743 Y149.61 E282.44332
G1 X140.792 Y149.277 E282.459
G1 X140.874 Y148.947 E282.47483
G1 X140.988 Y148.63 E282.49052
G1 X141.13 Y148.328 E282.50606
G1 X141.308 Y148.031 E282.52218
G1 X141.512 Y147.757 E282.53809
G1 X141.735 Y147.51 E282.55358
G1 X141.982 Y147.287 E282.56908
G1 X142.256 Y147.083 E282.58498
G1 X142.553 Y146.905 E282.60111
G1 X142.855 Y146.763 E282.61665
G1 X143.172 Y146.649 E282.63233
G1 X143.502 Y146.567 E282.64817
G1 X143.835 Y146.518 E282.66384
G1 X144.175 Y146.501 E282.67969
G1 X144.515 Y146.518 E282.69554
G1 X144.848 Y146.567 E282.71121
G1 X145.178 Y146.649 E282.72705
G1 X145.495 Y146.763 E282.74273
G1 X145.797 Y146.905 E282.75827
G1 X146.094 Y147.083 E282.7744
G1 X146.368 Y147.287 E282.7903
G1 X146.615 Y147.51 E282.8058
G1 X146.838 Y147.757 E282.82129
G1 X147.042 Y148.031 E282.8372
G1 X147.22 Y148.328 E282.85332
G1 X147.362 Y148.63 E282.86886
G1 X147.476 Y148.947 E282.88455
G1 X147.558 Y149.277 E282.90038
G1 X147.607 Y149.61 E282.91605
G1 X147.624 Y149.95 E282.93191
G1 X147.607 Y150.29 E282.94776
G1 X147.558 Y150.623 E282.96343
G1 X147.476 Y150.953 E282.97926
G1 X147.362 Y151.27 E282.99495
G1 X147.222 Y151.568 E283.01028
G1 X147.042 Y151.869 E283.02661
G1 X146.838 Y152.143 E283.04252
G1 X146.615 Y152.39 E283.05801
G1 X146.368 Y152.613 E283.07351
G1 X146.094 Y152.817 E283.08942
G1 X145.797 Y152.995 E283.10554
G1 X145.495 Y153.137 E283.12108
G1 X145.178 Y153.251 E283.13676
G1 X144.848 Y153.333 E283.1526
G1 X144.515 Y153.382 E283.16827
G1 X144.175 Y153.399 E283.18412
G0 F9000 X144.175 Y152.959
G0 X144.112 Y152.914
;TYPE:FILL
G1 F1349.8 X145.603 Y147.347 E283.45248
G0 F9000 X144.935 Y147.081
G1 F1349.8 X142.073 Y147.848 E283.59045
G0 F9000 X142.102 Y147.824
G1 F1349.8 X146.301 Y152.023 E283.86696
G0 F9000 X147.118 Y149.602
G1 F1349.8 X141.446 Y151.122 E284.14039
G0 F9000 X141.472 Y151.173
G1 F1349.8 X142.447 Y147.537 E284.31568
G0 F9000 X141.976 Y151.94
G1 F1349.8 X142.182 Y152.147 E284.32928
G0 F9000 X142.262 Y152.058
G1 F2700 E279.32928
;MESH:NONMESH
G0 F300 X142.262 Y152.058 Z11.48
G0 F9000 X146.854 Y151.755
G0 X147.785 Y152.312
G0 X152.216 Y152.313
G0 X153.146 Y151.755
G0 X155.825 Y152.998
;TIME_ELAPSED:536.242137
;LAYER:40
;TYPE:WALL-INNER
;MESH:Shiny Hillar (2).stl
G1 F2700 E284.32928
G1 F683.2 X155.521 Y152.983 E284.34345
G1 X155.224 Y152.939 E284.35743
G1 X154.936 Y152.868 E284.37125
G1 X154.662 Y152.769 E284.38481
G1 X154.393 Y152.642 E284.39866
G1 X154.13 Y152.485 E284.41293
G1 X153.885 Y152.302 E284.42717
G1 X153.668 Y152.107 E284.44075
G1 X153.473 Y151.89 E284.45434
G1 X153.287 Y151.641 E284.46881
G1 X153.133 Y151.383 E284.4828
G1 X153.006 Y151.113 E284.49669
G1 X152.907 Y150.839 E284.51026
G1 X152.836 Y150.551 E284.52407
G1 X152.792 Y150.254 E284.53805
G1 X152.777 Y149.95 E284.55222
G1 X152.792 Y149.646 E284.5664
G1 X152.836 Y149.349 E284.58038
G1 X152.907 Y149.061 E284.59419
G1 X153.006 Y148.787 E284.60775
G1 X153.133 Y148.518 E284.62161
G1 X153.29 Y148.255 E284.63587
G1 X153.473 Y148.01 E284.65011
G1 X153.668 Y147.793 E284.66369
G1 X153.885 Y147.598 E284.67728
G1 X154.13 Y147.415 E284.69152
G1 X154.393 Y147.258 E284.70578
G1 X154.662 Y147.131 E284.71963
G1 X154.936 Y147.032 E284.7332
G1 X155.224 Y146.961 E284.74701
G1 X155.521 Y146.917 E284.76099
G1 X155.825 Y146.902 E284.77516
G1 X156.129 Y146.917 E284.78933
G1 X156.426 Y146.961 E284.80331
G1 X156.714 Y147.032 E284.81713
G1 X156.988 Y147.131 E284.83069
G1 X157.257 Y147.258 E284.84454
G1 X157.52 Y147.415 E284.85881
G1 X157.765 Y147.598 E284.87305
G1 X157.982 Y147.793 E284.88663
G1 X158.177 Y148.01 E284.90022
G1 X158.36 Y148.255 E284.91446
G1 X158.517 Y148.518 E284.92872
G1 X158.644 Y148.787 E284.94257
G1 X158.743 Y149.061 E284.95614
G1 X158.814 Y149.349 E284.96995
G1 X158.858 Y149.646 E284.98393
G1 X158.873 Y149.95 E284.9981
G1 X158.858 Y150.254 E285.01227
G1 X158.814 Y150.551 E285.02625
G1 X158.743 Y150.839 E285.04007
G1 X158.644 Y151.113 E285.05363
G1 X158.517 Y151.383 E285.06753
G1 X158.363 Y151.641 E285.08152
G1 X158.177 Y151.89 E285.09599
G1 X157.982 Y152.107 E285.10957
G1 X157.765 Y152.302 E285.12316
G1 X157.52 Y152.485 E285.1374
G1 X157.257 Y152.642 E285.15166
G1 X156.988 Y152.769 E285.16551
G1 X156.714 Y152.868 E285.17908
G1 X156.426 Y152.939 E285.19289
G1 X156.129 Y152.983 E285.20687
G1 X155.825 Y152.998 E285.22104
G0 F9000 X155.825 Y153.399
;TYPE:WALL-OUTER
G1 F683.2 X155.485 Y153.382 E285.23689
G1 X155.152 Y153.333 E285.25257
G1 X154.822 Y153.251 E285.2684
G1 X154.505 Y153.137 E285.28409
G1 X154.203 Y152.995 E285.29963
G1 X153.906 Y152.817 E285.31575
G1 X153.632 Y152.613 E285.33166
G1 X153.385 Y152.39 E285.34715
G1 X153.162 Y152.143 E285.36265
G1 X152.958 Y151.869 E285.37855
G1 X152.778 Y151.568 E285.39488
G1 X152.638 Y151.27 E285.41021
G1 X152.524 Y150.953 E285.4259
G1 X152.442 Y150.623 E285.44173
G1 X152.393 Y150.29 E285.45741
G1 X152.376 Y149.95 E285.47326
G1 X152.393 Y149.61 E285.48911
G1 X152.442 Y149.277 E285.50478
G1 X152.524 Y148.947 E285.52062
G1 X152.638 Y148.63 E285.5363
G1 X152.78 Y148.328 E285.55184
G1 X152.958 Y148.031 E285.56797
G1 X153.162 Y147.757 E285.58387
G1 X153.385 Y147.51 E285.59937
G1 X153.632 Y147.287 E285.61486
G1 X153.906 Y147.083 E285.63077
G1 X154.203 Y146.905 E285.64689
G1 X154.505 Y146.763 E285.66243
G1 X154.822 Y146.649 E285.67812
G1 X155.152 Y146.567 E285.69395
G1 X155.485 Y146.518 E285.70962
G1 X155.825 Y146.501 E285.72548
G1 X156.165 Y146.518 E285.74133
G1 X156.498 Y146.567 E285.757
G1 X156.828 Y146.649 E285.77283
G1 X157.145 Y146.763 E285.78852
G1 X157.447 Y146.905 E285.80406
G1 X157.744 Y147.083 E285.82018
G1 X158.018 Y147.287 E285.83609
G1 X158.265 Y147.51 E285.85158
G1 X158.488 Y147.757 E285.86708
G1 X158.692 Y148.031 E285.88299
G1 X158.87 Y148.328 E285.89911
G1 X159.012 Y148.63 E285.91465
G1 X159.126 Y148.947 E285.93033
G1 X159.208 Y149.277 E285.94617
G1 X159.257 Y149.61 E285.96184
G1 X159.274 Y149.95 E285.97769
G1 X159.257 Y150.29 E285.99354
G1 X159.208 Y150.623 E286.00922
G1 X159.126 Y150.953 E286.02505
G1 X159.012 Y151.27 E286.04074
G1 X158.872 Y151.568 E286.05607
G1 X158.692 Y151.869 E286.0724
G1 X158.488 Y152.143 E286.0883
G1 X158.265 Y152.39 E286.1038
G1 X158.018 Y152.613 E286.1193
G1 X157.744 Y152.817 E286.1352
G1 X157.447 Y152.995 E286.15133
G1 X157.145 Y153.137 E286.16686
G1 X156.828 Y153.251 E286.18255
G1 X156.498 Y153.333 E286.19838
G1 X156.165 Y153.382 E286.21406
G1 X155.825 Y153.399 E286.22991
G0 F9000 X155.825 Y152.959
G0 X155.953 Y152.91
;TYPE:FILL
G1 F1366.3 X152.863 Y149.819 E286.43342
G0 F9000 X153.176 Y151.29
G1 F1366.3 X158.783 Y149.787 E286.70373
G0 F9000 X158.505 Y151.219
G1 F1366.3 X154.555 Y147.269 E286.96384
G0 F9000 X154.761 Y147.178
G1 F1366.3 X153.518 Y151.818 E287.18752
G0 F9000 X156.342 Y152.87
G1 F1366.3 X157.733 Y147.677 E287.43785
G0 F9000 X156.904 Y147.185
G1 F1366.3 X153.506 Y148.095 E287.60165
G0 F9000 X153.604 Y148.168
G1 F2700 E282.60165
G0 F9000 X152.612 Y149.629
G0 X151.527 Y149.575
G0 X148.305 Y151.203
G0 X147.159 Y151.186
G0 X144.175 Y152.998
;TYPE:WALL-INNER
G1 F2700 E287.60165
G1 F683.2 X143.871 Y152.983 E287.61582
G1 X143.574 Y152.939 E287.6298
G1 X143.286 Y152.868 E287.64361
G1 X143.012 Y152.769 E287.65718
G1 X142.743 Y152.642 E287.67103
G1 X142.48 Y152.485 E287.68529
G1 X142.235 Y152.302 E287.69953
G1 X142.018 Y152.107 E287.71312
G1 X141.823 Y151.89 E287.7267
G1 X141.637 Y151.641 E287.74118
G1 X141.483 Y151.383 E287.75517
G1 X141.356 Y151.113 E287.76906
G1 X141.257 Y150.839 E287.78263
G1 X141.186 Y150.551 E287.79644
G1 X141.142 Y150.254 E287.81042
G1 X141.127 Y149.95 E287.82459
G1 X141.142 Y149.646 E287.83876
G1 X141.186 Y149.349 E287.85274
G1 X141.257 Y149.061 E287.86656
G1 X141.356 Y148.787 E287.88012
G1 X141.483 Y148.518 E287.89397
G1 X141.64 Y148.255 E287.90824
G1 X141.823 Y148.01 E287.92248
G1 X142.018 Y147.793 E287.93606
G1 X142.235 Y147.598 E287.94965
G1 X142.48 Y147.415 E287.96389
G1 X142.743 Y147.258 E287.97815
G1 X143.012 Y147.131 E287.992
G1 X143.286 Y147.032 E288.00556
G1 X143.574 Y146.961 E288.01938
G1 X143.871 Y146.917 E288.03336
G1 X144.175 Y146.902 E288.04753
G1 X144.479 Y146.917 E288.0617
G1 X144.776 Y146.961 E288.07568
G1 X145.064 Y147.032 E288.0895
G1 X145.338 Y147.131 E288.10306
G1 X145.607 Y147.258 E288.11691
G1 X145.87 Y147.415 E288.13118
G1 X146.115 Y147.598 E288.14541
G1 X146.332 Y147.793 E288.159
G1 X146.527 Y148.01 E288.17258
G1 X146.71 Y148.255 E288.18682
G1 X146.867 Y148.518 E288.20109
G1 X146.994 Y148.787 E288.21494
G1 X147.093 Y149.061 E288.2285
G1 X147.164 Y149.349 E288.24232
G1 X147.208 Y149.646 E288.2563
G1 X147.223 Y149.95 E288.27047
G1 X147.208 Y150.254 E288.28464
G1 X147.164 Y150.551 E288.29862
G1 X147.093 Y150.839 E288.31243
G1 X146.994 Y151.113 E288.326
G1 X146.867 Y151.383 E288.33989
G1 X146.713 Y151.641 E288.35388
G1 X146.527 Y151.89 E288.36836
G1 X146.332 Y152.107 E288.38194
G1 X146.115 Y152.302 E288.39553
G1 X145.87 Y152.485 E288.40977
G1 X145.607 Y152.642 E288.42403
G1 X145.338 Y152.769 E288.43788
G1 X145.064 Y152.868 E288.45145
G1 X144.776 Y152.939 E288.46526
G1 X144.479 Y152.983 E288.47924
G1 X144.175 Y152.998 E288.49341
G0 F9000 X144.175 Y153.399
;TYPE:WALL-OUTER
G1 F683.2 X143.835 Y153.382 E288.50926
G1 X143.502 Y153.333 E288.52494
G1 X143.172 Y153.251 E288.54077
G1 X142.855 Y153.137 E288.55645
G1 X142.553 Y152.995 E288.57199
G1 X142.256 Y152.817 E288.58812
G1 X141.982 Y152.613 E288.60402
G1 X141.735 Y152.39 E288.61952
G1 X141.512 Y152.143 E288.63501
G1 X141.308 Y151.869 E288.65092
G1 X141.128 Y151.568 E288.66725
G1 X140.988 Y151.27 E288.68258
G1 X140.874 Y150.953 E288.69827
G1 X140.792 Y150.623 E288.7141
G1 X140.743 Y150.29 E288.72978
G1 X140.726 Y149.95 E288.74563
G1 X140.743 Y149.61 E288.76148
G1 X140.792 Y149.277 E288.77715
G1 X140.874 Y148.947 E288.79298
G1 X140.988 Y148.63 E288.80867
G1 X141.13 Y148.328 E288.82421
G1 X141.308 Y148.031 E288.84033
G1 X141.512 Y147.757 E288.85624
G1 X141.735 Y147.51 E288.87174
G1 X141.982 Y147.287 E288.88723
G1 X142.256 Y147.083 E288.90314
G1 X142.553 Y146.905 E288.91926
G1 X142.855 Y146.763 E288.9348
G1 X143.172 Y146.649 E288.95049
G1 X143.502 Y146.567 E288.96632
G1 X143.835 Y146.518 E288.98199
G1 X144.175 Y146.501 E288.99784
G1 X144.515 Y146.518 E289.0137
G1 X144.848 Y146.567 E289.02937
G1 X145.178 Y146.649 E289.0452
G1 X145.495 Y146.763 E289.06089
G1 X145.797 Y146.905 E289.07643
G1 X146.094 Y147.083 E289.09255
G1 X146.368 Y147.287 E289.10846
G1 X146.615 Y147.51 E289.12395
G1 X146.838 Y147.757 E289.13945
G1 X147.042 Y148.031 E289.15535
G1 X147.22 Y148.328 E289.17148
G1 X147.362 Y148.63 E289.18702
G1 X147.476 Y148.947 E289.2027
G1 X147.558 Y149.277 E289.21854
G1 X147.607 Y149.61 E289.23421
G1 X147.624 Y149.95 E289.25006
G1 X147.607 Y150.29 E289.26591
G1 X147.558 Y150.623 E289.28159
G1 X147.476 Y150.953 E289.29742
G1 X147.362 Y151.27 E289.3131
G1 X147.222 Y151.568 E289.32844
G1 X147.042 Y151.869 E289.34477
G1 X146.838 Y152.143 E289.36067
G1 X146.615 Y152.39 E289.37617
G1 X146.368 Y152.613 E289.39166
G1 X146.094 Y152.817 E289.40757
G1 X145.797 Y152.995 E289.42369
G1 X145.495 Y153.137 E289.43923
G1 X145.178 Y153.251 E289.45492
G1 X144.848 Y153.333 E289.47075
G1 X144.515 Y153.382 E289.48643
G1 X144.175 Y153.399 E289.50228
G0 F9000 X144.175 Y152.959
G0 X143.909 Y152.904
;TYPE:FILL
G1 F1366.3 X145.422 Y147.259 E289.77441
G0 F9000 X145.279 Y147.194
G1 F1366.3 X141.843 Y148.115 E289.94005
G0 F9000 X142.185 Y147.747
G1 F1366.3 X141.35 Y150.864 E290.09031
G0 F9000 X141.458 Y151.142
G1 F1366.3 X142.979 Y152.663 E290.19047
G0 F9000 X141.533 Y151.304
G1 F1366.3 X147.134 Y149.803 E290.46048
G0 F9000 X146.433 Y151.875
G1 F1366.3 X142.249 Y147.691 E290.736
G0 F9000 X142.329 Y147.782
G1 F2700 E285.736
;MESH:NONMESH
G0 F300 X142.329 Y147.782 Z11.76
G0 F9000 X147.342 Y150.584
G0 X148.394 Y150.846
G0 X152.216 Y152.313
G0 X153.146 Y151.755
G0 X155.825 Y152.998
;TIME_ELAPSED:548.958019
;LAYER:41
;TYPE:WALL-INNER
;MESH:Shiny Hillar (2).stl
G1 F2700 E290.736
G1 F687.6 X155.521 Y152.983 E290.75018
G1 X155.224 Y152.939 E290.76416
G1 X154.936 Y152.868 E290.77797
G1 X154.662 Y152.769 E290.79153
G1 X154.393 Y152.642 E290.80539
G1 X154.13 Y152.485 E290.81965
G1 X153.885 Y152.302 E290.83389
G1 X153.668 Y152.107 E290.84747
G1 X153.473 Y151.89 E290.86106
G1 X153.287 Y151.641 E290.87553
G1 X153.133 Y151.383 E290.88952
G1 X153.006 Y151.113 E290.90341
G1 X152.907 Y150.839 E290.91698
G1 X152.836 Y150.551 E290.93079
G1 X152.792 Y150.254 E290.94477
G1 X152.777 Y149.95 E290.95895
G1 X152.792 Y149.646 E290.97312
G1 X152.836 Y149.349 E290.9871
G1 X152.907 Y149.061 E291.00091
G1 X153.006 Y148.787 E291.01448
G1 X153.133 Y148.518 E291.02833
G1 X153.29 Y148.255 E291.04259
G1 X153.473 Y148.01 E291.05683
G1 X153.668 Y147.793 E291.07041
G1 X153.885 Y147.598 E291.084
G1 X154.13 Y147.415 E291.09824
G1 X154.393 Y147.258 E291.1125
G1 X154.662 Y147.131 E291.12635
G1 X154.936 Y147.032 E291.13992
G1 X155.224 Y146.961 E291.15373
G1 X155.521 Y146.917 E291.16771
G1 X155.825 Y146.902 E291.18188
G1 X156.129 Y146.917 E291.19606
G1 X156.426 Y146.961 E291.21004
G1 X156.714 Y147.032 E291.22385
G1 X156.988 Y147.131 E291.23741
G1 X157.257 Y147.258 E291.25127
G1 X157.52 Y147.415 E291.26553
G1 X157.765 Y147.598 E291.27977
G1 X157.982 Y147.793 E291.29335
G1 X158.177 Y148.01 E291.30694
G1 X158.36 Y148.255 E291.32118
G1 X158.517 Y148.518 E291.33544
G1 X158.644 Y148.787 E291.34929
G1 X158.743 Y149.061 E291.36286
G1 X158.814 Y149.349 E291.37667
G1 X158.858 Y149.646 E291.39065
G1 X158.873 Y149.95 E291.40482
G1 X158.858 Y150.254 E291.41899
G1 X158.814 Y150.551 E291.43298
G1 X158.743 Y150.839 E291.44679
G1 X158.644 Y151.113 E291.46035
G1 X158.517 Y151.383 E291.47425
G1 X158.363 Y151.641 E291.48824
G1 X158.177 Y151.89 E291.50271
G1 X157.982 Y152.107 E291.51629
G1 X157.765 Y152.302 E291.52988
G1 X157.52 Y152.485 E291.54412
G1 X157.257 Y152.642 E291.55838
G1 X156.988 Y152.769 E291.57223
G1 X156.714 Y152.868 E291.5858
G1 X156.426 Y152.939 E291.59961
G1 X156.129 Y152.983 E291.61359
G1 X155.825 Y152.998 E291.62776
G0 F9000 X155.825 Y153.399
;TYPE:WALL-OUTER
G1 F687.6 X155.485 Y153.382 E291.64362
G1 X155.152 Y153.333 E291.65929
G1 X154.822 Y153.251 E291.67512
G1 X154.505 Y153.137 E291.69081
G1 X154.203 Y152.995 E291.70635
G1 X153.906 Y152.817 E291.72247
G1 X153.632 Y152.613 E291.73838
G1 X153.385 Y152.39 E291.75387
G1 X153.162 Y152.143 E291.76937
G1 X152.958 Y151.869 E291.78527
G1 X152.778 Y151.568 E291.80161
G1 X152.638 Y151.27 E291.81694
G1 X152.524 Y150.953 E291.83262
G1 X152.442 Y150.623 E291.84846
G1 X152.393 Y150.29 E291.86413
G1 X152.376 Y149.95 E291.87998
G1 X152.393 Y149.61 E291.89583
G1 X152.442 Y149.277 E291.9115
G1 X152.524 Y148.947 E291.92734
G1 X152.638 Y148.63 E291.94302
G1 X152.78 Y148.328 E291.95856
G1 X152.958 Y148.031 E291.97469
G1 X153.162 Y147.757 E291.99059
G1 X153.385 Y147.51 E292.00609
G1 X153.632 Y147.287 E292.02158
G1 X153.906 Y147.083 E292.03749
G1 X154.203 Y146.905 E292.05361
G1 X154.505 Y146.763 E292.06915
G1 X154.822 Y146.649 E292.08484
G1 X155.152 Y146.567 E292.10067
G1 X155.485 Y146.518 E292.11635
G1 X155.825 Y146.501 E292.1322
G1 X156.165 Y146.518 E292.14805
G1 X156.498 Y146.567 E292.16372
G1 X156.828 Y146.649 E292.17956
G1 X157.145 Y146.763 E292.19524
G1 X157.447 Y146.905 E292.21078
G1 X157.744 Y147.083 E292.2269
G1 X158.018 Y147.287 E292.24281
G1 X158.265 Y147.51 E292.25831
G1 X158.488 Y147.757 E292.2738
G1 X158.692 Y148.031 E292.28971
G1 X158.87 Y148.328 E292.30583
G1 X159.012 Y148.63 E292.32137
G1 X159.126 Y148.947 E292.33706
G1 X159.208 Y149.277 E292.35289
G1 X159.257 Y149.61 E292.36856
G1 X159.274 Y149.95 E292.38441
G1 X159.257 Y150.29 E292.40027
G1 X159.208 Y150.623 E292.41594
G1 X159.126 Y150.953 E292.43177
G1 X159.012 Y151.27 E292.44746
G1 X158.872 Y151.568 E292.46279
G1 X158.692 Y151.869 E292.47912
G1 X158.488 Y152.143 E292.49503
G1 X158.265 Y152.39 E292.51052
G1 X158.018 Y152.613 E292.52602
G1 X157.744 Y152.817 E292.54192
G1 X157.447 Y152.995 E292.55805
G1 X157.145 Y153.137 E292.57359
G1 X156.828 Y153.251 E292.58927
G1 X156.498 Y153.333 E292.60511
G1 X156.165 Y153.382 E292.62078
G1 X155.825 Y153.399 E292.63663
G0 F9000 X155.825 Y152.959
G0 X156.129 Y152.901
;TYPE:FILL
G1 F1375.1 X157.563 Y147.547 E292.89472
G0 F9000 X157.189 Y147.313
G1 F1375.1 X153.326 Y148.349 E293.08096
G0 F9000 X152.884 Y149.561
G1 F1375.1 X156.211 Y152.888 E293.30004
G0 F9000 X158.591 Y151.025
G1 F1375.1 X154.75 Y147.184 E293.55298
G0 F9000 X154.529 Y147.28
G1 F1375.1 X153.367 Y151.616 E293.76201
G0 F9000 X153.275 Y151.468
G1 F1375.1 X158.789 Y149.991 E294.02781
G0 F9000 X158.672 Y149.984
G1 F2700 E289.02781
G0 F9000 X152.734 Y150.889
G0 X151.683 Y151.152
G0 X147.785 Y152.312
G0 X146.854 Y151.755
G0 X144.175 Y152.998
;TYPE:WALL-INNER
G1 F2700 E294.02781
G1 F687.6 X143.871 Y152.983 E294.04199
G1 X143.574 Y152.939 E294.05597
G1 X143.286 Y152.868 E294.06978
G1 X143.012 Y152.769 E294.08335
G1 X142.743 Y152.642 E294.0972
G1 X142.48 Y152.485 E294.11146
G1 X142.235 Y152.302 E294.1257
G1 X142.018 Y152.107 E294.13928
G1 X141.823 Y151.89 E294.15287
G1 X141.637 Y151.641 E294.16734
G1 X141.483 Y151.383 E294.18133
G1 X141.356 Y151.113 E294.19523
G1 X141.257 Y150.839 E294.20879
G1 X141.186 Y150.551 E294.2226
G1 X141.142 Y150.254 E294.23658
G1 X141.127 Y149.95 E294.25076
G1 X141.142 Y149.646 E294.26493
G1 X141.186 Y149.349 E294.27891
G1 X141.257 Y149.061 E294.29272
G1 X141.356 Y148.787 E294.30629
G1 X141.483 Y148.518 E294.32014
G1 X141.64 Y148.255 E294.3344
G1 X141.823 Y148.01 E294.34864
G1 X142.018 Y147.793 E294.36223
G1 X142.235 Y147.598 E294.37581
G1 X142.48 Y147.415 E294.39005
G1 X142.743 Y147.258 E294.40431
G1 X143.012 Y147.131 E294.41816
G1 X143.286 Y147.032 E294.43173
G1 X143.574 Y146.961 E294.44554
G1 X143.871 Y146.917 E294.45952
G1 X144.175 Y146.902 E294.4737
G1 X144.479 Y146.917 E294.48787
G1 X144.776 Y146.961 E294.50185
G1 X145.064 Y147.032 E294.51566
G1 X145.338 Y147.131 E294.52923
G1 X145.607 Y147.258 E294.54308
G1 X145.87 Y147.415 E294.55734
G1 X146.115 Y147.598 E294.57158
G1 X146.332 Y147.793 E294.58516
G1 X146.527 Y148.01 E294.59875
G1 X146.71 Y148.255 E294.61299
G1 X146.867 Y148.518 E294.62725
G1 X146.994 Y148.787 E294.6411
G1 X147.093 Y149.061 E294.65467
G1 X147.164 Y149.349 E294.66848
G1 X147.208 Y149.646 E294.68246
G1 X147.223 Y149.95 E294.69663
G1 X147.208 Y150.254 E294.71081
G1 X147.164 Y150.551 E294.72479
G1 X147.093 Y150.839 E294.7386
G1 X146.994 Y151.113 E294.75216
G1 X146.867 Y151.383 E294.76606
G1 X146.713 Y151.641 E294.78005
G1 X146.527 Y151.89 E294.79452
G1 X146.332 Y152.107 E294.80811
G1 X146.115 Y152.302 E294.82169
G1 X145.87 Y152.485 E294.83593
G1 X145.607 Y152.642 E294.85019
G1 X145.338 Y152.769 E294.86404
G1 X145.064 Y152.868 E294.87761
G1 X144.776 Y152.939 E294.89142
G1 X144.479 Y152.983 E294.9054
G1 X144.175 Y152.998 E294.91958
G0 F9000 X144.175 Y153.399
;TYPE:WALL-OUTER
G1 F687.6 X143.835 Y153.382 E294.93543
G1 X143.502 Y153.333 E294.9511
G1 X143.172 Y153.251 E294.96693
G1 X142.855 Y153.137 E294.98262
G1 X142.553 Y152.995 E294.99816
G1 X142.256 Y152.817 E295.01428
G1 X141.982 Y152.613 E295.03019
G1 X141.735 Y152.39 E295.04568
G1 X141.512 Y152.143 E295.06118
G1 X141.308 Y151.869 E295.07709
G1 X141.128 Y151.568 E295.09342
G1 X140.988 Y151.27 E295.10875
G1 X140.874 Y150.953 E295.12443
G1 X140.792 Y150.623 E295.14027
G1 X140.743 Y150.29 E295.15594
G1 X140.726 Y149.95 E295.17179
G1 X140.743 Y149.61 E295.18764
G1 X140.792 Y149.277 E295.20332
G1 X140.874 Y148.947 E295.21915
G1 X140.988 Y148.63 E295.23484
G1 X141.13 Y148.328 E295.25038
G1 X141.308 Y148.031 E295.2665
G1 X141.512 Y147.757 E295.28241
G1 X141.735 Y147.51 E295.2979
G1 X141.982 Y147.287 E295.3134
G1 X142.256 Y147.083 E295.3293
G1 X142.553 Y146.905 E295.34543
G1 X142.855 Y146.763 E295.36096
G1 X143.172 Y146.649 E295.37665
G1 X143.502 Y146.567 E295.39248
G1 X143.835 Y146.518 E295.40816
G1 X144.175 Y146.501 E295.42401
G1 X144.515 Y146.518 E295.43986
G1 X144.848 Y146.567 E295.45553
G1 X145.178 Y146.649 E295.47137
G1 X145.495 Y146.763 E295.48705
G1 X145.797 Y146.905 E295.50259
G1 X146.094 Y147.083 E295.51872
G1 X146.368 Y147.287 E295.53462
G1 X146.615 Y147.51 E295.55012
G1 X146.838 Y147.757 E295.56561
G1 X147.042 Y148.031 E295.58152
G1 X147.22 Y148.328 E295.59764
G1 X147.362 Y148.63 E295.61318
G1 X147.476 Y148.947 E295.62887
G1 X147.558 Y149.277 E295.6447
G1 X147.607 Y149.61 E295.66037
G1 X147.624 Y149.95 E295.67623
G1 X147.607 Y150.29 E295.69208
G1 X147.558 Y150.623 E295.70775
G1 X147.476 Y150.953 E295.72358
G1 X147.362 Y151.27 E295.73927
G1 X147.222 Y151.568 E295.7546
G1 X147.042 Y151.869 E295.77093
G1 X146.838 Y152.143 E295.78684
G1 X146.615 Y152.39 E295.80233
G1 X146.368 Y152.613 E295.81783
G1 X146.094 Y152.817 E295.83374
G1 X145.797 Y152.995 E295.84986
G1 X145.495 Y153.137 E295.8654
G1 X145.178 Y153.251 E295.88108
G1 X144.848 Y153.333 E295.89692
G1 X144.515 Y153.382 E295.91259
G1 X144.175 Y153.399 E295.92844
G0 F9000 X144.175 Y152.959
G0 X143.711 Y152.878
;TYPE:FILL
G1 F1375.1 X145.238 Y147.18 E296.20313
G0 F9000 X145.561 Y147.323
G1 F1375.1 X141.664 Y148.368 E296.391
G0 F9000 X141.902 Y148.039
G1 F1375.1 X141.253 Y150.462 E296.5078
G0 F9000 X141.307 Y150.712
G1 F1375.1 X143.411 Y152.815 E296.64632
G0 F9000 X141.633 Y151.482
G1 F1375.1 X147.138 Y150.007 E296.9117
G0 F9000 X146.557 Y151.718
G1 F1375.1 X142.406 Y147.568 E297.18502
G0 F9000 X142.478 Y147.666
G1 F2700 E292.18502
;MESH:NONMESH
G0 F300 X142.478 Y147.666 Z12.04
G0 F9000 X147.342 Y150.584
G0 X148.394 Y150.846
G0 X152.216 Y152.313
G0 X153.146 Y151.755
G0 X155.825 Y152.998
;TIME_ELAPSED:561.607569
;LAYER:42
;TYPE:WALL-INNER
;MESH:Shiny Hillar (2).stl
G1 F2700 E297.18502
G1 F686.5 X155.521 Y152.983 E297.19919
G1 X155.224 Y152.939 E297.21317
G1 X154.936 Y152.868 E297.22698
G1 X154.662 Y152.769 E297.24055
G1 X154.393 Y152.642 E297.2544
G1 X154.13 Y152.485 E297.26866
G1 X153.885 Y152.302 E297.2829
G1 X153.668 Y152.107 E297.29648
G1 X153.473 Y151.89 E297.31007
G1 X153.287 Y151.641 E297.32454
G1 X153.133 Y151.383 E297.33853
G1 X153.006 Y151.113 E297.35243
G1 X152.907 Y150.839 E297.36599
G1 X152.836 Y150.551 E297.3798
G1 X152.792 Y150.254 E297.39378
G1 X152.777 Y149.95 E297.40796
G1 X152.792 Y149.646 E297.42213
G1 X152.836 Y149.349 E297.43611
G1 X152.907 Y149.061 E297.44992
G1 X153.006 Y148.787 E297.46349
G1 X153.133 Y148.518 E297.47734
G1 X153.29 Y148.255 E297.4916
G1 X153.473 Y148.01 E297.50584
G1 X153.668 Y147.793 E297.51943
G1 X153.885 Y147.598 E297.53301
G1 X154.13 Y147.415 E297.54725
G1 X154.393 Y147.258 E297.56151
G1 X154.662 Y147.131 E297.57536
G1 X154.936 Y147.032 E297.58893
G1 X155.224 Y146.961 E297.60274
G1 X155.521 Y146.917 E297.61672
G1 X155.825 Y146.902 E297.6309
G1 X156.129 Y146.917 E297.64507
G1 X156.426 Y146.961 E297.65905
G1 X156.714 Y147.032 E297.67286
G1 X156.988 Y147.131 E297.68643
G1 X157.257 Y147.258 E297.70028
G1 X157.52 Y147.415 E297.71454
G1 X157.765 Y147.598 E297.72878
G1 X157.982 Y147.793 E297.74236
G1 X158.177 Y148.01 E297.75595
G1 X158.36 Y148.255 E297.77019
G1 X158.517 Y148.518 E297.78445
G1 X158.644 Y148.787 E297.7983
G1 X158.743 Y149.061 E297.81187
G1 X158.814 Y149.349 E297.82568
G1 X158.858 Y149.646 E297.83966
G1 X158.873 Y149.95 E297.85383
G1 X158.858 Y150.254 E297.86801
G1 X158.814 Y150.551 E297.88199
G1 X158.743 Y150.839 E297.8958
G1 X158.644 Y151.113 E297.90937
G1 X158.517 Y151.383 E297.92326
G1 X158.363 Y151.641 E297.93725
G1 X158.177 Y151.89 E297.95172
G1 X157.982 Y152.107 E297.96531
G1 X157.765 Y152.302 E297.97889
G1 X157.52 Y152.485 E297.99313
G1 X157.257 Y152.642 E298.00739
G1 X156.988 Y152.769 E298.02125
G1 X156.714 Y152.868 E298.03481
G1 X156.426 Y152.939 E298.04862
G1 X156.129 Y152.983 E298.0626
G1 X155.825 Y152.998 E298.07678
G0 F9000 X155.825 Y153.399
;TYPE:WALL-OUTER
G1 F686.5 X155.485 Y153.382 E298.09263
G1 X155.152 Y153.333 E298.1083
G1 X154.822 Y153.251 E298.12413
G1 X154.505 Y153.137 E298.13982
G1 X154.203 Y152.995 E298.15536
G1 X153.906 Y152.817 E298.17148
G1 X153.632 Y152.613 E298.18739
G1 X153.385 Y152.39 E298.20288
G1 X153.162 Y152.143 E298.21838
G1 X152.958 Y151.869 E298.23429
G1 X152.778 Y151.568 E298.25062
G1 X152.638 Y151.27 E298.26595
G1 X152.524 Y150.953 E298.28163
G1 X152.442 Y150.623 E298.29747
G1 X152.393 Y150.29 E298.31314
G1 X152.376 Y149.95 E298.32899
G1 X152.393 Y149.61 E298.34484
G1 X152.442 Y149.277 E298.36052
G1 X152.524 Y148.947 E298.37635
G1 X152.638 Y148.63 E298.39204
G1 X152.78 Y148.328 E298.40758
G1 X152.958 Y148.031 E298.4237
G1 X153.162 Y147.757 E298.43961
G1 X153.385 Y147.51 E298.4551
G1 X153.632 Y147.287 E298.4706
G1 X153.906 Y147.083 E298.4865
G1 X154.203 Y146.905 E298.50263
G1 X154.505 Y146.763 E298.51817
G1 X154.822 Y146.649 E298.53385
G1 X155.152 Y146.567 E298.54968
G1 X155.485 Y146.518 E298.56536
G1 X155.825 Y146.501 E298.58121
G1 X156.165 Y146.518 E298.59706
G1 X156.498 Y146.567 E298.61273
G1 X156.828 Y146.649 E298.62857
G1 X157.145 Y146.763 E298.64425
G1 X157.447 Y146.905 E298.65979
G1 X157.744 Y147.083 E298.67592
G1 X158.018 Y147.287 E298.69182
G1 X158.265 Y147.51 E298.70732
G1 X158.488 Y147.757 E298.72281
G1 X158.692 Y148.031 E298.73872
G1 X158.87 Y148.328 E298.75484
G1 X159.012 Y148.63 E298.77038
G1 X159.126 Y148.947 E298.78607
G1 X159.208 Y149.277 E298.8019
G1 X159.257 Y149.61 E298.81757
G1 X159.274 Y149.95 E298.83343
G1 X159.257 Y150.29 E298.84928
G1 X159.208 Y150.623 E298.86495
G1 X159.126 Y150.953 E298.88078
G1 X159.012 Y151.27 E298.89647
G1 X158.872 Y151.568 E298.9118
G1 X158.692 Y151.869 E298.92813
G1 X158.488 Y152.143 E298.94404
G1 X158.265 Y152.39 E298.95953
G1 X158.018 Y152.613 E298.97503
G1 X157.744 Y152.817 E298.99094
G1 X157.447 Y152.995 E299.00706
G1 X157.145 Y153.137 E299.0226
G1 X156.828 Y153.251 E299.03828
G1 X156.498 Y153.333 E299.05412
G1 X156.165 Y153.382 E299.06979
G1 X155.825 Y153.399 E299.08564
G0 F9000 X155.825 Y152.959
G0 X155.921 Y152.912
;TYPE:FILL
G1 F1373.1 X157.39 Y147.43 E299.34991
G0 F9000 X157.431 Y147.454
G1 F1373.1 X153.186 Y148.591 E299.55455
G0 F9000 X152.923 Y149.32
G1 F1373.1 X156.453 Y152.849 E299.78697
G0 F9000 X158.664 Y150.818
G1 F1373.1 X154.956 Y147.11 E300.03115
G0 F9000 X154.289 Y147.41
G1 F1373.1 X153.225 Y151.381 E300.22258
G0 F9000 X153.386 Y151.643
G1 F1373.1 X158.778 Y150.198 E300.48251
G0 F9000 X158.661 Y150.191
G1 F2700 E295.48251
G0 F9000 X152.734 Y150.889
G0 X151.683 Y151.152
G0 X147.785 Y152.312
G0 X146.854 Y151.755
G0 X144.175 Y152.998
;TYPE:WALL-INNER
G1 F2700 E300.48251
G1 F686.5 X143.871 Y152.983 E300.49668
G1 X143.574 Y152.939 E300.51066
G1 X143.286 Y152.868 E300.52448
G1 X143.012 Y152.769 E300.53804
G1 X142.743 Y152.642 E300.55189
G1 X142.48 Y152.485 E300.56616
G1 X142.235 Y152.302 E300.58039
G1 X142.018 Y152.107 E300.59398
G1 X141.823 Y151.89 E300.60756
G1 X141.637 Y151.641 E300.62204
G1 X141.483 Y151.383 E300.63603
G1 X141.356 Y151.113 E300.64992
G1 X141.257 Y150.839 E300.66349
G1 X141.186 Y150.551 E300.6773
G1 X141.142 Y150.254 E300.69128
G1 X141.127 Y149.95 E300.70545
G1 X141.142 Y149.646 E300.71962
G1 X141.186 Y149.349 E300.73361
G1 X141.257 Y149.061 E300.74742
G1 X141.356 Y148.787 E300.76098
G1 X141.483 Y148.518 E300.77483
G1 X141.64 Y148.255 E300.7891
G1 X141.823 Y148.01 E300.80334
G1 X142.018 Y147.793 E300.81692
G1 X142.235 Y147.598 E300.83051
G1 X142.48 Y147.415 E300.84475
G1 X142.743 Y147.258 E300.85901
G1 X143.012 Y147.131 E300.87286
G1 X143.286 Y147.032 E300.88643
G1 X143.574 Y146.961 E300.90024
G1 X143.871 Y146.917 E300.91422
G1 X144.175 Y146.902 E300.92839
G1 X144.479 Y146.917 E300.94256
G1 X144.776 Y146.961 E300.95654
G1 X145.064 Y147.032 E300.97036
G1 X145.338 Y147.131 E300.98392
G1 X145.607 Y147.258 E300.99777
G1 X145.87 Y147.415 E301.01204
G1 X146.115 Y147.598 E301.02628
G1 X146.332 Y147.793 E301.03986
G1 X146.527 Y148.01 E301.05344
G1 X146.71 Y148.255 E301.06768
G1 X146.867 Y148.518 E301.08195
G1 X146.994 Y148.787 E301.0958
G1 X147.093 Y149.061 E301.10936
G1 X147.164 Y149.349 E301.12318
G1 X147.208 Y149.646 E301.13716
G1 X147.223 Y149.95 E301.15133
G1 X147.208 Y150.254 E301.1655
G1 X147.164 Y150.551 E301.17948
G1 X147.093 Y150.839 E301.19329
G1 X146.994 Y151.113 E301.20686
G1 X146.867 Y151.383 E301.22075
G1 X146.713 Y151.641 E301.23474
G1 X146.527 Y151.89 E301.24922
G1 X146.332 Y152.107 E301.2628
G1 X146.115 Y152.302 E301.27639
G1 X145.87 Y152.485 E301.29063
G1 X145.607 Y152.642 E301.30489
G1 X145.338 Y152.769 E301.31874
G1 X145.064 Y152.868 E301.33231
G1 X144.776 Y152.939 E301.34612
G1 X144.479 Y152.983 E301.3601
G1 X144.175 Y152.998 E301.37427
G0 F9000 X144.175 Y153.399
;TYPE:WALL-OUTER
G1 F686.5 X143.835 Y153.382 E301.39012
G1 X143.502 Y153.333 E301.4058
G1 X143.172 Y153.251 E301.42163
G1 X142.855 Y153.137 E301.43732
G1 X142.553 Y152.995 E301.45285
G1 X142.256 Y152.817 E301.46898
G1 X141.982 Y152.613 E301.48488
G1 X141.735 Y152.39 E301.50038
G1 X141.512 Y152.143 E301.51587
G1 X141.308 Y151.869 E301.53178
G1 X141.128 Y151.568 E301.54811
G1 X140.988 Y151.27 E301.56344
G1 X140.874 Y150.953 E301.57913
G1 X140.792 Y150.623 E301.59496
G1 X140.743 Y150.29 E301.61064
G1 X140.726 Y149.95 E301.62649
G1 X140.743 Y149.61 E301.64234
G1 X140.792 Y149.277 E301.65801
G1 X140.874 Y148.947 E301.67385
G1 X140.988 Y148.63 E301.68953
G1 X141.13 Y148.328 E301.70507
G1 X141.308 Y148.031 E301.72119
G1 X141.512 Y147.757 E301.7371
G1 X141.735 Y147.51 E301.7526
G1 X141.982 Y147.287 E301.76809
G1 X142.256 Y147.083 E301.784
G1 X142.553 Y146.905 E301.80012
G1 X142.855 Y146.763 E301.81566
G1 X143.172 Y146.649 E301.83135
G1 X143.502 Y146.567 E301.84718
G1 X143.835 Y146.518 E301.86285
G1 X144.175 Y146.501 E301.8787
G1 X144.515 Y146.518 E301.89456
G1 X144.848 Y146.567 E301.91023
G1 X145.178 Y146.649 E301.92606
G1 X145.495 Y146.763 E301.94175
G1 X145.797 Y146.905 E301.95729
G1 X146.094 Y147.083 E301.97341
G1 X146.368 Y147.287 E301.98932
G1 X146.615 Y147.51 E302.00481
G1 X146.838 Y147.757 E302.02031
G1 X147.042 Y148.031 E302.03621
G1 X147.22 Y148.328 E302.05234
G1 X147.362 Y148.63 E302.06788
G1 X147.476 Y148.947 E302.08356
G1 X147.558 Y149.277 E302.0994
G1 X147.607 Y149.61 E302.11507
G1 X147.624 Y149.95 E302.13092
G1 X147.607 Y150.29 E302.14677
G1 X147.558 Y150.623 E302.16245
G1 X147.476 Y150.953 E302.17828
G1 X147.362 Y151.27 E302.19397
G1 X147.222 Y151.568 E302.2093
G1 X147.042 Y151.869 E302.22563
G1 X146.838 Y152.143 E302.24153
G1 X146.615 Y152.39 E302.25703
G1 X146.368 Y152.613 E302.27252
G1 X146.094 Y152.817 E302.28843
G1 X145.797 Y152.995 E302.30455
G1 X145.495 Y153.137 E302.32009
G1 X145.178 Y153.251 E302.33578
G1 X144.848 Y153.333 E302.35161
G1 X144.515 Y153.382 E302.36729
G1 X144.175 Y153.399 E302.38314
G0 F9000 X144.175 Y152.959
G0 X143.759 Y152.884
;TYPE:FILL
G1 F1373.1 X141.239 Y150.364 E302.54908
G0 F9000 X141.212 Y149.85
G1 F1373.1 X141.566 Y148.531 E302.61268
G0 F9000 X141.527 Y148.609
G1 F1373.1 X145.798 Y147.465 E302.81856
G0 F9000 X145.051 Y147.112
G1 F1373.1 X143.516 Y152.842 E303.09478
G0 F9000 X141.746 Y151.656
G1 F1373.1 X147.127 Y150.214 E303.35419
G0 F9000 X146.673 Y151.554
G1 F1373.1 X142.571 Y147.452 E303.62431
G0 F9000 X142.633 Y147.558
G1 F2700 E298.62431
;MESH:NONMESH
G0 F300 X142.633 Y147.558 Z12.32
G0 F9000 X147.342 Y150.584
G0 X148.394 Y150.846
G0 X152.216 Y152.313
G0 X153.146 Y151.755
G0 X155.825 Y152.998
;TIME_ELAPSED:574.228821
;LAYER:43
;TYPE:WALL-INNER
;MESH:Shiny Hillar (2).stl
G1 F2700 E303.62431
G1 F686.9 X155.521 Y152.983 E303.63848
G1 X155.224 Y152.939 E303.65246
G1 X154.936 Y152.868 E303.66627
G1 X154.662 Y152.769 E303.67984
G1 X154.393 Y152.642 E303.69369
G1 X154.13 Y152.485 E303.70795
G1 X153.885 Y152.302 E303.72219
G1 X153.668 Y152.107 E303.73578
G1 X153.473 Y151.89 E303.74936
G1 X153.287 Y151.641 E303.76384
G1 X153.133 Y151.383 E303.77783
G1 X153.006 Y151.113 E303.79172
G1 X152.907 Y150.839 E303.80529
G1 X152.836 Y150.551 E303.8191
G1 X152.792 Y150.254 E303.83308
G1 X152.777 Y149.95 E303.84725
G1 X152.792 Y149.646 E303.86142
G1 X152.836 Y149.349 E303.8754
G1 X152.907 Y149.061 E303.88922
G1 X153.006 Y148.787 E303.90278
G1 X153.133 Y148.518 E303.91663
G1 X153.29 Y148.255 E303.9309
G1 X153.473 Y148.01 E303.94514
G1 X153.668 Y147.793 E303.95872
G1 X153.885 Y147.598 E303.97231
G1 X154.13 Y147.415 E303.98654
G1 X154.393 Y147.258 E304.00081
G1 X154.662 Y147.131 E304.01466
G1 X154.936 Y147.032 E304.02822
G1 X155.224 Y146.961 E304.04204
G1 X155.521 Y146.917 E304.05602
G1 X155.825 Y146.902 E304.07019
G1 X156.129 Y146.917 E304.08436
G1 X156.426 Y146.961 E304.09834
G1 X156.714 Y147.032 E304.11215
G1 X156.988 Y147.131 E304.12572
G1 X157.257 Y147.258 E304.13957
G1 X157.52 Y147.415 E304.15383
G1 X157.765 Y147.598 E304.16807
G1 X157.982 Y147.793 E304.18166
G1 X158.177 Y148.01 E304.19524
G1 X158.36 Y148.255 E304.20948
G1 X158.517 Y148.518 E304.22375
G1 X158.644 Y148.787 E304.2376
G1 X158.743 Y149.061 E304.25116
G1 X158.814 Y149.349 E304.26497
G1 X158.858 Y149.646 E304.27896
G1 X158.873 Y149.95 E304.29313
G1 X158.858 Y150.254 E304.3073
G1 X158.814 Y150.551 E304.32128
G1 X158.743 Y150.839 E304.33509
G1 X158.644 Y151.113 E304.34866
G1 X158.517 Y151.383 E304.36255
G1 X158.363 Y151.641 E304.37654
G1 X158.177 Y151.89 E304.39102
G1 X157.982 Y152.107 E304.4046
G1 X157.765 Y152.302 E304.41819
G1 X157.52 Y152.485 E304.43242
G1 X157.257 Y152.642 E304.44669
G1 X156.988 Y152.769 E304.46054
G1 X156.714 Y152.868 E304.4741
G1 X156.426 Y152.939 E304.48792
G1 X156.129 Y152.983 E304.5019
G1 X155.825 Y152.998 E304.51607
G0 F9000 X155.825 Y153.399
;TYPE:WALL-OUTER
G1 F686.9 X155.485 Y153.382 E304.53192
G1 X155.152 Y153.333 E304.54759
G1 X154.822 Y153.251 E304.56343
G1 X154.505 Y153.137 E304.57911
G1 X154.203 Y152.995 E304.59465
G1 X153.906 Y152.817 E304.61078
G1 X153.632 Y152.613 E304.62668
G1 X153.385 Y152.39 E304.64218
G1 X153.162 Y152.143 E304.65767
G1 X152.958 Y151.869 E304.67358
G1 X152.778 Y151.568 E304.68991
G1 X152.638 Y151.27 E304.70524
G1 X152.524 Y150.953 E304.72093
G1 X152.442 Y150.623 E304.73676
G1 X152.393 Y150.29 E304.75243
G1 X152.376 Y149.95 E304.76829
G1 X152.393 Y149.61 E304.78414
G1 X152.442 Y149.277 E304.79981
G1 X152.524 Y148.947 E304.81564
G1 X152.638 Y148.63 E304.83133
G1 X152.78 Y148.328 E304.84687
G1 X152.958 Y148.031 E304.86299
G1 X153.162 Y147.757 E304.8789
G1 X153.385 Y147.51 E304.89439
G1 X153.632 Y147.287 E304.90989
G1 X153.906 Y147.083 E304.9258
G1 X154.203 Y146.905 E304.94192
G1 X154.505 Y146.763 E304.95746
G1 X154.822 Y146.649 E304.97315
G1 X155.152 Y146.567 E304.98898
G1 X155.485 Y146.518 E305.00465
G1 X155.825 Y146.501 E305.0205
G1 X156.165 Y146.518 E305.03635
G1 X156.498 Y146.567 E305.05203
G1 X156.828 Y146.649 E305.06786
G1 X157.145 Y146.763 E305.08355
G1 X157.447 Y146.905 E305.09909
G1 X157.744 Y147.083 E305.11521
G1 X158.018 Y147.287 E305.13112
G1 X158.265 Y147.51 E305.14661
G1 X158.488 Y147.757 E305.16211
G1 X158.692 Y148.031 E305.17801
G1 X158.87 Y148.328 E305.19414
G1 X159.012 Y148.63 E305.20968
G1 X159.126 Y148.947 E305.22536
G1 X159.208 Y149.277 E305.2412
G1 X159.257 Y149.61 E305.25687
G1 X159.274 Y149.95 E305.27272
G1 X159.257 Y150.29 E305.28857
G1 X159.208 Y150.623 E305.30424
G1 X159.126 Y150.953 E305.32008
G1 X159.012 Y151.27 E305.33576
G1 X158.872 Y151.568 E305.3511
G1 X158.692 Y151.869 E305.36743
G1 X158.488 Y152.143 E305.38333
G1 X158.265 Y152.39 E305.39883
G1 X158.018 Y152.613 E305.41432
G1 X157.744 Y152.817 E305.43023
G1 X157.447 Y152.995 E305.44635
G1 X157.145 Y153.137 E305.46189
G1 X156.828 Y153.251 E305.47758
G1 X156.498 Y153.333 E305.49341
G1 X156.165 Y153.382 E305.50908
G1 X155.825 Y153.399 E305.52494
G0 F9000 X155.825 Y152.959
G0 X155.716 Y152.911
;TYPE:FILL
G1 F1373.8 X157.213 Y147.325 E305.79422
G0 F9000 X157.639 Y147.603
G1 F1373.8 X153.075 Y148.826 E306.01424
G0 F9000 X152.979 Y149.096
G1 F1373.8 X156.677 Y152.793 E306.25773
G0 F9000 X158.72 Y150.594
G1 F1373.8 X155.18 Y147.054 E306.49084
G0 F9000 X154.039 Y147.579
G1 F1373.8 X153.093 Y151.111 E306.6611
G0 F9000 X153.514 Y151.814
G1 F1373.8 X158.751 Y150.411 E306.91356
G0 F9000 X158.635 Y150.394
G1 F2700 E301.91356
G0 F9000 X152.841 Y151.186
G0 X151.821 Y151.553
G0 X147.785 Y152.312
G0 X146.854 Y151.755
G0 X144.175 Y152.998
;TYPE:WALL-INNER
G1 F2700 E306.91356
G1 F686.9 X143.871 Y152.983 E306.92773
G1 X143.574 Y152.939 E306.94171
G1 X143.286 Y152.868 E306.95552
G1 X143.012 Y152.769 E306.96909
G1 X142.743 Y152.642 E306.98294
G1 X142.48 Y152.485 E306.9972
G1 X142.235 Y152.302 E307.01144
G1 X142.018 Y152.107 E307.02503
G1 X141.823 Y151.89 E307.03861
G1 X141.637 Y151.641 E307.05308
G1 X141.483 Y151.383 E307.06708
G1 X141.356 Y151.113 E307.08097
G1 X141.257 Y150.839 E307.09454
G1 X141.186 Y150.551 E307.10835
G1 X141.142 Y150.254 E307.12233
G1 X141.127 Y149.95 E307.1365
G1 X141.142 Y149.646 E307.15067
G1 X141.186 Y149.349 E307.16465
G1 X141.257 Y149.061 E307.17847
G1 X141.356 Y148.787 E307.19203
G1 X141.483 Y148.518 E307.20588
G1 X141.64 Y148.255 E307.22015
G1 X141.823 Y148.01 E307.23438
G1 X142.018 Y147.793 E307.24797
G1 X142.235 Y147.598 E307.26155
G1 X142.48 Y147.415 E307.27579
G1 X142.743 Y147.258 E307.29006
G1 X143.012 Y147.131 E307.30391
G1 X143.286 Y147.032 E307.31747
G1 X143.574 Y146.961 E307.33129
G1 X143.871 Y146.917 E307.34527
G1 X144.175 Y146.902 E307.35944
G1 X144.479 Y146.917 E307.37361
G1 X144.776 Y146.961 E307.38759
G1 X145.064 Y147.032 E307.4014
G1 X145.338 Y147.131 E307.41497
G1 X145.607 Y147.258 E307.42882
G1 X145.87 Y147.415 E307.44308
G1 X146.115 Y147.598 E307.45732
G1 X146.332 Y147.793 E307.47091
G1 X146.527 Y148.01 E307.48449
G1 X146.71 Y148.255 E307.49873
G1 X146.867 Y148.518 E307.51299
G1 X146.994 Y148.787 E307.52685
G1 X147.093 Y149.061 E307.54041
G1 X147.164 Y149.349 E307.55422
G1 X147.208 Y149.646 E307.5682
G1 X147.223 Y149.95 E307.58238
G1 X147.208 Y150.254 E307.59655
G1 X147.164 Y150.551 E307.61053
G1 X147.093 Y150.839 E307.62434
G1 X146.994 Y151.113 E307.63791
G1 X146.867 Y151.383 E307.6518
G1 X146.713 Y151.641 E307.66579
G1 X146.527 Y151.89 E307.68027
G1 X146.332 Y152.107 E307.69385
G1 X146.115 Y152.302 E307.70744
G1 X145.87 Y152.485 E307.72167
G1 X145.607 Y152.642 E307.73594
G1 X145.338 Y152.769 E307.74979
G1 X145.064 Y152.868 E307.76335
G1 X144.776 Y152.939 E307.77717
G1 X144.479 Y152.983 E307.79115
G1 X144.175 Y152.998 E307.80532
G0 F9000 X144.175 Y153.399
;TYPE:WALL-OUTER
G1 F686.9 X143.835 Y153.382 E307.82117
G1 X143.502 Y153.333 E307.83684
G1 X143.172 Y153.251 E307.85268
G1 X142.855 Y153.137 E307.86836
G1 X142.553 Y152.995 E307.8839
G1 X142.256 Y152.817 E307.90003
G1 X141.982 Y152.613 E307.91593
G1 X141.735 Y152.39 E307.93143
G1 X141.512 Y152.143 E307.94692
G1 X141.308 Y151.869 E307.96283
G1 X141.128 Y151.568 E307.97916
G1 X140.988 Y151.27 E307.99449
G1 X140.874 Y150.953 E308.01018
G1 X140.792 Y150.623 E308.02601
G1 X140.743 Y150.29 E308.04168
G1 X140.726 Y149.95 E308.05754
G1 X140.743 Y149.61 E308.07339
G1 X140.792 Y149.277 E308.08906
G1 X140.874 Y148.947 E308.10489
G1 X140.988 Y148.63 E308.12058
G1 X141.13 Y148.328 E308.13612
G1 X141.308 Y148.031 E308.15224
G1 X141.512 Y147.757 E308.16815
G1 X141.735 Y147.51 E308.18364
G1 X141.982 Y147.287 E308.19914
G1 X142.256 Y147.083 E308.21505
G1 X142.553 Y146.905 E308.23117
G1 X142.855 Y146.763 E308.24671
G1 X143.172 Y146.649 E308.26239
G1 X143.502 Y146.567 E308.27823
G1 X143.835 Y146.518 E308.2939
G1 X144.175 Y146.501 E308.30975
G1 X144.515 Y146.518 E308.3256
G1 X144.848 Y146.567 E308.34128
G1 X145.178 Y146.649 E308.35711
G1 X145.495 Y146.763 E308.3728
G1 X145.797 Y146.905 E308.38834
G1 X146.094 Y147.083 E308.40446
G1 X146.368 Y147.287 E308.42037
G1 X146.615 Y147.51 E308.43586
G1 X146.838 Y147.757 E308.45136
G1 X147.042 Y148.031 E308.46726
G1 X147.22 Y148.328 E308.48339
G1 X147.362 Y148.63 E308.49893
G1 X147.476 Y148.947 E308.51461
G1 X147.558 Y149.277 E308.53045
G1 X147.607 Y149.61 E308.54612
G1 X147.624 Y149.95 E308.56197
G1 X147.607 Y150.29 E308.57782
G1 X147.558 Y150.623 E308.59349
G1 X147.476 Y150.953 E308.60933
G1 X147.362 Y151.27 E308.62501
G1 X147.222 Y151.568 E308.64034
G1 X147.042 Y151.869 E308.65668
G1 X146.838 Y152.143 E308.67258
G1 X146.615 Y152.39 E308.68808
G1 X146.368 Y152.613 E308.70357
G1 X146.094 Y152.817 E308.71948
G1 X145.797 Y152.995 E308.7356
G1 X145.495 Y153.137 E308.75114
G1 X145.178 Y153.251 E308.76683
G1 X144.848 Y153.333 E308.78266
G1 X144.515 Y153.382 E308.79833
G1 X144.175 Y153.399 E308.81419
G0 F9000 X144.175 Y152.959
G0 X144.065 Y152.91
;TYPE:FILL
G1 F1373.8 X141.212 Y150.057 E309.00206
G0 F9000 X141.42 Y148.843
G1 F1373.8 X146.005 Y147.614 E309.22309
G0 F9000 X144.86 Y147.062
G1 F1373.8 X143.324 Y152.795 E309.49946
G0 F9000 X141.874 Y151.827
G1 F1373.8 X147.099 Y150.427 E309.75134
G0 F9000 X147.13 Y150.18
G1 F1373.8 X146.848 Y151.232 E309.80206
G0 F9000 X146.776 Y151.378
G1 F1373.8 X142.746 Y147.348 E310.06744
G0 F9000 X142.807 Y147.453
G1 F2700 E305.06744
;MESH:NONMESH
G0 F300 X142.807 Y147.453 Z12.6
G0 F9000 X147.342 Y150.584
G0 X148.394 Y150.846
G0 X152.216 Y152.313
G0 X153.146 Y151.755
G0 X155.825 Y152.998
;TIME_ELAPSED:586.875618
;LAYER:44
;TYPE:WALL-INNER
;MESH:Shiny Hillar (2).stl
G1 F2700 E310.06744
G1 F693.1 X155.521 Y152.983 E310.08161
G1 X155.224 Y152.939 E310.09559
G1 X154.936 Y152.868 E310.1094
G1 X154.662 Y152.769 E310.12297
G1 X154.393 Y152.642 E310.13682
G1 X154.13 Y152.485 E310.15108
G1 X153.885 Y152.302 E310.16532
G1 X153.668 Y152.107 E310.17891
G1 X153.473 Y151.89 E310.19249
G1 X153.287 Y151.641 E310.20697
G1 X153.133 Y151.383 E310.22096
G1 X153.006 Y151.113 E310.23485
G1 X152.907 Y150.839 E310.24842
G1 X152.836 Y150.551 E310.26223
G1 X152.792 Y150.254 E310.27621
G1 X152.777 Y149.95 E310.29038
G1 X152.792 Y149.646 E310.30455
G1 X152.836 Y149.349 E310.31853
G1 X152.907 Y149.061 E310.33235
G1 X153.006 Y148.787 E310.34591
G1 X153.133 Y148.518 E310.35976
G1 X153.29 Y148.255 E310.37403
G1 X153.473 Y148.01 E310.38827
G1 X153.668 Y147.793 E310.40185
G1 X153.885 Y147.598 E310.41544
G1 X154.13 Y147.415 E310.42967
G1 X154.393 Y147.258 E310.44394
G1 X154.662 Y147.131 E310.45779
G1 X154.936 Y147.032 E310.47135
G1 X155.224 Y146.961 E310.48517
G1 X155.521 Y146.917 E310.49915
G1 X155.825 Y146.902 E310.51332
G1 X156.129 Y146.917 E310.52749
G1 X156.426 Y146.961 E310.54147
G1 X156.714 Y147.032 E310.55529
G1 X156.988 Y147.131 E310.56885
G1 X157.257 Y147.258 E310.5827
G1 X157.52 Y147.415 E310.59697
G1 X157.765 Y147.598 E310.6112
G1 X157.982 Y147.793 E310.62479
G1 X158.177 Y148.01 E310.63837
G1 X158.36 Y148.255 E310.65261
G1 X158.517 Y148.518 E310.66688
G1 X158.644 Y148.787 E310.68073
G1 X158.743 Y149.061 E310.69429
G1 X158.814 Y149.349 E310.70811
G1 X158.858 Y149.646 E310.72209
G1 X158.873 Y149.95 E310.73626
G1 X158.858 Y150.254 E310.75043
G1 X158.814 Y150.551 E310.76441
G1 X158.743 Y150.839 E310.77822
G1 X158.644 Y151.113 E310.79179
G1 X158.517 Y151.383 E310.80568
G1 X158.363 Y151.641 E310.81967
G1 X158.177 Y151.89 E310.83415
G1 X157.982 Y152.107 E310.84773
G1 X157.765 Y152.302 E310.86132
G1 X157.52 Y152.485 E310.87556
G1 X157.257 Y152.642 E310.88982
G1 X156.988 Y152.769 E310.90367
G1 X156.714 Y152.868 E310.91724
G1 X156.426 Y152.939 E310.93105
G1 X156.129 Y152.983 E310.94503
G1 X155.825 Y152.998 E310.9592
G0 F9000 X155.825 Y153.399
;TYPE:WALL-OUTER
G1 F693.1 X155.485 Y153.382 E310.97505
G1 X155.152 Y153.333 E310.99073
G1 X154.822 Y153.251 E311.00656
G1 X154.505 Y153.137 E311.02224
G1 X154.203 Y152.995 E311.03778
G1 X153.906 Y152.817 E311.05391
G1 X153.632 Y152.613 E311.06981
G1 X153.385 Y152.39 E311.08531
G1 X153.162 Y152.143 E311.1008
G1 X152.958 Y151.869 E311.11671
G1 X152.778 Y151.568 E311.13304
G1 X152.638 Y151.27 E311.14837
G1 X152.524 Y150.953 E311.16406
G1 X152.442 Y150.623 E311.17989
G1 X152.393 Y150.29 E311.19557
G1 X152.376 Y149.95 E311.21142
G1 X152.393 Y149.61 E311.22727
G1 X152.442 Y149.277 E311.24294
G1 X152.524 Y148.947 E311.25877
G1 X152.638 Y148.63 E311.27446
G1 X152.78 Y148.328 E311.29
G1 X152.958 Y148.031 E311.30612
G1 X153.162 Y147.757 E311.32203
G1 X153.385 Y147.51 E311.33753
G1 X153.632 Y147.287 E311.35302
G1 X153.906 Y147.083 E311.36893
G1 X154.203 Y146.905 E311.38505
G1 X154.505 Y146.763 E311.40059
G1 X154.822 Y146.649 E311.41628
G1 X155.152 Y146.567 E311.43211
G1 X155.485 Y146.518 E311.44778
G1 X155.825 Y146.501 E311.46363
G1 X156.165 Y146.518 E311.47949
G1 X156.498 Y146.567 E311.49516
G1 X156.828 Y146.649 E311.51099
G1 X157.145 Y146.763 E311.52668
G1 X157.447 Y146.905 E311.54222
G1 X157.744 Y147.083 E311.55834
G1 X158.018 Y147.287 E311.57425
G1 X158.265 Y147.51 E311.58974
G1 X158.488 Y147.757 E311.60524
G1 X158.692 Y148.031 E311.62114
G1 X158.87 Y148.328 E311.63727
G1 X159.012 Y148.63 E311.65281
G1 X159.126 Y148.947 E311.66849
G1 X159.208 Y149.277 E311.68433
G1 X159.257 Y149.61 E311.7
G1 X159.274 Y149.95 E311.71585
G1 X159.257 Y150.29 E311.7317
G1 X159.208 Y150.623 E311.74738
G1 X159.126 Y150.953 E311.76321
G1 X159.012 Y151.27 E311.77889
G1 X158.872 Y151.568 E311.79423
G1 X158.692 Y151.869 E311.81056
G1 X158.488 Y152.143 E311.82646
G1 X158.265 Y152.39 E311.84196
G1 X158.018 Y152.613 E311.85745
G1 X157.744 Y152.817 E311.87336
G1 X157.447 Y152.995 E311.88948
G1 X157.145 Y153.137 E311.90502
G1 X156.828 Y153.251 E311.92071
G1 X156.498 Y153.333 E311.93654
G1 X156.165 Y153.382 E311.95222
G1 X155.825 Y153.399 E311.96807
G0 F9000 X155.825 Y152.959
G0 X155.514 Y152.901
;TYPE:FILL
G1 F1386.2 X157.03 Y147.24 E312.24096
G0 F9000 X157.825 Y147.758
G1 F1386.2 X152.993 Y149.053 E312.47389
G0 F9000 X153.052 Y148.889
G1 F1386.2 X156.884 Y152.72 E312.7262
G0 F9000 X158.712 Y150.626
G1 F1386.2 X153.66 Y151.98 E312.96975
G0 F9000 X152.975 Y150.783
G1 F1386.2 X153.774 Y147.803 E313.11341
G0 F9000 X155.419 Y147.013
G1 F1386.2 X158.761 Y150.354 E313.33346
G0 F9000 X158.644 Y150.337
G1 F2700 E308.33346
G0 F9000 X152.841 Y151.186
G0 X151.821 Y151.553
G0 X147.785 Y152.312
G0 X146.854 Y151.755
G0 X144.175 Y152.998
;TYPE:WALL-INNER
G1 F2700 E313.33346
G1 F693.1 X143.871 Y152.983 E313.34763
G1 X143.574 Y152.939 E313.36161
G1 X143.286 Y152.868 E313.37542
G1 X143.012 Y152.769 E313.38899
G1 X142.743 Y152.642 E313.40284
G1 X142.48 Y152.485 E313.4171
G1 X142.235 Y152.302 E313.43134
G1 X142.018 Y152.107 E313.44492
G1 X141.823 Y151.89 E313.45851
G1 X141.637 Y151.641 E313.47298
G1 X141.483 Y151.383 E313.48697
G1 X141.356 Y151.113 E313.50087
G1 X141.257 Y150.839 E313.51443
G1 X141.186 Y150.551 E313.52824
G1 X141.142 Y150.254 E313.54222
G1 X141.127 Y149.95 E313.5564
G1 X141.142 Y149.646 E313.57057
G1 X141.186 Y149.349 E313.58455
G1 X141.257 Y149.061 E313.59836
G1 X141.356 Y148.787 E313.61193
G1 X141.483 Y148.518 E313.62578
G1 X141.64 Y148.255 E313.64004
G1 X141.823 Y148.01 E313.65428
G1 X142.018 Y147.793 E313.66787
G1 X142.235 Y147.598 E313.68145
G1 X142.48 Y147.415 E313.69569
G1 X142.743 Y147.258 E313.70995
G1 X143.012 Y147.131 E313.7238
G1 X143.286 Y147.032 E313.73737
G1 X143.574 Y146.961 E313.75118
G1 X143.871 Y146.917 E313.76516
G1 X144.175 Y146.902 E313.77934
G1 X144.479 Y146.917 E313.79351
G1 X144.776 Y146.961 E313.80749
G1 X145.064 Y147.032 E313.8213
G1 X145.338 Y147.131 E313.83487
G1 X145.607 Y147.258 E313.84872
G1 X145.87 Y147.415 E313.86298
G1 X146.115 Y147.598 E313.87722
G1 X146.332 Y147.793 E313.8908
G1 X146.527 Y148.01 E313.90439
G1 X146.71 Y148.255 E313.91863
G1 X146.867 Y148.518 E313.93289
G1 X146.994 Y148.787 E313.94674
G1 X147.093 Y149.061 E313.96031
G1 X147.164 Y149.349 E313.97412
G1 X147.208 Y149.646 E313.9881
G1 X147.223 Y149.95 E314.00227
G1 X147.208 Y150.254 E314.01645
G1 X147.164 Y150.551 E314.03043
G1 X147.093 Y150.839 E314.04424
G1 X146.994 Y151.113 E314.05781
G1 X146.867 Y151.383 E314.0717
G1 X146.713 Y151.641 E314.08569
G1 X146.527 Y151.89 E314.10016
G1 X146.332 Y152.107 E314.11375
G1 X146.115 Y152.302 E314.12733
G1 X145.87 Y152.485 E314.14157
G1 X145.607 Y152.642 E314.15583
G1 X145.338 Y152.769 E314.16969
G1 X145.064 Y152.868 E314.18325
G1 X144.776 Y152.939 E314.19706
G1 X144.479 Y152.983 E314.21104
G1 X144.175 Y152.998 E314.22522
G0 F9000 X144.175 Y153.399
;TYPE:WALL-OUTER
G1 F693.1 X143.835 Y153.382 E314.24107
G1 X143.502 Y153.333 E314.25674
G1 X143.172 Y153.251 E314.27257
G1 X142.855 Y153.137 E314.28826
G1 X142.553 Y152.995 E314.3038
G1 X142.256 Y152.817 E314.31992
G1 X141.982 Y152.613 E314.33583
G1 X141.735 Y152.39 E314.35132
G1 X141.512 Y152.143 E314.36682
G1 X141.308 Y151.869 E314.38273
G1 X141.128 Y151.568 E314.39906
G1 X140.988 Y151.27 E314.41439
G1 X140.874 Y150.953 E314.43007
G1 X140.792 Y150.623 E314.44591
G1 X140.743 Y150.29 E314.46158
G1 X140.726 Y149.95 E314.47743
G1 X140.743 Y149.61 E314.49328
G1 X140.792 Y149.277 E314.50896
G1 X140.874 Y148.947 E314.52479
G1 X140.988 Y148.63 E314.54048
G1 X141.13 Y148.328 E314.55602
G1 X141.308 Y148.031 E314.57214
G1 X141.512 Y147.757 E314.58805
G1 X141.735 Y147.51 E314.60354
G1 X141.982 Y147.287 E314.61904
G1 X142.256 Y147.083 E314.63494
G1 X142.553 Y146.905 E314.65107
G1 X142.855 Y146.763 E314.66661
G1 X143.172 Y146.649 E314.68229
G1 X143.502 Y146.567 E314.69812
G1 X143.835 Y146.518 E314.7138
G1 X144.175 Y146.501 E314.72965
G1 X144.515 Y146.518 E314.7455
G1 X144.848 Y146.567 E314.76117
G1 X145.178 Y146.649 E314.77701
G1 X145.495 Y146.763 E314.79269
G1 X145.797 Y146.905 E314.80823
G1 X146.094 Y147.083 E314.82436
G1 X146.368 Y147.287 E314.84026
G1 X146.615 Y147.51 E314.85576
G1 X146.838 Y147.757 E314.87125
G1 X147.042 Y148.031 E314.88716
G1 X147.22 Y148.328 E314.90328
G1 X147.362 Y148.63 E314.91882
G1 X147.476 Y148.947 E314.93451
G1 X147.558 Y149.277 E314.95034
G1 X147.607 Y149.61 E314.96601
G1 X147.624 Y149.95 E314.98187
G1 X147.607 Y150.29 E314.99772
G1 X147.558 Y150.623 E315.01339
G1 X147.476 Y150.953 E315.02922
G1 X147.362 Y151.27 E315.04491
G1 X147.222 Y151.568 E315.06024
G1 X147.042 Y151.869 E315.07657
G1 X146.838 Y152.143 E315.09248
G1 X146.615 Y152.39 E315.10797
G1 X146.368 Y152.613 E315.12347
G1 X146.094 Y152.817 E315.13938
G1 X145.797 Y152.995 E315.1555
G1 X145.495 Y153.137 E315.17104
G1 X145.178 Y153.251 E315.18672
G1 X144.848 Y153.333 E315.20256
G1 X144.515 Y153.382 E315.21823
G1 X144.175 Y153.399 E315.23408
G0 F9000 X144.175 Y152.959
G0 X144.343 Y152.907
;TYPE:FILL
G1 F1386.2 X141.215 Y149.78 E315.44003
G0 F9000 X141.338 Y149.07
G1 F1386.2 X146.188 Y147.77 E315.67384
G0 F9000 X144.665 Y147.024
G1 F1386.2 X143.137 Y152.728 E315.94881
G0 F9000 X142.021 Y151.993
G1 F1386.2 X147.057 Y150.643 E316.19159
G0 F9000 X146.868 Y151.19
G1 F1386.2 X142.934 Y147.256 E316.45065
G0 F9000 X147.105 Y149.508
G1 F1386.2 X146.489 Y151.807 E316.56147
G0 F9000 X146.394 Y151.735
G1 F2700 E311.56147
;MESH:NONMESH
G0 F300 X146.394 Y151.735 Z12.88
G0 F9000 X147.159 Y151.186
G0 X148.18 Y151.552
G0 X152.216 Y152.313
G0 X153.146 Y151.755
G0 X155.825 Y152.998
;TIME_ELAPSED:599.642152
;LAYER:45
;TYPE:WALL-INNER
;MESH:Shiny Hillar (2).stl
G1 F2700 E316.56147
G1 F687.9 X155.521 Y152.983 E316.57565
G1 X155.224 Y152.939 E316.58963
G1 X154.936 Y152.868 E316.60344
G1 X154.662 Y152.769 E316.617
G1 X154.393 Y152.642 E316.63086
G1 X154.13 Y152.485 E316.64512
G1 X153.885 Y152.302 E316.65936
G1 X153.668 Y152.107 E316.67294
G1 X153.473 Y151.89 E316.68653
G1 X153.287 Y151.641 E316.701
G1 X153.133 Y151.383 E316.71499
G1 X153.006 Y151.113 E316.72888
G1 X152.907 Y150.839 E316.74245
G1 X152.836 Y150.551 E316.75626
G1 X152.792 Y150.254 E316.77024
G1 X152.777 Y149.95 E316.78442
G1 X152.792 Y149.646 E316.79859
G1 X152.836 Y149.349 E316.81257
G1 X152.907 Y149.061 E316.82638
G1 X153.006 Y148.787 E316.83995
G1 X153.133 Y148.518 E316.8538
G1 X153.29 Y148.255 E316.86806
G1 X153.473 Y148.01 E316.8823
G1 X153.668 Y147.793 E316.89588
G1 X153.885 Y147.598 E316.90947
G1 X154.13 Y147.415 E316.92371
G1 X154.393 Y147.258 E316.93797
G1 X154.662 Y147.131 E316.95182
G1 X154.936 Y147.032 E316.96539
G1 X155.224 Y146.961 E316.9792
G1 X155.521 Y146.917 E316.99318
G1 X155.825 Y146.902 E317.00735
G1 X156.129 Y146.917 E317.02153
G1 X156.426 Y146.961 E317.03551
G1 X156.714 Y147.032 E317.04932
G1 X156.988 Y147.131 E317.06289
G1 X157.257 Y147.258 E317.07674
G1 X157.52 Y147.415 E317.091
G1 X157.765 Y147.598 E317.10524
G1 X157.982 Y147.793 E317.11882
G1 X158.177 Y148.01 E317.13241
G1 X158.36 Y148.255 E317.14665
G1 X158.517 Y148.518 E317.16091
G1 X158.644 Y148.787 E317.17476
G1 X158.743 Y149.061 E317.18833
G1 X158.814 Y149.349 E317.20214
G1 X158.858 Y149.646 E317.21612
G1 X158.873 Y149.95 E317.23029
G1 X158.858 Y150.254 E317.24447
G1 X158.814 Y150.551 E317.25845
G1 X158.743 Y150.839 E317.27226
G1 X158.644 Y151.113 E317.28582
G1 X158.517 Y151.383 E317.29972
G1 X158.363 Y151.641 E317.31371
G1 X158.177 Y151.89 E317.32818
G1 X157.982 Y152.107 E317.34177
G1 X157.765 Y152.302 E317.35535
G1 X157.52 Y152.485 E317.36959
G1 X157.257 Y152.642 E317.38385
G1 X156.988 Y152.769 E317.3977
G1 X156.714 Y152.868 E317.41127
G1 X156.426 Y152.939 E317.42508
G1 X156.129 Y152.983 E317.43906
G1 X155.825 Y152.998 E317.45323
G0 F9000 X155.825 Y153.399
;TYPE:WALL-OUTER
G1 F687.9 X155.485 Y153.382 E317.46909
G1 X155.152 Y153.333 E317.48476
G1 X154.822 Y153.251 E317.50059
G1 X154.505 Y153.137 E317.51628
G1 X154.203 Y152.995 E317.53182
G1 X153.906 Y152.817 E317.54794
G1 X153.632 Y152.613 E317.56385
G1 X153.385 Y152.39 E317.57934
G1 X153.162 Y152.143 E317.59484
G1 X152.958 Y151.869 E317.61074
G1 X152.778 Y151.568 E317.62708
G1 X152.638 Y151.27 E317.64241
G1 X152.524 Y150.953 E317.65809
G1 X152.442 Y150.623 E317.67393
G1 X152.393 Y150.29 E317.6896
G1 X152.376 Y149.95 E317.70545
G1 X152.393 Y149.61 E317.7213
G1 X152.442 Y149.277 E317.73698
G1 X152.524 Y148.947 E317.75281
G1 X152.638 Y148.63 E317.7685
G1 X152.78 Y148.328 E317.78403
G1 X152.958 Y148.031 E317.80016
G1 X153.162 Y147.757 E317.81606
G1 X153.385 Y147.51 E317.83156
G1 X153.632 Y147.287 E317.84705
G1 X153.906 Y147.083 E317.86296
G1 X154.203 Y146.905 E317.87908
G1 X154.505 Y146.763 E317.89462
G1 X154.822 Y146.649 E317.91031
G1 X155.152 Y146.567 E317.92614
G1 X155.485 Y146.518 E317.94182
G1 X155.825 Y146.501 E317.95767
G1 X156.165 Y146.518 E317.97352
G1 X156.498 Y146.567 E317.98919
G1 X156.828 Y146.649 E318.00503
G1 X157.145 Y146.763 E318.02071
G1 X157.447 Y146.905 E318.03625
G1 X157.744 Y147.083 E318.05237
G1 X158.018 Y147.287 E318.06828
G1 X158.265 Y147.51 E318.08378
G1 X158.488 Y147.757 E318.09927
G1 X158.692 Y148.031 E318.11518
G1 X158.87 Y148.328 E318.1313
G1 X159.012 Y148.63 E318.14684
G1 X159.126 Y148.947 E318.16253
G1 X159.208 Y149.277 E318.17836
G1 X159.257 Y149.61 E318.19403
G1 X159.274 Y149.95 E318.20988
G1 X159.257 Y150.29 E318.22574
G1 X159.208 Y150.623 E318.24141
G1 X159.126 Y150.953 E318.25724
G1 X159.012 Y151.27 E318.27293
G1 X158.872 Y151.568 E318.28826
G1 X158.692 Y151.869 E318.30459
G1 X158.488 Y152.143 E318.3205
G1 X158.265 Y152.39 E318.33599
G1 X158.018 Y152.613 E318.35149
G1 X157.744 Y152.817 E318.36739
G1 X157.447 Y152.995 E318.38352
G1 X157.145 Y153.137 E318.39906
G1 X156.828 Y153.251 E318.41474
G1 X156.498 Y153.333 E318.43058
G1 X156.165 Y153.382 E318.44625
G1 X155.825 Y153.399 E318.4621
G0 F9000 X155.825 Y152.959
G0 X155.317 Y152.872
;TYPE:FILL
G1 F1375.9 X156.846 Y147.165 E318.73721
G0 F9000 X155.675 Y146.989
G1 F1375.9 X158.784 Y150.098 E318.94195
G0 F9000 X158.654 Y150.847
G1 F1375.9 X153.824 Y152.141 E319.17478
G0 F9000 X152.887 Y150.35
G1 F1375.9 X153.482 Y148.128 E319.2819
G0 F9000 X153.137 Y148.693
G1 F1375.9 X157.079 Y152.636 E319.54152
G0 F9000 X157.988 Y147.919
G1 F1375.9 X152.936 Y149.273 E319.78506
G0 F9000 X153.053 Y149.304
G1 F2700 E314.78506
G0 F9000 X152.658 Y150.584
G0 X151.607 Y150.847
G0 X147.981 Y151.984
G0 X146.854 Y151.755
G0 X144.175 Y152.998
;TYPE:WALL-INNER
G1 F2700 E319.78506
G1 F687.9 X143.871 Y152.983 E319.79923
G1 X143.574 Y152.939 E319.81321
G1 X143.286 Y152.868 E319.82703
G1 X143.012 Y152.769 E319.84059
G1 X142.743 Y152.642 E319.85444
G1 X142.48 Y152.485 E319.86871
G1 X142.235 Y152.302 E319.88294
G1 X142.018 Y152.107 E319.89653
G1 X141.823 Y151.89 E319.91011
G1 X141.637 Y151.641 E319.92459
G1 X141.483 Y151.383 E319.93858
G1 X141.356 Y151.113 E319.95247
G1 X141.257 Y150.839 E319.96604
G1 X141.186 Y150.551 E319.97985
G1 X141.142 Y150.254 E319.99383
G1 X141.127 Y149.95 E320.008
G1 X141.142 Y149.646 E320.02217
G1 X141.186 Y149.349 E320.03616
G1 X141.257 Y149.061 E320.04997
G1 X141.356 Y148.787 E320.06353
G1 X141.483 Y148.518 E320.07738
G1 X141.64 Y148.255 E320.09165
G1 X141.823 Y148.01 E320.10589
G1 X142.018 Y147.793 E320.11947
G1 X142.235 Y147.598 E320.13306
G1 X142.48 Y147.415 E320.1473
G1 X142.743 Y147.258 E320.16156
G1 X143.012 Y147.131 E320.17541
G1 X143.286 Y147.032 E320.18898
G1 X143.574 Y146.961 E320.20279
G1 X143.871 Y146.917 E320.21677
G1 X144.175 Y146.902 E320.23094
G1 X144.479 Y146.917 E320.24511
G1 X144.776 Y146.961 E320.25909
G1 X145.064 Y147.032 E320.27291
G1 X145.338 Y147.131 E320.28647
G1 X145.607 Y147.258 E320.30032
G1 X145.87 Y147.415 E320.31459
G1 X146.115 Y147.598 E320.32883
G1 X146.332 Y147.793 E320.34241
G1 X146.527 Y148.01 E320.35599
G1 X146.71 Y148.255 E320.37023
G1 X146.867 Y148.518 E320.3845
G1 X146.994 Y148.787 E320.39835
G1 X147.093 Y149.061 E320.41191
G1 X147.164 Y149.349 E320.42573
G1 X147.208 Y149.646 E320.43971
G1 X147.223 Y149.95 E320.45388
G1 X147.208 Y150.254 E320.46805
G1 X147.164 Y150.551 E320.48203
G1 X147.093 Y150.839 E320.49584
G1 X146.994 Y151.113 E320.50941
G1 X146.867 Y151.383 E320.5233
G1 X146.713 Y151.641 E320.5373
G1 X146.527 Y151.89 E320.55177
G1 X146.332 Y152.107 E320.56535
G1 X146.115 Y152.302 E320.57894
G1 X145.87 Y152.485 E320.59318
G1 X145.607 Y152.642 E320.60744
G1 X145.338 Y152.769 E320.62129
G1 X145.064 Y152.868 E320.63486
G1 X144.776 Y152.939 E320.64867
G1 X144.479 Y152.983 E320.66265
G1 X144.175 Y152.998 E320.67682
G0 F9000 X144.175 Y153.399
;TYPE:WALL-OUTER
G1 F687.9 X143.835 Y153.382 E320.69267
G1 X143.502 Y153.333 E320.70835
G1 X143.172 Y153.251 E320.72418
G1 X142.855 Y153.137 E320.73987
G1 X142.553 Y152.995 E320.7554
G1 X142.256 Y152.817 E320.77153
G1 X141.982 Y152.613 E320.78743
G1 X141.735 Y152.39 E320.80293
G1 X141.512 Y152.143 E320.81843
G1 X141.308 Y151.869 E320.83433
G1 X141.128 Y151.568 E320.85066
G1 X140.988 Y151.27 E320.86599
G1 X140.874 Y150.953 E320.88168
G1 X140.792 Y150.623 E320.89751
G1 X140.743 Y150.29 E320.91319
G1 X140.726 Y149.95 E320.92904
G1 X140.743 Y149.61 E320.94489
G1 X140.792 Y149.277 E320.96056
G1 X140.874 Y148.947 E320.9764
G1 X140.988 Y148.63 E320.99208
G1 X141.13 Y148.328 E321.00762
G1 X141.308 Y148.031 E321.02374
G1 X141.512 Y147.757 E321.03965
G1 X141.735 Y147.51 E321.05515
G1 X141.982 Y147.287 E321.07064
G1 X142.256 Y147.083 E321.08655
G1 X142.553 Y146.905 E321.10267
G1 X142.855 Y146.763 E321.11821
G1 X143.172 Y146.649 E321.1339
G1 X143.502 Y146.567 E321.14973
G1 X143.835 Y146.518 E321.1654
G1 X144.175 Y146.501 E321.18125
G1 X144.515 Y146.518 E321.19711
G1 X144.848 Y146.567 E321.21278
G1 X145.178 Y146.649 E321.22861
G1 X145.495 Y146.763 E321.2443
G1 X145.797 Y146.905 E321.25984
G1 X146.094 Y147.083 E321.27596
G1 X146.368 Y147.287 E321.29187
G1 X146.615 Y147.51 E321.30736
G1 X146.838 Y147.757 E321.32286
G1 X147.042 Y148.031 E321.33876
G1 X147.22 Y148.328 E321.35489
G1 X147.362 Y148.63 E321.37043
G1 X147.476 Y148.947 E321.38611
G1 X147.558 Y149.277 E321.40195
G1 X147.607 Y149.61 E321.41762
G1 X147.624 Y149.95 E321.43347
G1 X147.607 Y150.29 E321.44932
G1 X147.558 Y150.623 E321.465
G1 X147.476 Y150.953 E321.48083
G1 X147.362 Y151.27 E321.49652
G1 X147.222 Y151.568 E321.51185
G1 X147.042 Y151.869 E321.52818
G1 X146.838 Y152.143 E321.54408
G1 X146.615 Y152.39 E321.55958
G1 X146.368 Y152.613 E321.57507
G1 X146.094 Y152.817 E321.59098
G1 X145.797 Y152.995 E321.6071
G1 X145.495 Y153.137 E321.62264
G1 X145.178 Y153.251 E321.63833
G1 X144.848 Y153.333 E321.65416
G1 X144.515 Y153.382 E321.66984
G1 X144.175 Y153.399 E321.68569
G0 F9000 X144.175 Y152.959
G0 X144.598 Y152.882
;TYPE:FILL
G1 F1375.9 X141.24 Y149.524 E321.90682
G0 F9000 X141.282 Y149.29
G1 F1375.9 X146.35 Y147.932 E322.15113
G0 F9000 X147.015 Y149.082
G1 F1375.9 X146.202 Y152.116 E322.29739
G0 F9000 X146.952 Y150.994
G1 F1375.9 X143.131 Y147.172 E322.54904
G0 F9000 X144.468 Y146.995
G1 F1375.9 X142.952 Y152.651 E322.82171
G0 F9000 X142.188 Y152.153
G1 F1375.9 X146.997 Y150.864 E323.05354
G0 F9000 X146.885 Y150.823
G1 F2700 E318.05354
;MESH:NONMESH
G0 F300 X146.885 Y150.823 Z13.16
G0 F9000 X147.269 Y150.879
G0 X148.32 Y151.141
G0 X152.216 Y152.313
G0 X153.146 Y151.755
G0 X155.825 Y152.998
;TIME_ELAPSED:612.360277
;LAYER:46
;TYPE:WALL-INNER
;MESH:Shiny Hillar (2).stl
G1 F2700 E323.05354
G1 F683.6 X155.521 Y152.983 E323.06771
G1 X155.224 Y152.939 E323.08169
G1 X154.936 Y152.868 E323.0955
G1 X154.662 Y152.769 E323.10907
G1 X154.393 Y152.642 E323.12292
G1 X154.13 Y152.485 E323.13718
G1 X153.885 Y152.302 E323.15142
G1 X153.668 Y152.107 E323.16501
G1 X153.473 Y151.89 E323.17859
G1 X153.287 Y151.641 E323.19306
G1 X153.133 Y151.383 E323.20705
G1 X153.006 Y151.113 E323.22095
G1 X152.907 Y150.839 E323.23451
G1 X152.836 Y150.551 E323.24833
G1 X152.792 Y150.254 E323.26231
G1 X152.777 Y149.95 E323.27648
G1 X152.792 Y149.646 E323.29065
G1 X152.836 Y149.349 E323.30463
G1 X152.907 Y149.061 E323.31844
G1 X153.006 Y148.787 E323.33201
G1 X153.133 Y148.518 E323.34586
G1 X153.29 Y148.255 E323.36012
G1 X153.473 Y148.01 E323.37436
G1 X153.668 Y147.793 E323.38795
G1 X153.885 Y147.598 E323.40153
G1 X154.13 Y147.415 E323.41577
G1 X154.393 Y147.258 E323.43004
G1 X154.662 Y147.131 E323.44389
G1 X154.936 Y147.032 E323.45745
G1 X155.224 Y146.961 E323.47126
G1 X155.521 Y146.917 E323.48525
G1 X155.825 Y146.902 E323.49942
G1 X156.129 Y146.917 E323.51359
G1 X156.426 Y146.961 E323.52757
G1 X156.714 Y147.032 E323.54138
G1 X156.988 Y147.131 E323.55495
G1 X157.257 Y147.258 E323.5688
G1 X157.52 Y147.415 E323.58306
G1 X157.765 Y147.598 E323.5973
G1 X157.982 Y147.793 E323.61089
G1 X158.177 Y148.01 E323.62447
G1 X158.36 Y148.255 E323.63871
G1 X158.517 Y148.518 E323.65297
G1 X158.644 Y148.787 E323.66683
G1 X158.743 Y149.061 E323.68039
G1 X158.814 Y149.349 E323.6942
G1 X158.858 Y149.646 E323.70818
G1 X158.873 Y149.95 E323.72236
G1 X158.858 Y150.254 E323.73653
G1 X158.814 Y150.551 E323.75051
G1 X158.743 Y150.839 E323.76432
G1 X158.644 Y151.113 E323.77789
G1 X158.517 Y151.383 E323.79178
G1 X158.363 Y151.641 E323.80577
G1 X158.177 Y151.89 E323.82024
G1 X157.982 Y152.107 E323.83383
G1 X157.765 Y152.302 E323.84741
G1 X157.52 Y152.485 E323.86165
G1 X157.257 Y152.642 E323.87592
G1 X156.988 Y152.769 E323.88977
G1 X156.714 Y152.868 E323.90333
G1 X156.426 Y152.939 E323.91715
G1 X156.129 Y152.983 E323.93113
G1 X155.825 Y152.998 E323.9453
G0 F9000 X155.825 Y153.399
;TYPE:WALL-OUTER
G1 F683.6 X155.485 Y153.382 E323.96115
G1 X155.152 Y153.333 E323.97682
G1 X154.822 Y153.251 E323.99266
G1 X154.505 Y153.137 E324.00834
G1 X154.203 Y152.995 E324.02388
G1 X153.906 Y152.817 E324.04001
G1 X153.632 Y152.613 E324.05591
G1 X153.385 Y152.39 E324.07141
G1 X153.162 Y152.143 E324.0869
G1 X152.958 Y151.869 E324.10281
G1 X152.778 Y151.568 E324.11914
G1 X152.638 Y151.27 E324.13447
G1 X152.524 Y150.953 E324.15016
G1 X152.442 Y150.623 E324.16599
G1 X152.393 Y150.29 E324.18166
G1 X152.376 Y149.95 E324.19751
G1 X152.393 Y149.61 E324.21337
G1 X152.442 Y149.277 E324.22904
G1 X152.524 Y148.947 E324.24487
G1 X152.638 Y148.63 E324.26056
G1 X152.78 Y148.328 E324.2761
G1 X152.958 Y148.031 E324.29222
G1 X153.162 Y147.757 E324.30813
G1 X153.385 Y147.51 E324.32362
G1 X153.632 Y147.287 E324.33912
G1 X153.906 Y147.083 E324.35502
G1 X154.203 Y146.905 E324.37115
G1 X154.505 Y146.763 E324.38669
G1 X154.822 Y146.649 E324.40237
G1 X155.152 Y146.567 E324.41821
G1 X155.485 Y146.518 E324.43388
G1 X155.825 Y146.501 E324.44973
G1 X156.165 Y146.518 E324.46558
G1 X156.498 Y146.567 E324.48126
G1 X156.828 Y146.649 E324.49709
G1 X157.145 Y146.763 E324.51278
G1 X157.447 Y146.905 E324.52832
G1 X157.744 Y147.083 E324.54444
G1 X158.018 Y147.287 E324.56034
G1 X158.265 Y147.51 E324.57584
G1 X158.488 Y147.757 E324.59134
G1 X158.692 Y148.031 E324.60724
G1 X158.87 Y148.328 E324.62336
G1 X159.012 Y148.63 E324.6389
G1 X159.126 Y148.947 E324.65459
G1 X159.208 Y149.277 E324.67042
G1 X159.257 Y149.61 E324.6861
G1 X159.274 Y149.95 E324.70195
G1 X159.257 Y150.29 E324.7178
G1 X159.208 Y150.623 E324.73347
G1 X159.126 Y150.953 E324.74931
G1 X159.012 Y151.27 E324.76499
G1 X158.872 Y151.568 E324.78032
G1 X158.692 Y151.869 E324.79665
G1 X158.488 Y152.143 E324.81256
G1 X158.265 Y152.39 E324.82806
G1 X158.018 Y152.613 E324.84355
G1 X157.744 Y152.817 E324.85946
G1 X157.447 Y152.995 E324.87558
G1 X157.145 Y153.137 E324.89112
G1 X156.828 Y153.251 E324.90681
G1 X156.498 Y153.333 E324.92264
G1 X156.165 Y153.382 E324.93831
G1 X155.825 Y153.399 E324.95416
G0 F9000 X155.825 Y152.959
G0 X155.122 Y152.832
;TYPE:FILL
G1 F1367.1 X156.658 Y147.099 E325.23053
G0 F9000 X155.955 Y146.989
G1 F1367.1 X158.785 Y149.819 E325.41689
G0 F9000 X158.572 Y151.074
G1 F1367.1 X154.01 Y152.296 E325.63681
G0 F9000 X152.875 Y149.626
G1 F1367.1 X153.109 Y148.754 E325.67885
G0 F9000 X153.23 Y148.507
G1 F1367.1 X157.266 Y152.543 E325.94463
G0 F9000 X158.134 Y148.085
G1 F1367.1 X152.896 Y149.489 E326.19714
G0 F9000 X153.015 Y149.506
G1 F2700 E321.19714
G0 F9000 X152.658 Y150.584
G0 X151.607 Y150.847
G0 X147.981 Y151.984
G0 X146.854 Y151.755
G0 X144.175 Y152.998
;TYPE:WALL-INNER
G1 F2700 E326.19714
G1 F683.6 X143.871 Y152.983 E326.21131
G1 X143.574 Y152.939 E326.22529
G1 X143.286 Y152.868 E326.2391
G1 X143.012 Y152.769 E326.25267
G1 X142.743 Y152.642 E326.26652
G1 X142.48 Y152.485 E326.28078
G1 X142.235 Y152.302 E326.29502
G1 X142.018 Y152.107 E326.30861
G1 X141.823 Y151.89 E326.32219
G1 X141.637 Y151.641 E326.33666
G1 X141.483 Y151.383 E326.35066
G1 X141.356 Y151.113 E326.36455
G1 X141.257 Y150.839 E326.37812
G1 X141.186 Y150.551 E326.39193
G1 X141.142 Y150.254 E326.40591
G1 X141.127 Y149.95 E326.42008
G1 X141.142 Y149.646 E326.43425
G1 X141.186 Y149.349 E326.44823
G1 X141.257 Y149.061 E326.46205
G1 X141.356 Y148.787 E326.47561
G1 X141.483 Y148.518 E326.48946
G1 X141.64 Y148.255 E326.50373
G1 X141.823 Y148.01 E326.51797
G1 X142.018 Y147.793 E326.53155
G1 X142.235 Y147.598 E326.54513
G1 X142.48 Y147.415 E326.55937
G1 X142.743 Y147.258 E326.57364
G1 X143.012 Y147.131 E326.58749
G1 X143.286 Y147.032 E326.60105
G1 X143.574 Y146.961 E326.61487
G1 X143.871 Y146.917 E326.62885
G1 X144.175 Y146.902 E326.64302
G1 X144.479 Y146.917 E326.65719
G1 X144.776 Y146.961 E326.67117
G1 X145.064 Y147.032 E326.68498
G1 X145.338 Y147.131 E326.69855
G1 X145.607 Y147.258 E326.7124
G1 X145.87 Y147.415 E326.72666
G1 X146.115 Y147.598 E326.7409
G1 X146.332 Y147.793 E326.75449
G1 X146.527 Y148.01 E326.76807
G1 X146.71 Y148.255 E326.78231
G1 X146.867 Y148.518 E326.79658
G1 X146.994 Y148.787 E326.81043
G1 X147.093 Y149.061 E326.82399
G1 X147.164 Y149.349 E326.8378
G1 X147.208 Y149.646 E326.85179
G1 X147.223 Y149.95 E326.86596
G1 X147.208 Y150.254 E326.88013
G1 X147.164 Y150.551 E326.89411
G1 X147.093 Y150.839 E326.90792
G1 X146.994 Y151.113 E326.92149
G1 X146.867 Y151.383 E326.93538
G1 X146.713 Y151.641 E326.94937
G1 X146.527 Y151.89 E326.96385
G1 X146.332 Y152.107 E326.97743
G1 X146.115 Y152.302 E326.99102
G1 X145.87 Y152.485 E327.00525
G1 X145.607 Y152.642 E327.01952
G1 X145.338 Y152.769 E327.03337
G1 X145.064 Y152.868 E327.04693
G1 X144.776 Y152.939 E327.06075
G1 X144.479 Y152.983 E327.07473
G1 X144.175 Y152.998 E327.0889
G0 F9000 X144.175 Y153.399
;TYPE:WALL-OUTER
G1 F683.6 X143.835 Y153.382 E327.10475
G1 X143.502 Y153.333 E327.12042
G1 X143.172 Y153.251 E327.13626
G1 X142.855 Y153.137 E327.15194
G1 X142.553 Y152.995 E327.16748
G1 X142.256 Y152.817 E327.18361
G1 X141.982 Y152.613 E327.19951
G1 X141.735 Y152.39 E327.21501
G1 X141.512 Y152.143 E327.2305
G1 X141.308 Y151.869 E327.24641
G1 X141.128 Y151.568 E327.26274
G1 X140.988 Y151.27 E327.27807
G1 X140.874 Y150.953 E327.29376
G1 X140.792 Y150.623 E327.30959
G1 X140.743 Y150.29 E327.32526
G1 X140.726 Y149.95 E327.34112
G1 X140.743 Y149.61 E327.35697
G1 X140.792 Y149.277 E327.37264
G1 X140.874 Y148.947 E327.38847
G1 X140.988 Y148.63 E327.40416
G1 X141.13 Y148.328 E327.4197
G1 X141.308 Y148.031 E327.43582
G1 X141.512 Y147.757 E327.45173
G1 X141.735 Y147.51 E327.46722
G1 X141.982 Y147.287 E327.48272
G1 X142.256 Y147.083 E327.49863
G1 X142.553 Y146.905 E327.51475
G1 X142.855 Y146.763 E327.53029
G1 X143.172 Y146.649 E327.54598
G1 X143.502 Y146.567 E327.56181
G1 X143.835 Y146.518 E327.57748
G1 X144.175 Y146.501 E327.59333
G1 X144.515 Y146.518 E327.60918
G1 X144.848 Y146.567 E327.62486
G1 X145.178 Y146.649 E327.64069
G1 X145.495 Y146.763 E327.65638
G1 X145.797 Y146.905 E327.67192
G1 X146.094 Y147.083 E327.68804
G1 X146.368 Y147.287 E327.70395
G1 X146.615 Y147.51 E327.71944
G1 X146.838 Y147.757 E327.73494
G1 X147.042 Y148.031 E327.75084
G1 X147.22 Y148.328 E327.76697
G1 X147.362 Y148.63 E327.78251
G1 X147.476 Y148.947 E327.79819
G1 X147.558 Y149.277 E327.81403
G1 X147.607 Y149.61 E327.8297
G1 X147.624 Y149.95 E327.84555
G1 X147.607 Y150.29 E327.8614
G1 X147.558 Y150.623 E327.87707
G1 X147.476 Y150.953 E327.89291
G1 X147.362 Y151.27 E327.90859
G1 X147.222 Y151.568 E327.92393
G1 X147.042 Y151.869 E327.94026
G1 X146.838 Y152.143 E327.95616
G1 X146.615 Y152.39 E327.97166
G1 X146.368 Y152.613 E327.98715
G1 X146.094 Y152.817 E328.00306
G1 X145.797 Y152.995 E328.01918
G1 X145.495 Y153.137 E328.03472
G1 X145.178 Y153.251 E328.05041
G1 X144.848 Y153.333 E328.06624
G1 X144.515 Y153.382 E328.08191
G1 X144.175 Y153.399 E328.09777
G0 F9000 X144.175 Y152.959
G0 X144.836 Y152.841
;TYPE:FILL
G1 F1367.1 X141.282 Y149.287 E328.3318
G0 F9000 X141.243 Y149.505
G1 F1367.1 X146.494 Y148.098 E328.58494
G0 F9000 X146.894 Y148.766
G1 F1367.1 X145.938 Y152.334 E328.75694
G0 F9000 X146.914 Y151.092
G1 F1367.1 X142.374 Y152.308 E328.97579
G0 F9000 X142.77 Y152.565
G1 F1367.1 X144.265 Y146.986 E329.24474
G0 F9000 X143.339 Y147.1
G1 F1367.1 X147.024 Y150.786 E329.48743
G0 F9000 X146.908 Y150.756
G1 F2700 E324.48743
;MESH:NONMESH
G0 F300 X146.908 Y150.756 Z13.44
G0 F9000 X147.269 Y150.879
G0 X148.32 Y151.141
G0 X152.216 Y152.313
G0 X153.146 Y151.755
G0 X155.825 Y152.998
;TIME_ELAPSED:625.039460
;LAYER:47
;TYPE:WALL-INNER
;MESH:Shiny Hillar (2).stl
G1 F2700 E329.48743
G1 F683.6 X155.521 Y152.983 E329.50161
G1 X155.224 Y152.939 E329.51559
G1 X154.936 Y152.868 E329.5294
G1 X154.662 Y152.769 E329.54297
G1 X154.393 Y152.642 E329.55682
G1 X154.13 Y152.485 E329.57108
G1 X153.885 Y152.302 E329.58532
G1 X153.668 Y152.107 E329.5989
G1 X153.473 Y151.89 E329.61249
G1 X153.287 Y151.641 E329.62696
G1 X153.133 Y151.383 E329.64095
G1 X153.006 Y151.113 E329.65485
G1 X152.907 Y150.839 E329.66841
G1 X152.836 Y150.551 E329.68222
G1 X152.792 Y150.254 E329.6962
G1 X152.777 Y149.95 E329.71038
G1 X152.792 Y149.646 E329.72455
G1 X152.836 Y149.349 E329.73853
G1 X152.907 Y149.061 E329.75234
G1 X153.006 Y148.787 E329.76591
G1 X153.133 Y148.518 E329.77976
G1 X153.29 Y148.255 E329.79402
G1 X153.473 Y148.01 E329.80826
G1 X153.668 Y147.793 E329.82185
G1 X153.885 Y147.598 E329.83543
G1 X154.13 Y147.415 E329.84967
G1 X154.393 Y147.258 E329.86393
G1 X154.662 Y147.131 E329.87778
G1 X154.936 Y147.032 E329.89135
G1 X155.224 Y146.961 E329.90516
G1 X155.521 Y146.917 E329.91914
G1 X155.825 Y146.902 E329.93332
G1 X156.129 Y146.917 E329.94749
G1 X156.426 Y146.961 E329.96147
G1 X156.714 Y147.032 E329.97528
G1 X156.988 Y147.131 E329.98885
G1 X157.257 Y147.258 E330.0027
G1 X157.52 Y147.415 E330.01696
G1 X157.765 Y147.598 E330.0312
G1 X157.982 Y147.793 E330.04478
G1 X158.177 Y148.01 E330.05837
G1 X158.36 Y148.255 E330.07261
G1 X158.517 Y148.518 E330.08687
G1 X158.644 Y148.787 E330.10072
G1 X158.743 Y149.061 E330.11429
G1 X158.814 Y149.349 E330.1281
G1 X158.858 Y149.646 E330.14208
G1 X158.873 Y149.95 E330.15625
G1 X158.858 Y150.254 E330.17043
G1 X158.814 Y150.551 E330.18441
G1 X158.743 Y150.839 E330.19822
G1 X158.644 Y151.113 E330.21178
G1 X158.517 Y151.383 E330.22568
G1 X158.363 Y151.641 E330.23967
G1 X158.177 Y151.89 E330.25414
G1 X157.982 Y152.107 E330.26773
G1 X157.765 Y152.302 E330.28131
G1 X157.52 Y152.485 E330.29555
G1 X157.257 Y152.642 E330.30981
G1 X156.988 Y152.769 E330.32366
G1 X156.714 Y152.868 E330.33723
G1 X156.426 Y152.939 E330.35104
G1 X156.129 Y152.983 E330.36502
G1 X155.825 Y152.998 E330.3792
G0 F9000 X155.825 Y153.399
;TYPE:WALL-OUTER
G1 F683.6 X155.485 Y153.382 E330.39505
G1 X155.152 Y153.333 E330.41072
G1 X154.822 Y153.251 E330.42655
G1 X154.505 Y153.137 E330.44224
G1 X154.203 Y152.995 E330.45778
G1 X153.906 Y152.817 E330.4739
G1 X153.632 Y152.613 E330.48981
G1 X153.385 Y152.39 E330.5053
G1 X153.162 Y152.143 E330.5208
G1 X152.958 Y151.869 E330.53671
G1 X152.778 Y151.568 E330.55304
G1 X152.638 Y151.27 E330.56837
G1 X152.524 Y150.953 E330.58405
G1 X152.442 Y150.623 E330.59989
G1 X152.393 Y150.29 E330.61556
G1 X152.376 Y149.95 E330.63141
G1 X152.393 Y149.61 E330.64726
G1 X152.442 Y149.277 E330.66294
G1 X152.524 Y148.947 E330.67877
G1 X152.638 Y148.63 E330.69446
G1 X152.78 Y148.328 E330.71
G1 X152.958 Y148.031 E330.72612
G1 X153.162 Y147.757 E330.74203
G1 X153.385 Y147.51 E330.75752
G1 X153.632 Y147.287 E330.77302
G1 X153.906 Y147.083 E330.78892
G1 X154.203 Y146.905 E330.80505
G1 X154.505 Y146.763 E330.82058
G1 X154.822 Y146.649 E330.83627
G1 X155.152 Y146.567 E330.8521
G1 X155.485 Y146.518 E330.86778
G1 X155.825 Y146.501 E330.88363
G1 X156.165 Y146.518 E330.89948
G1 X156.498 Y146.567 E330.91515
G1 X156.828 Y146.649 E330.93099
G1 X157.145 Y146.763 E330.94667
G1 X157.447 Y146.905 E330.96221
G1 X157.744 Y147.083 E330.97834
G1 X158.018 Y147.287 E330.99424
G1 X158.265 Y147.51 E331.00974
G1 X158.488 Y147.757 E331.02523
G1 X158.692 Y148.031 E331.04114
G1 X158.87 Y148.328 E331.05726
G1 X159.012 Y148.63 E331.0728
G1 X159.126 Y148.947 E331.08849
G1 X159.208 Y149.277 E331.10432
G1 X159.257 Y149.61 E331.11999
G1 X159.274 Y149.95 E331.13585
G1 X159.257 Y150.29 E331.1517
G1 X159.208 Y150.623 E331.16737
G1 X159.126 Y150.953 E331.1832
G1 X159.012 Y151.27 E331.19889
G1 X158.872 Y151.568 E331.21422
G1 X158.692 Y151.869 E331.23055
G1 X158.488 Y152.143 E331.24646
G1 X158.265 Y152.39 E331.26195
G1 X158.018 Y152.613 E331.27745
G1 X157.744 Y152.817 E331.29336
G1 X157.447 Y152.995 E331.30948
G1 X157.145 Y153.137 E331.32502
G1 X156.828 Y153.251 E331.3407
G1 X156.498 Y153.333 E331.35654
G1 X156.165 Y153.382 E331.37221
G1 X155.825 Y153.399 E331.38806
G0 F9000 X155.825 Y152.959
G0 X154.931 Y152.781
;TYPE:FILL
G1 F1367.1 X156.466 Y147.052 E331.66424
G0 F9000 X156.264 Y147.018
G1 F1367.1 X158.756 Y149.51 E331.82834
G0 F9000 X158.79 Y149.969
G1 F1367.1 X158.402 Y151.418 E331.89819
G0 F9000 X158.462 Y151.308
G1 F1367.1 X154.218 Y152.445 E332.10278
G0 F9000 X152.869 Y149.701
G1 F1367.1 X158.262 Y148.256 E332.36276
G0 F9000 X157.441 Y152.438
G1 F1367.1 X153.335 Y148.331 E332.63318
G0 F9000 X153.44 Y148.395
G1 F2700 E327.63318
G0 F9000 X152.612 Y149.629
G0 X151.527 Y149.575
G0 X148.305 Y151.203
G0 X147.159 Y151.186
G0 X144.175 Y152.998
;TYPE:WALL-INNER
G1 F2700 E332.63318
G1 F683.6 X143.871 Y152.983 E332.64735
G1 X143.574 Y152.939 E332.66133
G1 X143.286 Y152.868 E332.67514
G1 X143.012 Y152.769 E332.68871
G1 X142.743 Y152.642 E332.70256
G1 X142.48 Y152.485 E332.71682
G1 X142.235 Y152.302 E332.73106
G1 X142.018 Y152.107 E332.74464
G1 X141.823 Y151.89 E332.75823
G1 X141.637 Y151.641 E332.7727
G1 X141.483 Y151.383 E332.78669
G1 X141.356 Y151.113 E332.80059
G1 X141.257 Y150.839 E332.81415
G1 X141.186 Y150.551 E332.82796
G1 X141.142 Y150.254 E332.84194
G1 X141.127 Y149.95 E332.85612
G1 X141.142 Y149.646 E332.87029
G1 X141.186 Y149.349 E332.88427
G1 X141.257 Y149.061 E332.89808
G1 X141.356 Y148.787 E332.91165
G1 X141.483 Y148.518 E332.9255
G1 X141.64 Y148.255 E332.93976
G1 X141.823 Y148.01 E332.954
G1 X142.018 Y147.793 E332.96759
G1 X142.235 Y147.598 E332.98117
G1 X142.48 Y147.415 E332.99541
G1 X142.743 Y147.258 E333.00967
G1 X143.012 Y147.131 E333.02352
G1 X143.286 Y147.032 E333.03709
G1 X143.574 Y146.961 E333.0509
G1 X143.871 Y146.917 E333.06488
G1 X144.175 Y146.902 E333.07906
G1 X144.479 Y146.917 E333.09323
G1 X144.776 Y146.961 E333.10721
G1 X145.064 Y147.032 E333.12102
G1 X145.338 Y147.131 E333.13459
G1 X145.607 Y147.258 E333.14844
G1 X145.87 Y147.415 E333.1627
G1 X146.115 Y147.598 E333.17694
G1 X146.332 Y147.793 E333.19052
G1 X146.527 Y148.01 E333.20411
G1 X146.71 Y148.255 E333.21835
G1 X146.867 Y148.518 E333.23261
G1 X146.994 Y148.787 E333.24646
G1 X147.093 Y149.061 E333.26003
G1 X147.164 Y149.349 E333.27384
G1 X147.208 Y149.646 E333.28782
G1 X147.223 Y149.95 E333.30199
G1 X147.208 Y150.254 E333.31617
G1 X147.164 Y150.551 E333.33015
G1 X147.093 Y150.839 E333.34396
G1 X146.994 Y151.113 E333.35753
G1 X146.867 Y151.383 E333.37142
G1 X146.713 Y151.641 E333.38541
G1 X146.527 Y151.89 E333.39988
G1 X146.332 Y152.107 E333.41347
G1 X146.115 Y152.302 E333.42705
G1 X145.87 Y152.485 E333.44129
G1 X145.607 Y152.642 E333.45555
G1 X145.338 Y152.769 E333.46941
G1 X145.064 Y152.868 E333.48297
G1 X144.776 Y152.939 E333.49678
G1 X144.479 Y152.983 E333.51076
G1 X144.175 Y152.998 E333.52494
G0 F9000 X144.175 Y153.399
;TYPE:WALL-OUTER
G1 F683.6 X143.835 Y153.382 E333.54079
G1 X143.502 Y153.333 E333.55646
G1 X143.172 Y153.251 E333.57229
G1 X142.855 Y153.137 E333.58798
G1 X142.553 Y152.995 E333.60352
G1 X142.256 Y152.817 E333.61964
G1 X141.982 Y152.613 E333.63555
G1 X141.735 Y152.39 E333.65104
G1 X141.512 Y152.143 E333.66654
G1 X141.308 Y151.869 E333.68245
G1 X141.128 Y151.568 E333.69878
G1 X140.988 Y151.27 E333.71411
G1 X140.874 Y150.953 E333.72979
G1 X140.792 Y150.623 E333.74563
G1 X140.743 Y150.29 E333.7613
G1 X140.726 Y149.95 E333.77715
G1 X140.743 Y149.61 E333.793
G1 X140.792 Y149.277 E333.80868
G1 X140.874 Y148.947 E333.82451
G1 X140.988 Y148.63 E333.8402
G1 X141.13 Y148.328 E333.85574
G1 X141.308 Y148.031 E333.87186
G1 X141.512 Y147.757 E333.88777
G1 X141.735 Y147.51 E333.90326
G1 X141.982 Y147.287 E333.91876
G1 X142.256 Y147.083 E333.93466
G1 X142.553 Y146.905 E333.95079
G1 X142.855 Y146.763 E333.96633
G1 X143.172 Y146.649 E333.98201
G1 X143.502 Y146.567 E333.99784
G1 X143.835 Y146.518 E334.01352
G1 X144.175 Y146.501 E334.02937
G1 X144.515 Y146.518 E334.04522
G1 X144.848 Y146.567 E334.06089
G1 X145.178 Y146.649 E334.07673
G1 X145.495 Y146.763 E334.09241
G1 X145.797 Y146.905 E334.10795
G1 X146.094 Y147.083 E334.12408
G1 X146.368 Y147.287 E334.13998
G1 X146.615 Y147.51 E334.15548
G1 X146.838 Y147.757 E334.17097
G1 X147.042 Y148.031 E334.18688
G1 X147.22 Y148.328 E334.203
G1 X147.362 Y148.63 E334.21854
G1 X147.476 Y148.947 E334.23423
G1 X147.558 Y149.277 E334.25006
G1 X147.607 Y149.61 E334.26573
G1 X147.624 Y149.95 E334.28159
G1 X147.607 Y150.29 E334.29744
G1 X147.558 Y150.623 E334.31311
G1 X147.476 Y150.953 E334.32894
G1 X147.362 Y151.27 E334.34463
G1 X147.222 Y151.568 E334.35996
G1 X147.042 Y151.869 E334.37629
G1 X146.838 Y152.143 E334.3922
G1 X146.615 Y152.39 E334.40769
G1 X146.368 Y152.613 E334.42319
G1 X146.094 Y152.817 E334.4391
G1 X145.797 Y152.995 E334.45522
G1 X145.495 Y153.137 E334.47076
G1 X145.178 Y153.251 E334.48644
G1 X144.848 Y153.333 E334.50228
G1 X144.515 Y153.382 E334.51795
G1 X144.175 Y153.399 E334.5338
G0 F9000 X144.175 Y152.959
G0 X145.059 Y152.783
;TYPE:FILL
G1 F1367.1 X141.34 Y149.064 E334.7787
G0 F9000 X141.218 Y149.717
G1 F1367.1 X146.622 Y148.269 E335.03921
G0 F9000 X146.762 Y148.496
G1 F1367.1 X145.689 Y152.5 E335.23224
G0 F9000 X146.804 Y151.326
G1 F1367.1 X142.586 Y152.456 E335.43557
G0 F9000 X142.594 Y152.459
G1 F1367.1 X144.06 Y146.987 E335.69935
G0 F9000 X143.563 Y147.044
G1 F1367.1 X147.08 Y150.562 E335.93099
G0 F9000 X146.963 Y150.532
G1 F2700 E330.93099
;MESH:NONMESH
G0 F300 X146.963 Y150.532 Z13.72
G0 F9000 X147.269 Y150.879
G0 X148.32 Y151.141
G0 X152.216 Y152.313
G0 X153.146 Y151.755
G0 X155.825 Y152.998
;TIME_ELAPSED:637.656527
;LAYER:48
;TYPE:WALL-INNER
;MESH:Shiny Hillar (2).stl
G1 F2700 E335.93099
G1 F684.3 X155.521 Y152.983 E335.94516
G1 X155.224 Y152.939 E335.95914
G1 X154.936 Y152.868 E335.97295
G1 X154.662 Y152.769 E335.98652
G1 X154.393 Y152.642 E336.00037
G1 X154.13 Y152.485 E336.01463
G1 X153.885 Y152.302 E336.02887
G1 X153.668 Y152.107 E336.04246
G1 X153.473 Y151.89 E336.05604
G1 X153.287 Y151.641 E336.07051
G1 X153.133 Y151.383 E336.08451
G1 X153.006 Y151.113 E336.0984
G1 X152.907 Y150.839 E336.11196
G1 X152.836 Y150.551 E336.12578
G1 X152.792 Y150.254 E336.13976
G1 X152.777 Y149.95 E336.15393
G1 X152.792 Y149.646 E336.1681
G1 X152.836 Y149.349 E336.18208
G1 X152.907 Y149.061 E336.1959
G1 X153.006 Y148.787 E336.20946
G1 X153.133 Y148.518 E336.22331
G1 X153.29 Y148.255 E336.23758
G1 X153.473 Y148.01 E336.25181
G1 X153.668 Y147.793 E336.2654
G1 X153.885 Y147.598 E336.27898
G1 X154.13 Y147.415 E336.29322
G1 X154.393 Y147.258 E336.30749
G1 X154.662 Y147.131 E336.32134
G1 X154.936 Y147.032 E336.3349
G1 X155.224 Y146.961 E336.34872
G1 X155.521 Y146.917 E336.3627
G1 X155.825 Y146.902 E336.37687
G1 X156.129 Y146.917 E336.39104
G1 X156.426 Y146.961 E336.40502
G1 X156.714 Y147.032 E336.41883
G1 X156.988 Y147.131 E336.4324
G1 X157.257 Y147.258 E336.44625
G1 X157.52 Y147.415 E336.46051
G1 X157.765 Y147.598 E336.47475
G1 X157.982 Y147.793 E336.48834
G1 X158.177 Y148.01 E336.50192
G1 X158.36 Y148.255 E336.51616
G1 X158.517 Y148.518 E336.53042
G1 X158.644 Y148.787 E336.54428
G1 X158.743 Y149.061 E336.55784
G1 X158.814 Y149.349 E336.57165
G1 X158.858 Y149.646 E336.58563
G1 X158.873 Y149.95 E336.59981
G1 X158.858 Y150.254 E336.61398
G1 X158.814 Y150.551 E336.62796
G1 X158.743 Y150.839 E336.64177
G1 X158.644 Y151.113 E336.65534
G1 X158.517 Y151.383 E336.66923
G1 X158.363 Y151.641 E336.68322
G1 X158.177 Y151.89 E336.6977
G1 X157.982 Y152.107 E336.71128
G1 X157.765 Y152.302 E336.72486
G1 X157.52 Y152.485 E336.7391
G1 X157.257 Y152.642 E336.75337
G1 X156.988 Y152.769 E336.76722
G1 X156.714 Y152.868 E336.78078
G1 X156.426 Y152.939 E336.7946
G1 X156.129 Y152.983 E336.80858
G1 X155.825 Y152.998 E336.82275
G0 F9000 X155.825 Y153.399
;TYPE:WALL-OUTER
G1 F684.3 X155.485 Y153.382 E336.8386
G1 X155.152 Y153.333 E336.85427
G1 X154.822 Y153.251 E336.87011
G1 X154.505 Y153.137 E336.88579
G1 X154.203 Y152.995 E336.90133
G1 X153.906 Y152.817 E336.91746
G1 X153.632 Y152.613 E336.93336
G1 X153.385 Y152.39 E336.94886
G1 X153.162 Y152.143 E336.96435
G1 X152.958 Y151.869 E336.98026
G1 X152.778 Y151.568 E336.99659
G1 X152.638 Y151.27 E337.01192
G1 X152.524 Y150.953 E337.02761
G1 X152.442 Y150.623 E337.04344
G1 X152.393 Y150.29 E337.05911
G1 X152.376 Y149.95 E337.07497
G1 X152.393 Y149.61 E337.09082
G1 X152.442 Y149.277 E337.10649
G1 X152.524 Y148.947 E337.12232
G1 X152.638 Y148.63 E337.13801
G1 X152.78 Y148.328 E337.15355
G1 X152.958 Y148.031 E337.16967
G1 X153.162 Y147.757 E337.18558
G1 X153.385 Y147.51 E337.20107
G1 X153.632 Y147.287 E337.21657
G1 X153.906 Y147.083 E337.23248
G1 X154.203 Y146.905 E337.2486
G1 X154.505 Y146.763 E337.26414
G1 X154.822 Y146.649 E337.27982
G1 X155.152 Y146.567 E337.29566
G1 X155.485 Y146.518 E337.31133
G1 X155.825 Y146.501 E337.32718
G1 X156.165 Y146.518 E337.34303
G1 X156.498 Y146.567 E337.35871
G1 X156.828 Y146.649 E337.37454
G1 X157.145 Y146.763 E337.39023
G1 X157.447 Y146.905 E337.40577
G1 X157.744 Y147.083 E337.42189
G1 X158.018 Y147.287 E337.4378
G1 X158.265 Y147.51 E337.45329
G1 X158.488 Y147.757 E337.46879
G1 X158.692 Y148.031 E337.48469
G1 X158.87 Y148.328 E337.50082
G1 X159.012 Y148.63 E337.51636
G1 X159.126 Y148.947 E337.53204
G1 X159.208 Y149.277 E337.54787
G1 X159.257 Y149.61 E337.56355
G1 X159.274 Y149.95 E337.5794
G1 X159.257 Y150.29 E337.59525
G1 X159.208 Y150.623 E337.61092
G1 X159.126 Y150.953 E337.62676
G1 X159.012 Y151.27 E337.64244
G1 X158.872 Y151.568 E337.65777
G1 X158.692 Y151.869 E337.67411
G1 X158.488 Y152.143 E337.69001
G1 X158.265 Y152.39 E337.70551
G1 X158.018 Y152.613 E337.721
G1 X157.744 Y152.817 E337.73691
G1 X157.447 Y152.995 E337.75303
G1 X157.145 Y153.137 E337.76857
G1 X156.828 Y153.251 E337.78426
G1 X156.498 Y153.333 E337.80009
G1 X156.165 Y153.382 E337.81576
G1 X155.825 Y153.399 E337.83162
G0 F9000 X155.825 Y152.959
G0 X154.744 Y152.713
;TYPE:FILL
G1 F1368.6 X156.27 Y147.017 E338.1062
G0 F9000 X156.616 Y147.09
G1 F1368.6 X158.684 Y149.158 E338.24238
G0 F9000 X158.739 Y149.396
G1 F1368.6 X158.071 Y151.887 E338.36247
G0 F9000 X158.323 Y151.55
G1 F1368.6 X154.461 Y152.585 E338.54865
G0 F9000 X152.859 Y149.908
G1 F1368.6 X158.373 Y148.431 E338.81445
G0 F9000 X157.604 Y152.321
G1 F1368.6 X153.452 Y148.168 E339.0879
G0 F9000 X153.549 Y148.241
G1 F2700 E334.0879
G0 F9000 X152.612 Y149.629
G0 X151.527 Y149.575
G0 X148.305 Y151.203
G0 X147.159 Y151.186
G0 X144.175 Y152.998
;TYPE:WALL-INNER
G1 F2700 E339.0879
G1 F684.3 X143.871 Y152.983 E339.10207
G1 X143.574 Y152.939 E339.11606
G1 X143.286 Y152.868 E339.12987
G1 X143.012 Y152.769 E339.14343
G1 X142.743 Y152.642 E339.15728
G1 X142.48 Y152.485 E339.17155
G1 X142.235 Y152.302 E339.18579
G1 X142.018 Y152.107 E339.19937
G1 X141.823 Y151.89 E339.21296
G1 X141.637 Y151.641 E339.22743
G1 X141.483 Y151.383 E339.24142
G1 X141.356 Y151.113 E339.25531
G1 X141.257 Y150.839 E339.26888
G1 X141.186 Y150.551 E339.28269
G1 X141.142 Y150.254 E339.29667
G1 X141.127 Y149.95 E339.31084
G1 X141.142 Y149.646 E339.32502
G1 X141.186 Y149.349 E339.339
G1 X141.257 Y149.061 E339.35281
G1 X141.356 Y148.787 E339.36638
G1 X141.483 Y148.518 E339.38023
G1 X141.64 Y148.255 E339.39449
G1 X141.823 Y148.01 E339.40873
G1 X142.018 Y147.793 E339.42231
G1 X142.235 Y147.598 E339.4359
G1 X142.48 Y147.415 E339.45014
G1 X142.743 Y147.258 E339.4644
G1 X143.012 Y147.131 E339.47825
G1 X143.286 Y147.032 E339.49182
G1 X143.574 Y146.961 E339.50563
G1 X143.871 Y146.917 E339.51961
G1 X144.175 Y146.902 E339.53378
G1 X144.479 Y146.917 E339.54796
G1 X144.776 Y146.961 E339.56194
G1 X145.064 Y147.032 E339.57575
G1 X145.338 Y147.131 E339.58931
G1 X145.607 Y147.258 E339.60317
G1 X145.87 Y147.415 E339.61743
G1 X146.115 Y147.598 E339.63167
G1 X146.332 Y147.793 E339.64525
G1 X146.527 Y148.01 E339.65884
G1 X146.71 Y148.255 E339.67308
G1 X146.867 Y148.518 E339.68734
G1 X146.994 Y148.787 E339.70119
G1 X147.093 Y149.061 E339.71476
G1 X147.164 Y149.349 E339.72857
G1 X147.208 Y149.646 E339.74255
G1 X147.223 Y149.95 E339.75672
G1 X147.208 Y150.254 E339.77089
G1 X147.164 Y150.551 E339.78487
G1 X147.093 Y150.839 E339.79869
G1 X146.994 Y151.113 E339.81225
G1 X146.867 Y151.383 E339.82615
G1 X146.713 Y151.641 E339.84014
G1 X146.527 Y151.89 E339.85461
G1 X146.332 Y152.107 E339.86819
G1 X146.115 Y152.302 E339.88178
G1 X145.87 Y152.485 E339.89602
G1 X145.607 Y152.642 E339.91028
G1 X145.338 Y152.769 E339.92413
G1 X145.064 Y152.868 E339.9377
G1 X144.776 Y152.939 E339.95151
G1 X144.479 Y152.983 E339.96549
G1 X144.175 Y152.998 E339.97966
G0 F9000 X144.175 Y153.399
;TYPE:WALL-OUTER
G1 F684.3 X143.835 Y153.382 E339.99551
G1 X143.502 Y153.333 E340.01119
G1 X143.172 Y153.251 E340.02702
G1 X142.855 Y153.137 E340.04271
G1 X142.553 Y152.995 E340.05825
G1 X142.256 Y152.817 E340.07437
G1 X141.982 Y152.613 E340.09028
G1 X141.735 Y152.39 E340.10577
G1 X141.512 Y152.143 E340.12127
G1 X141.308 Y151.869 E340.13717
G1 X141.128 Y151.568 E340.1535
G1 X140.988 Y151.27 E340.16884
G1 X140.874 Y150.953 E340.18452
G1 X140.792 Y150.623 E340.20036
G1 X140.743 Y150.29 E340.21603
G1 X140.726 Y149.95 E340.23188
G1 X140.743 Y149.61 E340.24773
G1 X140.792 Y149.277 E340.2634
G1 X140.874 Y148.947 E340.27924
G1 X140.988 Y148.63 E340.29492
G1 X141.13 Y148.328 E340.31046
G1 X141.308 Y148.031 E340.32659
G1 X141.512 Y147.757 E340.34249
G1 X141.735 Y147.51 E340.35799
G1 X141.982 Y147.287 E340.37348
G1 X142.256 Y147.083 E340.38939
G1 X142.553 Y146.905 E340.40551
G1 X142.855 Y146.763 E340.42105
G1 X143.172 Y146.649 E340.43674
G1 X143.502 Y146.567 E340.45257
G1 X143.835 Y146.518 E340.46824
G1 X144.175 Y146.501 E340.4841
G1 X144.515 Y146.518 E340.49995
G1 X144.848 Y146.567 E340.51562
G1 X145.178 Y146.649 E340.53145
G1 X145.495 Y146.763 E340.54714
G1 X145.797 Y146.905 E340.56268
G1 X146.094 Y147.083 E340.5788
G1 X146.368 Y147.287 E340.59471
G1 X146.615 Y147.51 E340.6102
G1 X146.838 Y147.757 E340.6257
G1 X147.042 Y148.031 E340.64161
G1 X147.22 Y148.328 E340.65773
G1 X147.362 Y148.63 E340.67327
G1 X147.476 Y148.947 E340.68896
G1 X147.558 Y149.277 E340.70479
G1 X147.607 Y149.61 E340.72046
G1 X147.624 Y149.95 E340.73631
G1 X147.607 Y150.29 E340.75216
G1 X147.558 Y150.623 E340.76784
G1 X147.476 Y150.953 E340.78367
G1 X147.362 Y151.27 E340.79936
G1 X147.222 Y151.568 E340.81469
G1 X147.042 Y151.869 E340.83102
G1 X146.838 Y152.143 E340.84693
G1 X146.615 Y152.39 E340.86242
G1 X146.368 Y152.613 E340.87792
G1 X146.094 Y152.817 E340.89382
G1 X145.797 Y152.995 E340.90995
G1 X145.495 Y153.137 E340.92549
G1 X145.178 Y153.251 E340.94117
G1 X144.848 Y153.333 E340.95701
G1 X144.515 Y153.382 E340.97268
G1 X144.175 Y153.399 E340.98853
G0 F9000 X144.175 Y152.959
G0 X145.265 Y152.709
;TYPE:FILL
G1 F1368.6 X141.414 Y148.858 E341.24212
G0 F9000 X141.209 Y149.924
G1 F1368.6 X146.731 Y148.445 E341.50832
G0 F9000 X146.618 Y148.265
G1 F1368.6 X145.45 Y152.627 E341.71858
G0 F9000 X146.662 Y151.569
G1 F1368.6 X142.831 Y152.596 E341.90327
G0 F9000 X142.421 Y152.341
G1 F1368.6 X143.852 Y146.999 E342.16079
G0 F9000 X143.805 Y147.007
G1 F1368.6 X147.117 Y150.319 E342.37889
G0 F9000 X146.999 Y150.302
G1 F2700 E337.37889
;MESH:NONMESH
G0 F300 X146.999 Y150.302 Z14
G0 F9000 X147.269 Y150.879
G0 X148.32 Y151.141
G0 X152.216 Y152.313
G0 X153.146 Y151.755
G0 X155.825 Y152.998
;TIME_ELAPSED:650.336834
;LAYER:49
;TYPE:WALL-INNER
;MESH:Shiny Hillar (2).stl
G1 F2700 E342.37889
G1 F682.1 X155.521 Y152.983 E342.39306
G1 X155.224 Y152.939 E342.40704
G1 X154.936 Y152.868 E342.42085
G1 X154.662 Y152.769 E342.43442
G1 X154.393 Y152.642 E342.44827
G1 X154.13 Y152.485 E342.46253
G1 X153.885 Y152.302 E342.47677
G1 X153.668 Y152.107 E342.49036
G1 X153.473 Y151.89 E342.50394
G1 X153.287 Y151.641 E342.51841
G1 X153.133 Y151.383 E342.5324
G1 X153.006 Y151.113 E342.5463
G1 X152.907 Y150.839 E342.55986
G1 X152.836 Y150.551 E342.57368
G1 X152.792 Y150.254 E342.58766
G1 X152.777 Y149.95 E342.60183
G1 X152.792 Y149.646 E342.616
G1 X152.836 Y149.349 E342.62998
G1 X152.907 Y149.061 E342.64379
G1 X153.006 Y148.787 E342.65736
G1 X153.133 Y148.518 E342.67121
G1 X153.29 Y148.255 E342.68547
G1 X153.473 Y148.01 E342.69971
G1 X153.668 Y147.793 E342.7133
G1 X153.885 Y147.598 E342.72688
G1 X154.13 Y147.415 E342.74112
G1 X154.393 Y147.258 E342.75538
G1 X154.662 Y147.131 E342.76924
G1 X154.936 Y147.032 E342.7828
G1 X155.224 Y146.961 E342.79661
G1 X155.521 Y146.917 E342.81059
G1 X155.825 Y146.902 E342.82477
G1 X156.129 Y146.917 E342.83894
G1 X156.426 Y146.961 E342.85292
G1 X156.714 Y147.032 E342.86673
G1 X156.988 Y147.131 E342.8803
G1 X157.257 Y147.258 E342.89415
G1 X157.52 Y147.415 E342.90841
G1 X157.765 Y147.598 E342.92265
G1 X157.982 Y147.793 E342.93624
G1 X158.177 Y148.01 E342.94982
G1 X158.36 Y148.255 E342.96406
G1 X158.517 Y148.518 E342.97832
G1 X158.644 Y148.787 E342.99217
G1 X158.743 Y149.061 E343.00574
G1 X158.814 Y149.349 E343.01955
G1 X158.858 Y149.646 E343.03353
G1 X158.873 Y149.95 E343.04771
G1 X158.858 Y150.254 E343.06188
G1 X158.814 Y150.551 E343.07586
G1 X158.743 Y150.839 E343.08967
G1 X158.644 Y151.113 E343.10324
G1 X158.517 Y151.383 E343.11713
G1 X158.363 Y151.641 E343.13112
G1 X158.177 Y151.89 E343.14559
G1 X157.982 Y152.107 E343.15918
G1 X157.765 Y152.302 E343.17276
G1 X157.52 Y152.485 E343.187
G1 X157.257 Y152.642 E343.20126
G1 X156.988 Y152.769 E343.21512
G1 X156.714 Y152.868 E343.22868
G1 X156.426 Y152.939 E343.24249
G1 X156.129 Y152.983 E343.25647
G1 X155.825 Y152.998 E343.27065
G0 F9000 X155.825 Y153.399
;TYPE:WALL-OUTER
G1 F682.1 X155.485 Y153.382 E343.2865
G1 X155.152 Y153.333 E343.30217
G1 X154.822 Y153.251 E343.31801
G1 X154.505 Y153.137 E343.33369
G1 X154.203 Y152.995 E343.34923
G1 X153.906 Y152.817 E343.36535
G1 X153.632 Y152.613 E343.38126
G1 X153.385 Y152.39 E343.39676
G1 X153.162 Y152.143 E343.41225
G1 X152.958 Y151.869 E343.42816
G1 X152.778 Y151.568 E343.44449
G1 X152.638 Y151.27 E343.45982
G1 X152.524 Y150.953 E343.47551
G1 X152.442 Y150.623 E343.49134
G1 X152.393 Y150.29 E343.50701
G1 X152.376 Y149.95 E343.52286
G1 X152.393 Y149.61 E343.53872
G1 X152.442 Y149.277 E343.55439
G1 X152.524 Y148.947 E343.57022
G1 X152.638 Y148.63 E343.58591
G1 X152.78 Y148.328 E343.60145
G1 X152.958 Y148.031 E343.61757
G1 X153.162 Y147.757 E343.63348
G1 X153.385 Y147.51 E343.64897
G1 X153.632 Y147.287 E343.66447
G1 X153.906 Y147.083 E343.68037
G1 X154.203 Y146.905 E343.6965
G1 X154.505 Y146.763 E343.71204
G1 X154.822 Y146.649 E343.72772
G1 X155.152 Y146.567 E343.74356
G1 X155.485 Y146.518 E343.75923
G1 X155.825 Y146.501 E343.77508
G1 X156.165 Y146.518 E343.79093
G1 X156.498 Y146.567 E343.80661
G1 X156.828 Y146.649 E343.82244
G1 X157.145 Y146.763 E343.83813
G1 X157.447 Y146.905 E343.85366
G1 X157.744 Y147.083 E343.86979
G1 X158.018 Y147.287 E343.88569
G1 X158.265 Y147.51 E343.90119
G1 X158.488 Y147.757 E343.91668
G1 X158.692 Y148.031 E343.93259
G1 X158.87 Y148.328 E343.94871
G1 X159.012 Y148.63 E343.96425
G1 X159.126 Y148.947 E343.97994
G1 X159.208 Y149.277 E343.99577
G1 X159.257 Y149.61 E344.01145
G1 X159.274 Y149.95 E344.0273
G1 X159.257 Y150.29 E344.04315
G1 X159.208 Y150.623 E344.05882
G1 X159.126 Y150.953 E344.07466
G1 X159.012 Y151.27 E344.09034
G1 X158.872 Y151.568 E344.10567
G1 X158.692 Y151.869 E344.122
G1 X158.488 Y152.143 E344.13791
G1 X158.265 Y152.39 E344.15341
G1 X158.018 Y152.613 E344.1689
G1 X157.744 Y152.817 E344.18481
G1 X157.447 Y152.995 E344.20093
G1 X157.145 Y153.137 E344.21647
G1 X156.828 Y153.251 E344.23216
G1 X156.498 Y153.333 E344.24799
G1 X156.165 Y153.382 E344.26366
G1 X155.825 Y153.399 E344.27951
G0 F9000 X155.825 Y152.959
G0 X154.745 Y152.714
;TYPE:FILL
G1 F1364.2 X158.14 Y151.804 E344.44318
G0 F9000 X157.79 Y152.171
G1 F1364.2 X158.638 Y149.007 E344.59571
G0 F9000 X158.52 Y148.714
G1 F1364.2 X157.061 Y147.254 E344.69182
G0 F9000 X156.072 Y146.993
G1 F1364.2 X154.561 Y152.632 E344.96366
G0 F9000 X152.865 Y150.112
G1 F1364.2 X158.472 Y148.609 E345.23396
G0 F9000 X157.76 Y152.196
G1 F1364.2 X153.576 Y148.013 E345.50945
G0 F9000 X153.666 Y148.094
G1 F2700 E340.50945
G0 F9000 X152.612 Y149.629
G0 X151.527 Y149.575
G0 X148.305 Y151.203
G0 X147.159 Y151.186
G0 X144.175 Y152.998
;TYPE:WALL-INNER
G1 F2700 E345.50945
G1 F682.1 X143.871 Y152.983 E345.52362
G1 X143.574 Y152.939 E345.5376
G1 X143.286 Y152.868 E345.55142
G1 X143.012 Y152.769 E345.56498
G1 X142.743 Y152.642 E345.57883
G1 X142.48 Y152.485 E345.5931
G1 X142.235 Y152.302 E345.60734
G1 X142.018 Y152.107 E345.62092
G1 X141.823 Y151.89 E345.63451
G1 X141.637 Y151.641 E345.64898
G1 X141.483 Y151.383 E345.66297
G1 X141.356 Y151.113 E345.67686
G1 X141.257 Y150.839 E345.69043
G1 X141.186 Y150.551 E345.70424
G1 X141.142 Y150.254 E345.71822
G1 X141.127 Y149.95 E345.73239
G1 X141.142 Y149.646 E345.74657
G1 X141.186 Y149.349 E345.76055
G1 X141.257 Y149.061 E345.77436
G1 X141.356 Y148.787 E345.78792
G1 X141.483 Y148.518 E345.80178
G1 X141.64 Y148.255 E345.81604
G1 X141.823 Y148.01 E345.83028
G1 X142.018 Y147.793 E345.84386
G1 X142.235 Y147.598 E345.85745
G1 X142.48 Y147.415 E345.87169
G1 X142.743 Y147.258 E345.88595
G1 X143.012 Y147.131 E345.8998
G1 X143.286 Y147.032 E345.91337
G1 X143.574 Y146.961 E345.92718
G1 X143.871 Y146.917 E345.94116
G1 X144.175 Y146.902 E345.95533
G1 X144.479 Y146.917 E345.9695
G1 X144.776 Y146.961 E345.98348
G1 X145.064 Y147.032 E345.9973
G1 X145.338 Y147.131 E346.01086
G1 X145.607 Y147.258 E346.02471
G1 X145.87 Y147.415 E346.03898
G1 X146.115 Y147.598 E346.05322
G1 X146.332 Y147.793 E346.0668
G1 X146.527 Y148.01 E346.08039
G1 X146.71 Y148.255 E346.09463
G1 X146.867 Y148.518 E346.10889
G1 X146.994 Y148.787 E346.12274
G1 X147.093 Y149.061 E346.13631
G1 X147.164 Y149.349 E346.15012
G1 X147.208 Y149.646 E346.1641
G1 X147.223 Y149.95 E346.17827
G1 X147.208 Y150.254 E346.19244
G1 X147.164 Y150.551 E346.20642
G1 X147.093 Y150.839 E346.22024
G1 X146.994 Y151.113 E346.2338
G1 X146.867 Y151.383 E346.2477
G1 X146.713 Y151.641 E346.26169
G1 X146.527 Y151.89 E346.27616
G1 X146.332 Y152.107 E346.28974
G1 X146.115 Y152.302 E346.30333
G1 X145.87 Y152.485 E346.31757
G1 X145.607 Y152.642 E346.33183
G1 X145.338 Y152.769 E346.34568
G1 X145.064 Y152.868 E346.35925
G1 X144.776 Y152.939 E346.37306
G1 X144.479 Y152.983 E346.38704
G1 X144.175 Y152.998 E346.40121
G0 F9000 X144.175 Y153.399
;TYPE:WALL-OUTER
G1 F682.1 X143.835 Y153.382 E346.41706
G1 X143.502 Y153.333 E346.43274
G1 X143.172 Y153.251 E346.44857
G1 X142.855 Y153.137 E346.46426
G1 X142.553 Y152.995 E346.4798
G1 X142.256 Y152.817 E346.49592
G1 X141.982 Y152.613 E346.51183
G1 X141.735 Y152.39 E346.52732
G1 X141.512 Y152.143 E346.54282
G1 X141.308 Y151.869 E346.55872
G1 X141.128 Y151.568 E346.57505
G1 X140.988 Y151.27 E346.59038
G1 X140.874 Y150.953 E346.60607
G1 X140.792 Y150.623 E346.6219
G1 X140.743 Y150.29 E346.63758
G1 X140.726 Y149.95 E346.65343
G1 X140.743 Y149.61 E346.66928
G1 X140.792 Y149.277 E346.68495
G1 X140.874 Y148.947 E346.70079
G1 X140.988 Y148.63 E346.71647
G1 X141.13 Y148.328 E346.73201
G1 X141.308 Y148.031 E346.74814
G1 X141.512 Y147.757 E346.76404
G1 X141.735 Y147.51 E346.77954
G1 X141.982 Y147.287 E346.79503
G1 X142.256 Y147.083 E346.81094
G1 X142.553 Y146.905 E346.82706
G1 X142.855 Y146.763 E346.8426
G1 X143.172 Y146.649 E346.85829
G1 X143.502 Y146.567 E346.87412
G1 X143.835 Y146.518 E346.88979
G1 X144.175 Y146.501 E346.90565
G1 X144.515 Y146.518 E346.9215
G1 X144.848 Y146.567 E346.93717
G1 X145.178 Y146.649 E346.953
G1 X145.495 Y146.763 E346.96869
G1 X145.797 Y146.905 E346.98423
G1 X146.094 Y147.083 E347.00035
G1 X146.368 Y147.287 E347.01626
G1 X146.615 Y147.51 E347.03175
G1 X146.838 Y147.757 E347.04725
G1 X147.042 Y148.031 E347.06316
G1 X147.22 Y148.328 E347.07928
G1 X147.362 Y148.63 E347.09482
G1 X147.476 Y148.947 E347.1105
G1 X147.558 Y149.277 E347.12634
G1 X147.607 Y149.61 E347.14201
G1 X147.624 Y149.95 E347.15786
G1 X147.607 Y150.29 E347.17371
G1 X147.558 Y150.623 E347.18939
G1 X147.476 Y150.953 E347.20522
G1 X147.362 Y151.27 E347.22091
G1 X147.222 Y151.568 E347.23624
G1 X147.042 Y151.869 E347.25257
G1 X146.838 Y152.143 E347.26847
G1 X146.615 Y152.39 E347.28397
G1 X146.368 Y152.613 E347.29947
G1 X146.094 Y152.817 E347.31537
G1 X145.797 Y152.995 E347.33149
G1 X145.495 Y153.137 E347.34703
G1 X145.178 Y153.251 E347.36272
G1 X144.848 Y153.333 E347.37855
G1 X144.515 Y153.382 E347.39423
G1 X144.175 Y153.399 E347.41008
G0 F9000 X144.175 Y152.959
G0 X145.218 Y152.727
;TYPE:FILL
G1 F1364.2 X146.467 Y148.064 E347.63486
G0 F9000 X146.828 Y148.624
G1 F1364.2 X141.216 Y150.127 E347.90539
G0 F9000 X141.501 Y148.665
G1 F1364.2 X145.458 Y152.622 E348.16596
G0 F9000 X146.475 Y151.824
G1 F1364.2 X143.12 Y152.723 E348.3277
G0 F9000 X142.251 Y152.208
G1 F1364.2 X143.638 Y147.031 E348.57726
G0 F9000 X144.065 Y146.987
G1 F1364.2 X147.136 Y150.058 E348.77949
G0 F9000 X147.018 Y150.051
G1 F2700 E343.77949
;MESH:NONMESH
G0 F300 X147.018 Y150.051 Z14.28
G0 F9000 X147.342 Y150.584
G0 X148.394 Y150.846
G0 X152.216 Y152.313
G0 X153.146 Y151.755
G0 X155.825 Y152.998
;TIME_ELAPSED:663.121920
;LAYER:50
;TYPE:WALL-INNER
;MESH:Shiny Hillar (2).stl
G1 F2700 E348.77949
G1 F673.6 X155.521 Y152.983 E348.79367
G1 X155.224 Y152.939 E348.80765
G1 X154.936 Y152.868 E348.82146
G1 X154.662 Y152.769 E348.83502
G1 X154.393 Y152.642 E348.84888
G1 X154.13 Y152.485 E348.86314
G1 X153.885 Y152.302 E348.87738
G1 X153.668 Y152.107 E348.89096
G1 X153.473 Y151.89 E348.90455
G1 X153.287 Y151.641 E348.91902
G1 X153.133 Y151.383 E348.93301
G1 X153.006 Y151.113 E348.9469
G1 X152.907 Y150.839 E348.96047
G1 X152.836 Y150.551 E348.97428
G1 X152.792 Y150.254 E348.98826
G1 X152.777 Y149.95 E349.00244
G1 X152.792 Y149.646 E349.01661
G1 X152.836 Y149.349 E349.03059
G1 X152.907 Y149.061 E349.0444
G1 X153.006 Y148.787 E349.05797
G1 X153.133 Y148.518 E349.07182
G1 X153.29 Y148.255 E349.08608
G1 X153.473 Y148.01 E349.10032
G1 X153.668 Y147.793 E349.1139
G1 X153.885 Y147.598 E349.12749
G1 X154.13 Y147.415 E349.14173
G1 X154.393 Y147.258 E349.15599
G1 X154.662 Y147.131 E349.16984
G1 X154.936 Y147.032 E349.18341
G1 X155.224 Y146.961 E349.19722
G1 X155.521 Y146.917 E349.2112
G1 X155.825 Y146.902 E349.22537
G1 X156.129 Y146.917 E349.23955
G1 X156.426 Y146.961 E349.25353
G1 X156.714 Y147.032 E349.26734
G1 X156.988 Y147.131 E349.28091
G1 X157.257 Y147.258 E349.29476
G1 X157.52 Y147.415 E349.30902
G1 X157.765 Y147.598 E349.32326
G1 X157.982 Y147.793 E349.33684
G1 X158.177 Y148.01 E349.35043
G1 X158.36 Y148.255 E349.36467
G1 X158.517 Y148.518 E349.37893
G1 X158.644 Y148.787 E349.39278
G1 X158.743 Y149.061 E349.40635
G1 X158.814 Y149.349 E349.42016
G1 X158.858 Y149.646 E349.43414
G1 X158.873 Y149.95 E349.44831
G1 X158.858 Y150.254 E349.46249
G1 X158.814 Y150.551 E349.47647
G1 X158.743 Y150.839 E349.49028
G1 X158.644 Y151.113 E349.50384
G1 X158.517 Y151.383 E349.51774
G1 X158.363 Y151.641 E349.53173
G1 X158.177 Y151.89 E349.5462
G1 X157.982 Y152.107 E349.55979
G1 X157.765 Y152.302 E349.57337
G1 X157.52 Y152.485 E349.58761
G1 X157.257 Y152.642 E349.60187
G1 X156.988 Y152.769 E349.61572
G1 X156.714 Y152.868 E349.62929
G1 X156.426 Y152.939 E349.6431
G1 X156.129 Y152.983 E349.65708
G1 X155.825 Y152.998 E349.67125
G0 F9000 X155.825 Y153.399
;TYPE:WALL-OUTER
G1 F673.6 X155.485 Y153.382 E349.68711
G1 X155.152 Y153.333 E349.70278
G1 X154.822 Y153.251 E349.71861
G1 X154.505 Y153.137 E349.7343
G1 X154.203 Y152.995 E349.74984
G1 X153.906 Y152.817 E349.76596
G1 X153.632 Y152.613 E349.78187
G1 X153.385 Y152.39 E349.79736
G1 X153.162 Y152.143 E349.81286
G1 X152.958 Y151.869 E349.82876
G1 X152.778 Y151.568 E349.8451
G1 X152.638 Y151.27 E349.86043
G1 X152.524 Y150.953 E349.87611
G1 X152.442 Y150.623 E349.89195
G1 X152.393 Y150.29 E349.90762
G1 X152.376 Y149.95 E349.92347
G1 X152.393 Y149.61 E349.93932
G1 X152.442 Y149.277 E349.955
G1 X152.524 Y148.947 E349.97083
G1 X152.638 Y148.63 E349.98652
G1 X152.78 Y148.328 E350.00205
G1 X152.958 Y148.031 E350.01818
G1 X153.162 Y147.757 E350.03408
G1 X153.385 Y147.51 E350.04958
G1 X153.632 Y147.287 E350.06507
G1 X153.906 Y147.083 E350.08098
G1 X154.203 Y146.905 E350.0971
G1 X154.505 Y146.763 E350.11264
G1 X154.822 Y146.649 E350.12833
G1 X155.152 Y146.567 E350.14416
G1 X155.485 Y146.518 E350.15984
G1 X155.825 Y146.501 E350.17569
G1 X156.165 Y146.518 E350.19154
G1 X156.498 Y146.567 E350.20721
G1 X156.828 Y146.649 E350.22305
G1 X157.145 Y146.763 E350.23873
G1 X157.447 Y146.905 E350.25427
G1 X157.744 Y147.083 E350.27039
G1 X158.018 Y147.287 E350.2863
G1 X158.265 Y147.51 E350.3018
G1 X158.488 Y147.757 E350.31729
G1 X158.692 Y148.031 E350.3332
G1 X158.87 Y148.328 E350.34932
G1 X159.012 Y148.63 E350.36486
G1 X159.126 Y148.947 E350.38055
G1 X159.208 Y149.277 E350.39638
G1 X159.257 Y149.61 E350.41205
G1 X159.274 Y149.95 E350.4279
G1 X159.257 Y150.29 E350.44376
G1 X159.208 Y150.623 E350.45943
G1 X159.126 Y150.953 E350.47526
G1 X159.012 Y151.27 E350.49095
G1 X158.872 Y151.568 E350.50628
G1 X158.692 Y151.869 E350.52261
G1 X158.488 Y152.143 E350.53852
G1 X158.265 Y152.39 E350.55401
G1 X158.018 Y152.613 E350.56951
G1 X157.744 Y152.817 E350.58541
G1 X157.447 Y152.995 E350.60154
G1 X157.145 Y153.137 E350.61708
G1 X156.828 Y153.251 E350.63276
G1 X156.498 Y153.333 E350.6486
G1 X156.165 Y153.382 E350.66427
G1 X155.825 Y153.399 E350.68012
G0 F9000 X155.825 Y152.959
G0 X155.095 Y152.825
;TYPE:FILL
G1 F1347.2 X157.899 Y152.074 E350.81529
G0 F9000 X157.908 Y152.064
G1 F1347.2 X153.708 Y147.865 E351.09183
G0 F9000 X155.869 Y146.984
G1 F1347.2 X154.38 Y152.541 E351.35972
G0 F9000 X152.882 Y150.312
G1 F1347.2 X158.557 Y148.792 E351.63328
G0 F9000 X158.515 Y148.702
G1 F1347.2 X157.53 Y152.377 E351.81045
G0 F9000 X157.46 Y152.281
G1 F2700 E346.81045
G0 F9000 X153.146 Y151.755
G0 X152.216 Y152.313
G0 X147.785 Y152.312
G0 X146.854 Y151.755
G0 X144.175 Y152.998
;TYPE:WALL-INNER
G1 F2700 E351.81045
G1 F673.6 X143.871 Y152.983 E351.82462
G1 X143.574 Y152.939 E351.8386
G1 X143.286 Y152.868 E351.85241
G1 X143.012 Y152.769 E351.86598
G1 X142.743 Y152.642 E351.87983
G1 X142.48 Y152.485 E351.89409
G1 X142.235 Y152.302 E351.90833
G1 X142.018 Y152.107 E351.92192
G1 X141.823 Y151.89 E351.9355
G1 X141.637 Y151.641 E351.94997
G1 X141.483 Y151.383 E351.96397
G1 X141.356 Y151.113 E351.97786
G1 X141.257 Y150.839 E351.99142
G1 X141.186 Y150.551 E352.00524
G1 X141.142 Y150.254 E352.01922
G1 X141.127 Y149.95 E352.03339
G1 X141.142 Y149.646 E352.04756
G1 X141.186 Y149.349 E352.06154
G1 X141.257 Y149.061 E352.07536
G1 X141.356 Y148.787 E352.08892
G1 X141.483 Y148.518 E352.10277
G1 X141.64 Y148.255 E352.11704
G1 X141.823 Y148.01 E352.13127
G1 X142.018 Y147.793 E352.14486
G1 X142.235 Y147.598 E352.15844
G1 X142.48 Y147.415 E352.17268
G1 X142.743 Y147.258 E352.18695
G1 X143.012 Y147.131 E352.2008
G1 X143.286 Y147.032 E352.21436
G1 X143.574 Y146.961 E352.22818
G1 X143.871 Y146.917 E352.24216
G1 X144.175 Y146.902 E352.25633
G1 X144.479 Y146.917 E352.2705
G1 X144.776 Y146.961 E352.28448
G1 X145.064 Y147.032 E352.29829
G1 X145.338 Y147.131 E352.31186
G1 X145.607 Y147.258 E352.32571
G1 X145.87 Y147.415 E352.33997
G1 X146.115 Y147.598 E352.35421
G1 X146.332 Y147.793 E352.3678
G1 X146.527 Y148.01 E352.38138
G1 X146.71 Y148.255 E352.39562
G1 X146.867 Y148.518 E352.40988
G1 X146.994 Y148.787 E352.42374
G1 X147.093 Y149.061 E352.4373
G1 X147.164 Y149.349 E352.45111
G1 X147.208 Y149.646 E352.46509
G1 X147.223 Y149.95 E352.47927
G1 X147.208 Y150.254 E352.49344
G1 X147.164 Y150.551 E352.50742
G1 X147.093 Y150.839 E352.52123
G1 X146.994 Y151.113 E352.5348
G1 X146.867 Y151.383 E352.54869
G1 X146.713 Y151.641 E352.56268
G1 X146.527 Y151.89 E352.57716
G1 X146.332 Y152.107 E352.59074
G1 X146.115 Y152.302 E352.60432
G1 X145.87 Y152.485 E352.61856
G1 X145.607 Y152.642 E352.63283
G1 X145.338 Y152.769 E352.64668
G1 X145.064 Y152.868 E352.66024
G1 X144.776 Y152.939 E352.67406
G1 X144.479 Y152.983 E352.68804
G1 X144.175 Y152.998 E352.70221
G0 F9000 X144.175 Y153.399
;TYPE:WALL-OUTER
G1 F673.6 X143.835 Y153.382 E352.71806
G1 X143.502 Y153.333 E352.73373
G1 X143.172 Y153.251 E352.74957
G1 X142.855 Y153.137 E352.76525
G1 X142.553 Y152.995 E352.78079
G1 X142.256 Y152.817 E352.79692
G1 X141.982 Y152.613 E352.81282
G1 X141.735 Y152.39 E352.82832
G1 X141.512 Y152.143 E352.84381
G1 X141.308 Y151.869 E352.85972
G1 X141.128 Y151.568 E352.87605
G1 X140.988 Y151.27 E352.89138
G1 X140.874 Y150.953 E352.90707
G1 X140.792 Y150.623 E352.9229
G1 X140.743 Y150.29 E352.93857
G1 X140.726 Y149.95 E352.95443
G1 X140.743 Y149.61 E352.97028
G1 X140.792 Y149.277 E352.98595
G1 X140.874 Y148.947 E353.00178
G1 X140.988 Y148.63 E353.01747
G1 X141.13 Y148.328 E353.03301
G1 X141.308 Y148.031 E353.04913
G1 X141.512 Y147.757 E353.06504
G1 X141.735 Y147.51 E353.08053
G1 X141.982 Y147.287 E353.09603
G1 X142.256 Y147.083 E353.11194
G1 X142.553 Y146.905 E353.12806
G1 X142.855 Y146.763 E353.1436
G1 X143.172 Y146.649 E353.15928
G1 X143.502 Y146.567 E353.17512
G1 X143.835 Y146.518 E353.19079
G1 X144.175 Y146.501 E353.20664
G1 X144.515 Y146.518 E353.22249
G1 X144.848 Y146.567 E353.23817
G1 X145.178 Y146.649 E353.254
G1 X145.495 Y146.763 E353.26969
G1 X145.797 Y146.905 E353.28523
G1 X146.094 Y147.083 E353.30135
G1 X146.368 Y147.287 E353.31726
G1 X146.615 Y147.51 E353.33275
G1 X146.838 Y147.757 E353.34825
G1 X147.042 Y148.031 E353.36415
G1 X147.22 Y148.328 E353.38028
G1 X147.362 Y148.63 E353.39581
G1 X147.476 Y148.947 E353.4115
G1 X147.558 Y149.277 E353.42733
G1 X147.607 Y149.61 E353.44301
G1 X147.624 Y149.95 E353.45886
G1 X147.607 Y150.29 E353.47471
G1 X147.558 Y150.623 E353.49038
G1 X147.476 Y150.953 E353.50622
G1 X147.362 Y151.27 E353.5219
G1 X147.222 Y151.568 E353.53723
G1 X147.042 Y151.869 E353.55357
G1 X146.838 Y152.143 E353.56947
G1 X146.615 Y152.39 E353.58497
G1 X146.368 Y152.613 E353.60046
G1 X146.094 Y152.817 E353.61637
G1 X145.797 Y152.995 E353.63249
G1 X145.495 Y153.137 E353.64803
G1 X145.178 Y153.251 E353.66372
G1 X144.848 Y153.333 E353.67955
G1 X144.515 Y153.382 E353.69522
G1 X144.175 Y153.399 E353.71108
G0 F9000 X144.175 Y152.959
G0 X143.476 Y152.833
;TYPE:FILL
G1 F1347.2 X146.224 Y152.097 E353.84354
G0 F9000 X145.642 Y152.527
G1 F1347.2 X141.596 Y148.481 E354.10998
G0 F9000 X141.234 Y150.328
G1 F1347.2 X146.913 Y148.806 E354.38375
G0 F9000 X147.134 Y149.775
G1 F1347.2 X144.348 Y146.99 E354.56718
G0 F9000 X143.42 Y147.079
G1 F1347.2 X142.086 Y152.06 E354.80729
G0 F9000 X144.993 Y152.803
G1 F1347.2 X146.31 Y147.888 E355.04423
G0 F9000 X146.22 Y147.967
G1 F2700 E350.04423
;MESH:NONMESH
G0 F300 X146.22 Y147.967 Z14.56
G0 F9000 X147.388 Y149.629
G0 X148.472 Y149.574
G0 X151.821 Y151.553
G0 X152.841 Y151.186
G0 X155.825 Y152.998
;TIME_ELAPSED:675.929643
;LAYER:51
;TYPE:WALL-INNER
;MESH:Shiny Hillar (2).stl
G1 F2700 E355.04423
G1 F672.7 X155.521 Y152.983 E355.0584
G1 X155.224 Y152.939 E355.07238
G1 X154.936 Y152.868 E355.08619
G1 X154.662 Y152.769 E355.09976
G1 X154.393 Y152.642 E355.11361
G1 X154.13 Y152.485 E355.12787
G1 X153.885 Y152.302 E355.14211
G1 X153.668 Y152.107 E355.1557
G1 X153.473 Y151.89 E355.16928
G1 X153.287 Y151.641 E355.18375
G1 X153.133 Y151.383 E355.19774
G1 X153.006 Y151.113 E355.21164
G1 X152.907 Y150.839 E355.2252
G1 X152.836 Y150.551 E355.23902
G1 X152.792 Y150.254 E355.253
G1 X152.777 Y149.95 E355.26717
G1 X152.792 Y149.646 E355.28134
G1 X152.836 Y149.349 E355.29532
G1 X152.907 Y149.061 E355.30913
G1 X153.006 Y148.787 E355.3227
G1 X153.133 Y148.518 E355.33655
G1 X153.29 Y148.255 E355.35081
G1 X153.473 Y148.01 E355.36505
G1 X153.668 Y147.793 E355.37864
G1 X153.885 Y147.598 E355.39222
G1 X154.13 Y147.415 E355.40646
G1 X154.393 Y147.258 E355.42072
G1 X154.662 Y147.131 E355.43458
G1 X154.936 Y147.032 E355.44814
G1 X155.224 Y146.961 E355.46195
G1 X155.521 Y146.917 E355.47593
G1 X155.825 Y146.902 E355.49011
G1 X156.129 Y146.917 E355.50428
G1 X156.426 Y146.961 E355.51826
G1 X156.714 Y147.032 E355.53207
G1 X156.988 Y147.131 E355.54564
G1 X157.257 Y147.258 E355.55949
G1 X157.52 Y147.415 E355.57375
G1 X157.765 Y147.598 E355.58799
G1 X157.982 Y147.793 E355.60158
G1 X158.177 Y148.01 E355.61516
G1 X158.36 Y148.255 E355.6294
G1 X158.517 Y148.518 E355.64366
G1 X158.644 Y148.787 E355.65751
G1 X158.743 Y149.061 E355.67108
G1 X158.814 Y149.349 E355.68489
G1 X158.858 Y149.646 E355.69887
G1 X158.873 Y149.95 E355.71305
G1 X158.858 Y150.254 E355.72722
G1 X158.814 Y150.551 E355.7412
G1 X158.743 Y150.839 E355.75501
G1 X158.644 Y151.113 E355.76858
G1 X158.517 Y151.383 E355.78247
G1 X158.363 Y151.641 E355.79646
G1 X158.177 Y151.89 E355.81093
G1 X157.982 Y152.107 E355.82452
G1 X157.765 Y152.302 E355.8381
G1 X157.52 Y152.485 E355.85234
G1 X157.257 Y152.642 E355.86661
G1 X156.988 Y152.769 E355.88046
G1 X156.714 Y152.868 E355.89402
G1 X156.426 Y152.939 E355.90783
G1 X156.129 Y152.983 E355.92182
G1 X155.825 Y152.998 E355.93599
G0 F9000 X155.825 Y153.399
;TYPE:WALL-OUTER
G1 F672.7 X155.485 Y153.382 E355.95184
G1 X155.152 Y153.333 E355.96751
G1 X154.822 Y153.251 E355.98335
G1 X154.505 Y153.137 E355.99903
G1 X154.203 Y152.995 E356.01457
G1 X153.906 Y152.817 E356.03069
G1 X153.632 Y152.613 E356.0466
G1 X153.385 Y152.39 E356.0621
G1 X153.162 Y152.143 E356.07759
G1 X152.958 Y151.869 E356.0935
G1 X152.778 Y151.568 E356.10983
G1 X152.638 Y151.27 E356.12516
G1 X152.524 Y150.953 E356.14085
G1 X152.442 Y150.623 E356.15668
G1 X152.393 Y150.29 E356.17235
G1 X152.376 Y149.95 E356.1882
G1 X152.393 Y149.61 E356.20406
G1 X152.442 Y149.277 E356.21973
G1 X152.524 Y148.947 E356.23556
G1 X152.638 Y148.63 E356.25125
G1 X152.78 Y148.328 E356.26679
G1 X152.958 Y148.031 E356.28291
G1 X153.162 Y147.757 E356.29882
G1 X153.385 Y147.51 E356.31431
G1 X153.632 Y147.287 E356.32981
G1 X153.906 Y147.083 E356.34571
G1 X154.203 Y146.905 E356.36184
G1 X154.505 Y146.763 E356.37738
G1 X154.822 Y146.649 E356.39306
G1 X155.152 Y146.567 E356.4089
G1 X155.485 Y146.518 E356.42457
G1 X155.825 Y146.501 E356.44042
G1 X156.165 Y146.518 E356.45627
G1 X156.498 Y146.567 E356.47195
G1 X156.828 Y146.649 E356.48778
G1 X157.145 Y146.763 E356.50347
G1 X157.447 Y146.905 E356.519
G1 X157.744 Y147.083 E356.53513
G1 X158.018 Y147.287 E356.55103
G1 X158.265 Y147.51 E356.56653
G1 X158.488 Y147.757 E356.58202
G1 X158.692 Y148.031 E356.59793
G1 X158.87 Y148.328 E356.61405
G1 X159.012 Y148.63 E356.62959
G1 X159.126 Y148.947 E356.64528
G1 X159.208 Y149.277 E356.66111
G1 X159.257 Y149.61 E356.67679
G1 X159.274 Y149.95 E356.69264
G1 X159.257 Y150.29 E356.70849
G1 X159.208 Y150.623 E356.72416
G1 X159.126 Y150.953 E356.74
G1 X159.012 Y151.27 E356.75568
G1 X158.872 Y151.568 E356.77101
G1 X158.692 Y151.869 E356.78734
G1 X158.488 Y152.143 E356.80325
G1 X158.265 Y152.39 E356.81875
G1 X158.018 Y152.613 E356.83424
G1 X157.744 Y152.817 E356.85015
G1 X157.447 Y152.995 E356.86627
G1 X157.145 Y153.137 E356.88181
G1 X156.828 Y153.251 E356.8975
G1 X156.498 Y153.333 E356.91333
G1 X156.165 Y153.382 E356.929
G1 X155.825 Y153.399 E356.94485
G0 F9000 X155.825 Y152.959
G0 X155.566 Y152.904
;TYPE:FILL
G1 F1345.4 X157.528 Y152.378 E357.03944
G0 F9000 X157.283 Y152.534
G1 F1345.4 X158.379 Y148.442 E357.2367
G0 F9000 X158.628 Y148.978
G1 F1345.4 X152.911 Y150.51 E357.5123
G0 F9000 X153.182 Y151.301
G1 F1345.4 X154.472 Y152.591 E357.59724
G0 F9000 X154.204 Y152.436
G1 F1345.4 X155.663 Y146.989 E357.85982
G0 F9000 X153.855 Y147.731
G1 F1345.4 X158.043 Y151.919 E358.13561
G0 F9000 X157.954 Y151.839
G1 F2700 E353.13561
G0 F9000 X153.146 Y151.755
G0 X152.216 Y152.313
G0 X147.785 Y152.312
G0 X146.854 Y151.755
G0 X144.175 Y152.998
;TYPE:WALL-INNER
G1 F2700 E358.13561
G1 F672.7 X143.871 Y152.983 E358.14978
G1 X143.574 Y152.939 E358.16376
G1 X143.286 Y152.868 E358.17757
G1 X143.012 Y152.769 E358.19114
G1 X142.743 Y152.642 E358.20499
G1 X142.48 Y152.485 E358.21925
G1 X142.235 Y152.302 E358.23349
G1 X142.018 Y152.107 E358.24708
G1 X141.823 Y151.89 E358.26066
G1 X141.637 Y151.641 E358.27513
G1 X141.483 Y151.383 E358.28913
G1 X141.356 Y151.113 E358.30302
G1 X141.257 Y150.839 E358.31658
G1 X141.186 Y150.551 E358.3304
G1 X141.142 Y150.254 E358.34438
G1 X141.127 Y149.95 E358.35855
G1 X141.142 Y149.646 E358.37272
G1 X141.186 Y149.349 E358.3867
G1 X141.257 Y149.061 E358.40052
G1 X141.356 Y148.787 E358.41408
G1 X141.483 Y148.518 E358.42793
G1 X141.64 Y148.255 E358.4422
G1 X141.823 Y148.01 E358.45643
G1 X142.018 Y147.793 E358.47002
G1 X142.235 Y147.598 E358.4836
G1 X142.48 Y147.415 E358.49784
G1 X142.743 Y147.258 E358.51211
G1 X143.012 Y147.131 E358.52596
G1 X143.286 Y147.032 E358.53952
G1 X143.574 Y146.961 E358.55334
G1 X143.871 Y146.917 E358.56732
G1 X144.175 Y146.902 E358.58149
G1 X144.479 Y146.917 E358.59566
G1 X144.776 Y146.961 E358.60964
G1 X145.064 Y147.032 E358.62345
G1 X145.338 Y147.131 E358.63702
G1 X145.607 Y147.258 E358.65087
G1 X145.87 Y147.415 E358.66513
G1 X146.115 Y147.598 E358.67937
G1 X146.332 Y147.793 E358.69296
G1 X146.527 Y148.01 E358.70654
G1 X146.71 Y148.255 E358.72078
G1 X146.867 Y148.518 E358.73504
G1 X146.994 Y148.787 E358.7489
G1 X147.093 Y149.061 E358.76246
G1 X147.164 Y149.349 E358.77627
G1 X147.208 Y149.646 E358.79025
G1 X147.223 Y149.95 E358.80443
G1 X147.208 Y150.254 E358.8186
G1 X147.164 Y150.551 E358.83258
G1 X147.093 Y150.839 E358.84639
G1 X146.994 Y151.113 E358.85996
G1 X146.867 Y151.383 E358.87385
G1 X146.713 Y151.641 E358.88784
G1 X146.527 Y151.89 E358.90231
G1 X146.332 Y152.107 E358.9159
G1 X146.115 Y152.302 E358.92948
G1 X145.87 Y152.485 E358.94372
G1 X145.607 Y152.642 E358.95799
G1 X145.338 Y152.769 E358.97184
G1 X145.064 Y152.868 E358.9854
G1 X144.776 Y152.939 E358.99922
G1 X144.479 Y152.983 E359.0132
G1 X144.175 Y152.998 E359.02737
G0 F9000 X144.175 Y153.399
;TYPE:WALL-OUTER
G1 F672.7 X143.835 Y153.382 E359.04322
G1 X143.502 Y153.333 E359.05889
G1 X143.172 Y153.251 E359.07473
G1 X142.855 Y153.137 E359.09041
G1 X142.553 Y152.995 E359.10595
G1 X142.256 Y152.817 E359.12208
G1 X141.982 Y152.613 E359.13798
G1 X141.735 Y152.39 E359.15348
G1 X141.512 Y152.143 E359.16897
G1 X141.308 Y151.869 E359.18488
G1 X141.128 Y151.568 E359.20121
G1 X140.988 Y151.27 E359.21654
G1 X140.874 Y150.953 E359.23223
G1 X140.792 Y150.623 E359.24806
G1 X140.743 Y150.29 E359.26373
G1 X140.726 Y149.95 E359.27959
G1 X140.743 Y149.61 E359.29544
G1 X140.792 Y149.277 E359.31111
G1 X140.874 Y148.947 E359.32694
G1 X140.988 Y148.63 E359.34263
G1 X141.13 Y148.328 E359.35817
G1 X141.308 Y148.031 E359.37429
G1 X141.512 Y147.757 E359.3902
G1 X141.735 Y147.51 E359.40569
G1 X141.982 Y147.287 E359.42119
G1 X142.256 Y147.083 E359.4371
G1 X142.553 Y146.905 E359.45322
G1 X142.855 Y146.763 E359.46876
G1 X143.172 Y146.649 E359.48444
G1 X143.502 Y146.567 E359.50028
G1 X143.835 Y146.518 E359.51595
G1 X144.175 Y146.501 E359.5318
G1 X144.515 Y146.518 E359.54765
G1 X144.848 Y146.567 E359.56333
G1 X145.178 Y146.649 E359.57916
G1 X145.495 Y146.763 E359.59485
G1 X145.797 Y146.905 E359.61039
G1 X146.094 Y147.083 E359.62651
G1 X146.368 Y147.287 E359.64242
G1 X146.615 Y147.51 E359.65791
G1 X146.838 Y147.757 E359.67341
G1 X147.042 Y148.031 E359.68931
G1 X147.22 Y148.328 E359.70544
G1 X147.362 Y148.63 E359.72097
G1 X147.476 Y148.947 E359.73666
G1 X147.558 Y149.277 E359.75249
G1 X147.607 Y149.61 E359.76817
G1 X147.624 Y149.95 E359.78402
G1 X147.607 Y150.29 E359.79987
G1 X147.558 Y150.623 E359.81554
G1 X147.476 Y150.953 E359.83138
G1 X147.362 Y151.27 E359.84706
G1 X147.222 Y151.568 E359.86239
G1 X147.042 Y151.869 E359.87873
G1 X146.838 Y152.143 E359.89463
G1 X146.615 Y152.39 E359.91013
G1 X146.368 Y152.613 E359.92562
G1 X146.094 Y152.817 E359.94153
G1 X145.797 Y152.995 E359.95765
G1 X145.495 Y153.137 E359.97319
G1 X145.178 Y153.251 E359.98888
G1 X144.848 Y153.333 E360.00471
G1 X144.515 Y153.382 E360.02038
G1 X144.175 Y153.399 E360.03624
G0 F9000 X144.175 Y152.959
G0 X143.965 Y152.907
;TYPE:FILL
G1 F1345.4 X145.845 Y152.403 E360.12687
G0 F9000 X145.818 Y152.422
G1 F1345.4 X141.701 Y148.305 E360.39798
G0 F9000 X143.197 Y147.148
G1 F1345.4 X141.927 Y151.887 E360.62643
G0 F9000 X141.263 Y150.525
G1 F1345.4 X146.983 Y148.992 E360.90218
G0 F9000 X147.099 Y149.461
G1 F1345.4 X144.663 Y147.025 E361.06259
G0 F9000 X146.146 Y147.734
G1 F1345.4 X144.773 Y152.856 E361.30952
G0 F9000 X144.746 Y152.74
G1 F2700 E356.30952
;MESH:NONMESH
G0 F300 X144.746 Y152.74 Z14.84
G0 F9000 X146.854 Y151.755
G0 X147.785 Y152.312
G0 X152.216 Y152.313
G0 X153.146 Y151.755
G0 X155.825 Y152.998
;TIME_ELAPSED:688.645843
;LAYER:52
;TYPE:WALL-INNER
;MESH:Shiny Hillar (2).stl
G1 F2700 E361.30952
G1 F659.8 X155.521 Y152.983 E361.32369
G1 X155.224 Y152.939 E361.33767
G1 X154.936 Y152.868 E361.35148
G1 X154.662 Y152.769 E361.36505
G1 X154.393 Y152.642 E361.3789
G1 X154.13 Y152.485 E361.39316
G1 X153.885 Y152.302 E361.4074
G1 X153.668 Y152.107 E361.42099
G1 X153.473 Y151.89 E361.43457
G1 X153.287 Y151.641 E361.44904
G1 X153.133 Y151.383 E361.46303
G1 X153.006 Y151.113 E361.47693
G1 X152.907 Y150.839 E361.49049
G1 X152.836 Y150.551 E361.50431
G1 X152.792 Y150.254 E361.51829
G1 X152.777 Y149.95 E361.53246
G1 X152.792 Y149.646 E361.54663
G1 X152.836 Y149.349 E361.56061
G1 X152.907 Y149.061 E361.57442
G1 X153.006 Y148.787 E361.58799
G1 X153.133 Y148.518 E361.60184
G1 X153.29 Y148.255 E361.6161
G1 X153.473 Y148.01 E361.63034
G1 X153.668 Y147.793 E361.64393
G1 X153.885 Y147.598 E361.65751
G1 X154.13 Y147.415 E361.67175
G1 X154.393 Y147.258 E361.68601
G1 X154.662 Y147.131 E361.69987
G1 X154.936 Y147.032 E361.71343
G1 X155.224 Y146.961 E361.72724
G1 X155.521 Y146.917 E361.74122
G1 X155.825 Y146.902 E361.7554
G1 X156.129 Y146.917 E361.76957
G1 X156.426 Y146.961 E361.78355
G1 X156.714 Y147.032 E361.79736
G1 X156.988 Y147.131 E361.81093
G1 X157.257 Y147.258 E361.82478
G1 X157.52 Y147.415 E361.83904
G1 X157.765 Y147.598 E361.85328
G1 X157.982 Y147.793 E361.86687
G1 X158.177 Y148.01 E361.88045
G1 X158.36 Y148.255 E361.89469
G1 X158.517 Y148.518 E361.90895
G1 X158.644 Y148.787 E361.9228
G1 X158.743 Y149.061 E361.93637
G1 X158.814 Y149.349 E361.95018
G1 X158.858 Y149.646 E361.96416
G1 X158.873 Y149.95 E361.97834
G1 X158.858 Y150.254 E361.99251
G1 X158.814 Y150.551 E362.00649
G1 X158.743 Y150.839 E362.0203
G1 X158.644 Y151.113 E362.03387
G1 X158.517 Y151.383 E362.04776
G1 X158.363 Y151.641 E362.06175
G1 X158.177 Y151.89 E362.07622
G1 X157.982 Y152.107 E362.08981
G1 X157.765 Y152.302 E362.10339
G1 X157.52 Y152.485 E362.11763
G1 X157.257 Y152.642 E362.13189
G1 X156.988 Y152.769 E362.14575
G1 X156.714 Y152.868 E362.15931
G1 X156.426 Y152.939 E362.17312
G1 X156.129 Y152.983 E362.1871
G1 X155.825 Y152.998 E362.20128
G0 F9000 X155.825 Y153.399
;TYPE:WALL-OUTER
G1 F659.8 X155.485 Y153.382 E362.21713
G1 X155.152 Y153.333 E362.2328
G1 X154.822 Y153.251 E362.24864
G1 X154.505 Y153.137 E362.26432
G1 X154.203 Y152.995 E362.27986
G1 X153.906 Y152.817 E362.29598
G1 X153.632 Y152.613 E362.31189
G1 X153.385 Y152.39 E362.32739
G1 X153.162 Y152.143 E362.34288
G1 X152.958 Y151.869 E362.35879
G1 X152.778 Y151.568 E362.37512
G1 X152.638 Y151.27 E362.39045
G1 X152.524 Y150.953 E362.40614
G1 X152.442 Y150.623 E362.42197
G1 X152.393 Y150.29 E362.43764
G1 X152.376 Y149.95 E362.45349
G1 X152.393 Y149.61 E362.46935
G1 X152.442 Y149.277 E362.48502
G1 X152.524 Y148.947 E362.50085
G1 X152.638 Y148.63 E362.51654
G1 X152.78 Y148.328 E362.53208
G1 X152.958 Y148.031 E362.5482
G1 X153.162 Y147.757 E362.56411
G1 X153.385 Y147.51 E362.5796
G1 X153.632 Y147.287 E362.5951
G1 X153.906 Y147.083 E362.611
G1 X154.203 Y146.905 E362.62713
G1 X154.505 Y146.763 E362.64267
G1 X154.822 Y146.649 E362.65835
G1 X155.152 Y146.567 E362.67419
G1 X155.485 Y146.518 E362.68986
G1 X155.825 Y146.501 E362.70571
G1 X156.165 Y146.518 E362.72156
G1 X156.498 Y146.567 E362.73724
G1 X156.828 Y146.649 E362.75307
G1 X157.145 Y146.763 E362.76876
G1 X157.447 Y146.905 E362.78429
G1 X157.744 Y147.083 E362.80042
G1 X158.018 Y147.287 E362.81632
G1 X158.265 Y147.51 E362.83182
G1 X158.488 Y147.757 E362.84731
G1 X158.692 Y148.031 E362.86322
G1 X158.87 Y148.328 E362.87934
G1 X159.012 Y148.63 E362.89488
G1 X159.126 Y148.947 E362.91057
G1 X159.208 Y149.277 E362.9264
G1 X159.257 Y149.61 E362.94208
G1 X159.274 Y149.95 E362.95793
G1 X159.257 Y150.29 E362.97378
G1 X159.208 Y150.623 E362.98945
G1 X159.126 Y150.953 E363.00529
G1 X159.012 Y151.27 E363.02097
G1 X158.872 Y151.568 E363.0363
G1 X158.692 Y151.869 E363.05263
G1 X158.488 Y152.143 E363.06854
G1 X158.265 Y152.39 E363.08404
G1 X158.018 Y152.613 E363.09953
G1 X157.744 Y152.817 E363.11544
G1 X157.447 Y152.995 E363.13156
G1 X157.145 Y153.137 E363.1471
G1 X156.828 Y153.251 E363.16279
G1 X156.498 Y153.333 E363.17862
G1 X156.165 Y153.382 E363.19429
G1 X155.825 Y153.399 E363.21014
G0 F9000 X155.825 Y152.959
G0 X154.948 Y152.787
;TYPE:FILL
G1 F1319.6 X152.986 Y150.825 E363.33935
G0 F9000 X152.955 Y150.703
G1 F1319.6 X158.686 Y149.167 E363.61562
G0 F9000 X158.234 Y148.22
G1 F1319.6 X157.046 Y152.652 E363.82928
G0 F9000 X158.17 Y151.767
G1 F1319.6 X154.008 Y147.605 E364.10336
G0 F9000 X155.453 Y147.006
G1 F1319.6 X154.032 Y152.312 E364.35913
G0 F9000 X154.104 Y152.216
G1 F2700 E359.35913
G0 F9000 X153.146 Y151.755
G0 X152.216 Y152.313
G0 X147.785 Y152.312
G0 X146.854 Y151.755
G0 X144.175 Y152.998
;TYPE:WALL-INNER
G1 F2700 E364.35913
G1 F659.8 X143.871 Y152.983 E364.3733
G1 X143.574 Y152.939 E364.38729
G1 X143.286 Y152.868 E364.4011
G1 X143.012 Y152.769 E364.41466
G1 X142.743 Y152.642 E364.42851
G1 X142.48 Y152.485 E364.44278
G1 X142.235 Y152.302 E364.45702
G1 X142.018 Y152.107 E364.4706
G1 X141.823 Y151.89 E364.48419
G1 X141.637 Y151.641 E364.49866
G1 X141.483 Y151.383 E364.51265
G1 X141.356 Y151.113 E364.52654
G1 X141.257 Y150.839 E364.54011
G1 X141.186 Y150.551 E364.55392
G1 X141.142 Y150.254 E364.5679
G1 X141.127 Y149.95 E364.58207
G1 X141.142 Y149.646 E364.59625
G1 X141.186 Y149.349 E364.61023
G1 X141.257 Y149.061 E364.62404
G1 X141.356 Y148.787 E364.6376
G1 X141.483 Y148.518 E364.65146
G1 X141.64 Y148.255 E364.66572
G1 X141.823 Y148.01 E364.67996
G1 X142.018 Y147.793 E364.69354
G1 X142.235 Y147.598 E364.70713
G1 X142.48 Y147.415 E364.72137
G1 X142.743 Y147.258 E364.73563
G1 X143.012 Y147.131 E364.74948
G1 X143.286 Y147.032 E364.76305
G1 X143.574 Y146.961 E364.77686
G1 X143.871 Y146.917 E364.79084
G1 X144.175 Y146.902 E364.80501
G1 X144.479 Y146.917 E364.81919
G1 X144.776 Y146.961 E364.83317
G1 X145.064 Y147.032 E364.84698
G1 X145.338 Y147.131 E364.86054
G1 X145.607 Y147.258 E364.8744
G1 X145.87 Y147.415 E364.88866
G1 X146.115 Y147.598 E364.9029
G1 X146.332 Y147.793 E364.91648
G1 X146.527 Y148.01 E364.93007
G1 X146.71 Y148.255 E364.94431
G1 X146.867 Y148.518 E364.95857
G1 X146.994 Y148.787 E364.97242
G1 X147.093 Y149.061 E364.98599
G1 X147.164 Y149.349 E364.9998
G1 X147.208 Y149.646 E365.01378
G1 X147.223 Y149.95 E365.02795
G1 X147.208 Y150.254 E365.04212
G1 X147.164 Y150.551 E365.0561
G1 X147.093 Y150.839 E365.06992
G1 X146.994 Y151.113 E365.08348
G1 X146.867 Y151.383 E365.09738
G1 X146.713 Y151.641 E365.11137
G1 X146.527 Y151.89 E365.12584
G1 X146.332 Y152.107 E365.13942
G1 X146.115 Y152.302 E365.15301
G1 X145.87 Y152.485 E365.16725
G1 X145.607 Y152.642 E365.18151
G1 X145.338 Y152.769 E365.19536
G1 X145.064 Y152.868 E365.20893
G1 X144.776 Y152.939 E365.22274
G1 X144.479 Y152.983 E365.23672
G1 X144.175 Y152.998 E365.25089
G0 F9000 X144.175 Y153.399
;TYPE:WALL-OUTER
G1 F659.8 X143.835 Y153.382 E365.26674
G1 X143.502 Y153.333 E365.28242
G1 X143.172 Y153.251 E365.29825
G1 X142.855 Y153.137 E365.31394
G1 X142.553 Y152.995 E365.32948
G1 X142.256 Y152.817 E365.3456
G1 X141.982 Y152.613 E365.36151
G1 X141.735 Y152.39 E365.377
G1 X141.512 Y152.143 E365.3925
G1 X141.308 Y151.869 E365.4084
G1 X141.128 Y151.568 E365.42473
G1 X140.988 Y151.27 E365.44007
G1 X140.874 Y150.953 E365.45575
G1 X140.792 Y150.623 E365.47158
G1 X140.743 Y150.29 E365.48726
G1 X140.726 Y149.95 E365.50311
G1 X140.743 Y149.61 E365.51896
G1 X140.792 Y149.277 E365.53463
G1 X140.874 Y148.947 E365.55047
G1 X140.988 Y148.63 E365.56615
G1 X141.13 Y148.328 E365.58169
G1 X141.308 Y148.031 E365.59782
G1 X141.512 Y147.757 E365.61372
G1 X141.735 Y147.51 E365.62922
G1 X141.982 Y147.287 E365.64471
G1 X142.256 Y147.083 E365.66062
G1 X142.553 Y146.905 E365.67674
G1 X142.855 Y146.763 E365.69228
G1 X143.172 Y146.649 E365.70797
G1 X143.502 Y146.567 E365.7238
G1 X143.835 Y146.518 E365.73947
G1 X144.175 Y146.501 E365.75533
G1 X144.515 Y146.518 E365.77118
G1 X144.848 Y146.567 E365.78685
G1 X145.178 Y146.649 E365.80268
G1 X145.495 Y146.763 E365.81837
G1 X145.797 Y146.905 E365.83391
G1 X146.094 Y147.083 E365.85003
G1 X146.368 Y147.287 E365.86594
G1 X146.615 Y147.51 E365.88143
G1 X146.838 Y147.757 E365.89693
G1 X147.042 Y148.031 E365.91284
G1 X147.22 Y148.328 E365.92896
G1 X147.362 Y148.63 E365.9445
G1 X147.476 Y148.947 E365.96019
G1 X147.558 Y149.277 E365.97602
G1 X147.607 Y149.61 E365.99169
G1 X147.624 Y149.95 E366.00754
G1 X147.607 Y150.29 E366.02339
G1 X147.558 Y150.623 E366.03907
G1 X147.476 Y150.953 E366.0549
G1 X147.362 Y151.27 E366.07059
G1 X147.222 Y151.568 E366.08592
G1 X147.042 Y151.869 E366.10225
G1 X146.838 Y152.143 E366.11816
G1 X146.615 Y152.39 E366.13365
G1 X146.368 Y152.613 E366.14915
G1 X146.094 Y152.817 E366.16505
G1 X145.797 Y152.995 E366.18118
G1 X145.495 Y153.137 E366.19672
G1 X145.178 Y153.251 E366.2124
G1 X144.848 Y153.333 E366.22823
G1 X144.515 Y153.382 E366.24391
G1 X144.175 Y153.399 E366.25976
G0 F9000 X144.175 Y152.959
G0 X144.56 Y152.889
;TYPE:FILL
G1 F1319.6 X145.978 Y147.595 E366.51496
G0 F9000 X145.021 Y147.102
G1 F1319.6 X147.021 Y149.103 E366.6467
G0 F9000 X147.039 Y149.182
G1 F1319.6 X141.309 Y150.717 E366.92292
G0 F9000 X141.774 Y151.692
G1 F1319.6 X142.968 Y147.238 E367.13764
G0 F9000 X141.82 Y148.144
G1 F1319.6 X145.979 Y152.303 E367.41151
G0 F9000 X145.909 Y152.207
G1 F2700 E362.41151
;MESH:NONMESH
G0 F300 X145.909 Y152.207 Z15.12
G0 F9000 X146.854 Y151.755
G0 X147.785 Y152.312
G0 X152.216 Y152.313
G0 X153.146 Y151.755
G0 X155.825 Y152.998
;TIME_ELAPSED:701.136151
;LAYER:53
;TYPE:WALL-INNER
;MESH:Shiny Hillar (2).stl
G1 F2700 E367.41151
G1 F670.1 X155.521 Y152.983 E367.42569
G1 X155.224 Y152.939 E367.43967
G1 X154.936 Y152.868 E367.45348
G1 X154.662 Y152.769 E367.46704
G1 X154.393 Y152.642 E367.4809
G1 X154.13 Y152.485 E367.49516
G1 X153.885 Y152.302 E367.5094
G1 X153.668 Y152.107 E367.52298
G1 X153.473 Y151.89 E367.53657
G1 X153.287 Y151.641 E367.55104
G1 X153.133 Y151.383 E367.56503
G1 X153.006 Y151.113 E367.57892
G1 X152.907 Y150.839 E367.59249
G1 X152.836 Y150.551 E367.6063
G1 X152.792 Y150.254 E367.62028
G1 X152.777 Y149.95 E367.63446
G1 X152.792 Y149.646 E367.64863
G1 X152.836 Y149.349 E367.66261
G1 X152.907 Y149.061 E367.67642
G1 X153.006 Y148.787 E367.68999
G1 X153.133 Y148.518 E367.70384
G1 X153.29 Y148.255 E367.7181
G1 X153.473 Y148.01 E367.73234
G1 X153.668 Y147.793 E367.74593
G1 X153.885 Y147.598 E367.75951
G1 X154.13 Y147.415 E367.77375
G1 X154.393 Y147.258 E367.78801
G1 X154.662 Y147.131 E367.80186
G1 X154.936 Y147.032 E367.81543
G1 X155.224 Y146.961 E367.82924
G1 X155.521 Y146.917 E367.84322
G1 X155.825 Y146.902 E367.85739
G1 X156.129 Y146.917 E367.87157
G1 X156.426 Y146.961 E367.88555
G1 X156.714 Y147.032 E367.89936
G1 X156.988 Y147.131 E367.91293
G1 X157.257 Y147.258 E367.92678
G1 X157.52 Y147.415 E367.94104
G1 X157.765 Y147.598 E367.95528
G1 X157.982 Y147.793 E367.96886
G1 X158.177 Y148.01 E367.98245
G1 X158.36 Y148.255 E367.99669
G1 X158.517 Y148.518 E368.01095
G1 X158.644 Y148.787 E368.0248
G1 X158.743 Y149.061 E368.03837
G1 X158.814 Y149.349 E368.05218
G1 X158.858 Y149.646 E368.06616
G1 X158.873 Y149.95 E368.08033
G1 X158.858 Y150.254 E368.09451
G1 X158.814 Y150.551 E368.10849
G1 X158.743 Y150.839 E368.1223
G1 X158.644 Y151.113 E368.13586
G1 X158.517 Y151.383 E368.14976
G1 X158.363 Y151.641 E368.16375
G1 X158.177 Y151.89 E368.17822
G1 X157.982 Y152.107 E368.19181
G1 X157.765 Y152.302 E368.20539
G1 X157.52 Y152.485 E368.21963
G1 X157.257 Y152.642 E368.23389
G1 X156.988 Y152.769 E368.24774
G1 X156.714 Y152.868 E368.26131
G1 X156.426 Y152.939 E368.27512
G1 X156.129 Y152.983 E368.2891
G1 X155.825 Y152.998 E368.30327
G0 F9000 X155.825 Y153.399
;TYPE:WALL-OUTER
G1 F670.1 X155.485 Y153.382 E368.31913
G1 X155.152 Y153.333 E368.3348
G1 X154.822 Y153.251 E368.35063
G1 X154.505 Y153.137 E368.36632
G1 X154.203 Y152.995 E368.38186
G1 X153.906 Y152.817 E368.39798
G1 X153.632 Y152.613 E368.41389
G1 X153.385 Y152.39 E368.42938
G1 X153.162 Y152.143 E368.44488
G1 X152.958 Y151.869 E368.46079
G1 X152.778 Y151.568 E368.47712
G1 X152.638 Y151.27 E368.49245
G1 X152.524 Y150.953 E368.50813
G1 X152.442 Y150.623 E368.52397
G1 X152.393 Y150.29 E368.53964
G1 X152.376 Y149.95 E368.55549
G1 X152.393 Y149.61 E368.57134
G1 X152.442 Y149.277 E368.58702
G1 X152.524 Y148.947 E368.60285
G1 X152.638 Y148.63 E368.61854
G1 X152.78 Y148.328 E368.63407
G1 X152.958 Y148.031 E368.6502
G1 X153.162 Y147.757 E368.6661
G1 X153.385 Y147.51 E368.6816
G1 X153.632 Y147.287 E368.69709
G1 X153.906 Y147.083 E368.713
G1 X154.203 Y146.905 E368.72912
G1 X154.505 Y146.763 E368.74466
G1 X154.822 Y146.649 E368.76035
G1 X155.152 Y146.567 E368.77618
G1 X155.485 Y146.518 E368.79186
G1 X155.825 Y146.501 E368.80771
G1 X156.165 Y146.518 E368.82356
G1 X156.498 Y146.567 E368.83923
G1 X156.828 Y146.649 E368.85507
G1 X157.145 Y146.763 E368.87075
G1 X157.447 Y146.905 E368.88629
G1 X157.744 Y147.083 E368.90241
G1 X158.018 Y147.287 E368.91832
G1 X158.265 Y147.51 E368.93382
G1 X158.488 Y147.757 E368.94931
G1 X158.692 Y148.031 E368.96522
G1 X158.87 Y148.328 E368.98134
G1 X159.012 Y148.63 E368.99688
G1 X159.126 Y148.947 E369.01257
G1 X159.208 Y149.277 E369.0284
G1 X159.257 Y149.61 E369.04407
G1 X159.274 Y149.95 E369.05992
G1 X159.257 Y150.29 E369.07578
G1 X159.208 Y150.623 E369.09145
G1 X159.126 Y150.953 E369.10728
G1 X159.012 Y151.27 E369.12297
G1 X158.872 Y151.568 E369.1383
G1 X158.692 Y151.869 E369.15463
G1 X158.488 Y152.143 E369.17054
G1 X158.265 Y152.39 E369.18603
G1 X158.018 Y152.613 E369.20153
G1 X157.744 Y152.817 E369.21743
G1 X157.447 Y152.995 E369.23356
G1 X157.145 Y153.137 E369.2491
G1 X156.828 Y153.251 E369.26478
G1 X156.498 Y153.333 E369.28062
G1 X156.165 Y153.382 E369.29629
G1 X155.825 Y153.399 E369.31214
G0 F9000 X155.825 Y152.959
G0 X155.311 Y152.87
;TYPE:FILL
G1 F1340.2 X152.902 Y150.461 E369.47078
G0 F9000 X153.01 Y150.893
G1 F1340.2 X158.732 Y149.36 E369.74661
G0 F9000 X158.081 Y148.024
G1 F1340.2 X156.816 Y152.745 E369.9742
G0 F9000 X158.29 Y151.606
G1 F1340.2 X154.169 Y147.485 E370.24557
G0 F9000 X154.188 Y147.472
G1 F1340.2 X155.986 Y146.99 E370.33225
G0 F9000 X155.24 Y147.038
G1 F1340.2 X153.863 Y152.175 E370.5799
G0 F9000 X153.943 Y152.086
G1 F2700 E365.5799
G0 F9000 X153.146 Y151.755
G0 X152.216 Y152.313
G0 X147.785 Y152.312
G0 X146.854 Y151.755
G0 X144.175 Y152.998
;TYPE:WALL-INNER
G1 F2700 E370.5799
G1 F670.1 X143.871 Y152.983 E370.59407
G1 X143.574 Y152.939 E370.60805
G1 X143.286 Y152.868 E370.62186
G1 X143.012 Y152.769 E370.63543
G1 X142.743 Y152.642 E370.64928
G1 X142.48 Y152.485 E370.66354
G1 X142.235 Y152.302 E370.67778
G1 X142.018 Y152.107 E370.69137
G1 X141.823 Y151.89 E370.70495
G1 X141.637 Y151.641 E370.71942
G1 X141.483 Y151.383 E370.73341
G1 X141.356 Y151.113 E370.74731
G1 X141.257 Y150.839 E370.76087
G1 X141.186 Y150.551 E370.77469
G1 X141.142 Y150.254 E370.78867
G1 X141.127 Y149.95 E370.80284
G1 X141.142 Y149.646 E370.81701
G1 X141.186 Y149.349 E370.83099
G1 X141.257 Y149.061 E370.8448
G1 X141.356 Y148.787 E370.85837
G1 X141.483 Y148.518 E370.87222
G1 X141.64 Y148.255 E370.88648
G1 X141.823 Y148.01 E370.90072
G1 X142.018 Y147.793 E370.91431
G1 X142.235 Y147.598 E370.92789
G1 X142.48 Y147.415 E370.94213
G1 X142.743 Y147.258 E370.9564
G1 X143.012 Y147.131 E370.97025
G1 X143.286 Y147.032 E370.98381
G1 X143.574 Y146.961 E370.99762
G1 X143.871 Y146.917 E371.01161
G1 X144.175 Y146.902 E371.02578
G1 X144.479 Y146.917 E371.03995
G1 X144.776 Y146.961 E371.05393
G1 X145.064 Y147.032 E371.06774
G1 X145.338 Y147.131 E371.08131
G1 X145.607 Y147.258 E371.09516
G1 X145.87 Y147.415 E371.10942
G1 X146.115 Y147.598 E371.12366
G1 X146.332 Y147.793 E371.13725
G1 X146.527 Y148.01 E371.15083
G1 X146.71 Y148.255 E371.16507
G1 X146.867 Y148.518 E371.17933
G1 X146.994 Y148.787 E371.19319
G1 X147.093 Y149.061 E371.20675
G1 X147.164 Y149.349 E371.22056
G1 X147.208 Y149.646 E371.23454
G1 X147.223 Y149.95 E371.24872
G1 X147.208 Y150.254 E371.26289
G1 X147.164 Y150.551 E371.27687
G1 X147.093 Y150.839 E371.29068
G1 X146.994 Y151.113 E371.30425
G1 X146.867 Y151.383 E371.31814
G1 X146.713 Y151.641 E371.33213
G1 X146.527 Y151.89 E371.3466
G1 X146.332 Y152.107 E371.36019
G1 X146.115 Y152.302 E371.37377
G1 X145.87 Y152.485 E371.38801
G1 X145.607 Y152.642 E371.40228
G1 X145.338 Y152.769 E371.41613
G1 X145.064 Y152.868 E371.42969
G1 X144.776 Y152.939 E371.44351
G1 X144.479 Y152.983 E371.45749
G1 X144.175 Y152.998 E371.47166
G0 F9000 X144.175 Y153.399
;TYPE:WALL-OUTER
G1 F670.1 X143.835 Y153.382 E371.48751
G1 X143.502 Y153.333 E371.50318
G1 X143.172 Y153.251 E371.51902
G1 X142.855 Y153.137 E371.5347
G1 X142.553 Y152.995 E371.55024
G1 X142.256 Y152.817 E371.56637
G1 X141.982 Y152.613 E371.58227
G1 X141.735 Y152.39 E371.59777
G1 X141.512 Y152.143 E371.61326
G1 X141.308 Y151.869 E371.62917
G1 X141.128 Y151.568 E371.6455
G1 X140.988 Y151.27 E371.66083
G1 X140.874 Y150.953 E371.67652
G1 X140.792 Y150.623 E371.69235
G1 X140.743 Y150.29 E371.70802
G1 X140.726 Y149.95 E371.72387
G1 X140.743 Y149.61 E371.73973
G1 X140.792 Y149.277 E371.7554
G1 X140.874 Y148.947 E371.77123
G1 X140.988 Y148.63 E371.78692
G1 X141.13 Y148.328 E371.80246
G1 X141.308 Y148.031 E371.81858
G1 X141.512 Y147.757 E371.83449
G1 X141.735 Y147.51 E371.84998
G1 X141.982 Y147.287 E371.86548
G1 X142.256 Y147.083 E371.88139
G1 X142.553 Y146.905 E371.89751
G1 X142.855 Y146.763 E371.91305
G1 X143.172 Y146.649 E371.92873
G1 X143.502 Y146.567 E371.94457
G1 X143.835 Y146.518 E371.96024
G1 X144.175 Y146.501 E371.97609
G1 X144.515 Y146.518 E371.99194
G1 X144.848 Y146.567 E372.00762
G1 X145.178 Y146.649 E372.02345
G1 X145.495 Y146.763 E372.03914
G1 X145.797 Y146.905 E372.05468
G1 X146.094 Y147.083 E372.0708
G1 X146.368 Y147.287 E372.0867
G1 X146.615 Y147.51 E372.1022
G1 X146.838 Y147.757 E372.1177
G1 X147.042 Y148.031 E372.1336
G1 X147.22 Y148.328 E372.14973
G1 X147.362 Y148.63 E372.16526
G1 X147.476 Y148.947 E372.18095
G1 X147.558 Y149.277 E372.19678
G1 X147.607 Y149.61 E372.21246
G1 X147.624 Y149.95 E372.22831
G1 X147.607 Y150.29 E372.24416
G1 X147.558 Y150.623 E372.25983
G1 X147.476 Y150.953 E372.27567
G1 X147.362 Y151.27 E372.29135
G1 X147.222 Y151.568 E372.30668
G1 X147.042 Y151.869 E372.32301
G1 X146.838 Y152.143 E372.33892
G1 X146.615 Y152.39 E372.35442
G1 X146.368 Y152.613 E372.36991
G1 X146.094 Y152.817 E372.38582
G1 X145.797 Y152.995 E372.40194
G1 X145.495 Y153.137 E372.41748
G1 X145.178 Y153.251 E372.43317
G1 X144.848 Y153.333 E372.449
G1 X144.515 Y153.382 E372.46467
G1 X144.175 Y153.399 E372.48052
G0 F9000 X144.175 Y152.959
G0 X144.349 Y152.908
;TYPE:FILL
G1 F1340.2 X145.807 Y147.469 E372.74273
G0 F9000 X145.487 Y147.288
G1 F1340.2 X146.835 Y148.637 E372.83153
G0 F9000 X147.085 Y149.375
G1 F1340.2 X141.365 Y150.907 E373.10727
G0 F9000 X141.629 Y151.471
G1 F1340.2 X142.731 Y147.355 E373.30567
G0 F9000 X142.5 Y147.497
G1 F1340.2 X144.387 Y146.992 E373.39663
G0 F9000 X141.946 Y147.99
G1 F1340.2 X146.132 Y152.177 E373.67232
G0 F9000 X146.054 Y152.088
G1 F2700 E368.67232
;MESH:NONMESH
G0 F300 X146.054 Y152.088 Z15.4
G0 F9000 X146.854 Y151.755
G0 X147.785 Y152.312
G0 X152.216 Y152.313
G0 X153.146 Y151.755
G0 X155.825 Y152.998
;TIME_ELAPSED:713.729462
;LAYER:54
;TYPE:WALL-INNER
;MESH:Shiny Hillar (2).stl
G1 F2700 E373.67232
G1 F670.6 X155.521 Y152.983 E373.68649
G1 X155.224 Y152.939 E373.70047
G1 X154.936 Y152.868 E373.71429
G1 X154.662 Y152.769 E373.72785
G1 X154.393 Y152.642 E373.7417
G1 X154.13 Y152.485 E373.75597
G1 X153.885 Y152.302 E373.77021
G1 X153.668 Y152.107 E373.78379
G1 X153.473 Y151.89 E373.79737
G1 X153.287 Y151.641 E373.81185
G1 X153.133 Y151.383 E373.82584
G1 X153.006 Y151.113 E373.83973
G1 X152.907 Y150.839 E373.8533
G1 X152.836 Y150.551 E373.86711
G1 X152.792 Y150.254 E373.88109
G1 X152.777 Y149.95 E373.89526
G1 X152.792 Y149.646 E373.90944
G1 X152.836 Y149.349 E373.92342
G1 X152.907 Y149.061 E373.93723
G1 X153.006 Y148.787 E373.95079
G1 X153.133 Y148.518 E373.96465
G1 X153.29 Y148.255 E373.97891
G1 X153.473 Y148.01 E373.99315
G1 X153.668 Y147.793 E374.00673
G1 X153.885 Y147.598 E374.02032
G1 X154.13 Y147.415 E374.03456
G1 X154.393 Y147.258 E374.04882
G1 X154.662 Y147.131 E374.06267
G1 X154.936 Y147.032 E374.07624
G1 X155.224 Y146.961 E374.09005
G1 X155.521 Y146.917 E374.10403
G1 X155.825 Y146.902 E374.1182
G1 X156.129 Y146.917 E374.13237
G1 X156.426 Y146.961 E374.14635
G1 X156.714 Y147.032 E374.16017
G1 X156.988 Y147.131 E374.17373
G1 X157.257 Y147.258 E374.18758
G1 X157.52 Y147.415 E374.20185
G1 X157.765 Y147.598 E374.21609
G1 X157.982 Y147.793 E374.22967
G1 X158.177 Y148.01 E374.24326
G1 X158.36 Y148.255 E374.25749
G1 X158.517 Y148.518 E374.27176
G1 X158.644 Y148.787 E374.28561
G1 X158.743 Y149.061 E374.29917
G1 X158.814 Y149.349 E374.31299
G1 X158.858 Y149.646 E374.32697
G1 X158.873 Y149.95 E374.34114
G1 X158.858 Y150.254 E374.35531
G1 X158.814 Y150.551 E374.36929
G1 X158.743 Y150.839 E374.3831
G1 X158.644 Y151.113 E374.39667
G1 X158.517 Y151.383 E374.41056
G1 X158.363 Y151.641 E374.42456
G1 X158.177 Y151.89 E374.43903
G1 X157.982 Y152.107 E374.45261
G1 X157.765 Y152.302 E374.4662
G1 X157.52 Y152.485 E374.48044
G1 X157.257 Y152.642 E374.4947
G1 X156.988 Y152.769 E374.50855
G1 X156.714 Y152.868 E374.52212
G1 X156.426 Y152.939 E374.53593
G1 X156.129 Y152.983 E374.54991
G1 X155.825 Y152.998 E374.56408
G0 F9000 X155.825 Y153.399
;TYPE:WALL-OUTER
G1 F670.6 X155.485 Y153.382 E374.57993
G1 X155.152 Y153.333 E374.59561
G1 X154.822 Y153.251 E374.61144
G1 X154.505 Y153.137 E374.62713
G1 X154.203 Y152.995 E374.64267
G1 X153.906 Y152.817 E374.65879
G1 X153.632 Y152.613 E374.67469
G1 X153.385 Y152.39 E374.69019
G1 X153.162 Y152.143 E374.70569
G1 X152.958 Y151.869 E374.72159
G1 X152.778 Y151.568 E374.73792
G1 X152.638 Y151.27 E374.75325
G1 X152.524 Y150.953 E374.76894
G1 X152.442 Y150.623 E374.78477
G1 X152.393 Y150.29 E374.80045
G1 X152.376 Y149.95 E374.8163
G1 X152.393 Y149.61 E374.83215
G1 X152.442 Y149.277 E374.84782
G1 X152.524 Y148.947 E374.86366
G1 X152.638 Y148.63 E374.87934
G1 X152.78 Y148.328 E374.89488
G1 X152.958 Y148.031 E374.911
G1 X153.162 Y147.757 E374.92691
G1 X153.385 Y147.51 E374.94241
G1 X153.632 Y147.287 E374.9579
G1 X153.906 Y147.083 E374.97381
G1 X154.203 Y146.905 E374.98993
G1 X154.505 Y146.763 E375.00547
G1 X154.822 Y146.649 E375.02116
G1 X155.152 Y146.567 E375.03699
G1 X155.485 Y146.518 E375.05266
G1 X155.825 Y146.501 E375.06851
G1 X156.165 Y146.518 E375.08437
G1 X156.498 Y146.567 E375.10004
G1 X156.828 Y146.649 E375.11587
G1 X157.145 Y146.763 E375.13156
G1 X157.447 Y146.905 E375.1471
G1 X157.744 Y147.083 E375.16322
G1 X158.018 Y147.287 E375.17913
G1 X158.265 Y147.51 E375.19462
G1 X158.488 Y147.757 E375.21012
G1 X158.692 Y148.031 E375.22602
G1 X158.87 Y148.328 E375.24215
G1 X159.012 Y148.63 E375.25769
G1 X159.126 Y148.947 E375.27337
G1 X159.208 Y149.277 E375.28921
G1 X159.257 Y149.61 E375.30488
G1 X159.274 Y149.95 E375.32073
G1 X159.257 Y150.29 E375.33658
G1 X159.208 Y150.623 E375.35226
G1 X159.126 Y150.953 E375.36809
G1 X159.012 Y151.27 E375.38378
G1 X158.872 Y151.568 E375.39911
G1 X158.692 Y151.869 E375.41544
G1 X158.488 Y152.143 E375.43134
G1 X158.265 Y152.39 E375.44684
G1 X158.018 Y152.613 E375.46233
G1 X157.744 Y152.817 E375.47824
G1 X157.447 Y152.995 E375.49436
G1 X157.145 Y153.137 E375.5099
G1 X156.828 Y153.251 E375.52559
G1 X156.498 Y153.333 E375.54142
G1 X156.165 Y153.382 E375.5571
G1 X155.825 Y153.399 E375.57295
G0 F9000 X155.825 Y152.959
G0 X155.627 Y152.906
;TYPE:FILL
G1 F1341.2 X152.866 Y150.145 E375.75476
G0 F9000 X153.077 Y151.08
G1 F1341.2 X158.761 Y149.557 E376.02877
G0 F9000 X157.924 Y147.847
G1 F1341.2 X156.593 Y152.815 E376.26826
G0 F9000 X158.394 Y151.431
G1 F1341.2 X154.343 Y147.38 E376.53503
G0 F9000 X153.797 Y147.781
G1 F1341.2 X156.494 Y147.059 E376.66503
G0 F9000 X155.021 Y147.091
G1 F1341.2 X153.699 Y152.023 E376.90279
G0 F9000 X153.789 Y151.943
G1 F2700 E371.90279
G0 F9000 X152.841 Y151.186
G0 X151.821 Y151.553
G0 X147.785 Y152.312
G0 X146.854 Y151.755
G0 X144.175 Y152.998
;TYPE:WALL-INNER
G1 F2700 E376.90279
G1 F670.6 X143.871 Y152.983 E376.91697
G1 X143.574 Y152.939 E376.93095
G1 X143.286 Y152.868 E376.94476
G1 X143.012 Y152.769 E376.95832
G1 X142.743 Y152.642 E376.97218
G1 X142.48 Y152.485 E376.98644
G1 X142.235 Y152.302 E377.00068
G1 X142.018 Y152.107 E377.01426
G1 X141.823 Y151.89 E377.02785
G1 X141.637 Y151.641 E377.04232
G1 X141.483 Y151.383 E377.05631
G1 X141.356 Y151.113 E377.0702
G1 X141.257 Y150.839 E377.08377
G1 X141.186 Y150.551 E377.09758
G1 X141.142 Y150.254 E377.11156
G1 X141.127 Y149.95 E377.12574
G1 X141.142 Y149.646 E377.13991
G1 X141.186 Y149.349 E377.15389
G1 X141.257 Y149.061 E377.1677
G1 X141.356 Y148.787 E377.18127
G1 X141.483 Y148.518 E377.19512
G1 X141.64 Y148.255 E377.20938
G1 X141.823 Y148.01 E377.22362
G1 X142.018 Y147.793 E377.2372
G1 X142.235 Y147.598 E377.25079
G1 X142.48 Y147.415 E377.26503
G1 X142.743 Y147.258 E377.27929
G1 X143.012 Y147.131 E377.29314
G1 X143.286 Y147.032 E377.30671
G1 X143.574 Y146.961 E377.32052
G1 X143.871 Y146.917 E377.3345
G1 X144.175 Y146.902 E377.34867
G1 X144.479 Y146.917 E377.36285
G1 X144.776 Y146.961 E377.37683
G1 X145.064 Y147.032 E377.39064
G1 X145.338 Y147.131 E377.40421
G1 X145.607 Y147.258 E377.41806
G1 X145.87 Y147.415 E377.43232
G1 X146.115 Y147.598 E377.44656
G1 X146.332 Y147.793 E377.46014
G1 X146.527 Y148.01 E377.47373
G1 X146.71 Y148.255 E377.48797
G1 X146.867 Y148.518 E377.50223
G1 X146.994 Y148.787 E377.51608
G1 X147.093 Y149.061 E377.52965
G1 X147.164 Y149.349 E377.54346
G1 X147.208 Y149.646 E377.55744
G1 X147.223 Y149.95 E377.57161
G1 X147.208 Y150.254 E377.58579
G1 X147.164 Y150.551 E377.59977
G1 X147.093 Y150.839 E377.61358
G1 X146.994 Y151.113 E377.62714
G1 X146.867 Y151.383 E377.64104
G1 X146.713 Y151.641 E377.65503
G1 X146.527 Y151.89 E377.6695
G1 X146.332 Y152.107 E377.68309
G1 X146.115 Y152.302 E377.69667
G1 X145.87 Y152.485 E377.71091
G1 X145.607 Y152.642 E377.72517
G1 X145.338 Y152.769 E377.73902
G1 X145.064 Y152.868 E377.75259
G1 X144.776 Y152.939 E377.7664
G1 X144.479 Y152.983 E377.78038
G1 X144.175 Y152.998 E377.79455
G0 F9000 X144.175 Y153.399
;TYPE:WALL-OUTER
G1 F670.6 X143.835 Y153.382 E377.81041
G1 X143.502 Y153.333 E377.82608
G1 X143.172 Y153.251 E377.84191
G1 X142.855 Y153.137 E377.8576
G1 X142.553 Y152.995 E377.87314
G1 X142.256 Y152.817 E377.88926
G1 X141.982 Y152.613 E377.90517
G1 X141.735 Y152.39 E377.92066
G1 X141.512 Y152.143 E377.93616
G1 X141.308 Y151.869 E377.95206
G1 X141.128 Y151.568 E377.9684
G1 X140.988 Y151.27 E377.98373
G1 X140.874 Y150.953 E377.99941
G1 X140.792 Y150.623 E378.01525
G1 X140.743 Y150.29 E378.03092
G1 X140.726 Y149.95 E378.04677
G1 X140.743 Y149.61 E378.06262
G1 X140.792 Y149.277 E378.0783
G1 X140.874 Y148.947 E378.09413
G1 X140.988 Y148.63 E378.10982
G1 X141.13 Y148.328 E378.12535
G1 X141.308 Y148.031 E378.14148
G1 X141.512 Y147.757 E378.15738
G1 X141.735 Y147.51 E378.17288
G1 X141.982 Y147.287 E378.18837
G1 X142.256 Y147.083 E378.20428
G1 X142.553 Y146.905 E378.2204
G1 X142.855 Y146.763 E378.23594
G1 X143.172 Y146.649 E378.25163
G1 X143.502 Y146.567 E378.26746
G1 X143.835 Y146.518 E378.28314
G1 X144.175 Y146.501 E378.29899
G1 X144.515 Y146.518 E378.31484
G1 X144.848 Y146.567 E378.33051
G1 X145.178 Y146.649 E378.34635
G1 X145.495 Y146.763 E378.36203
G1 X145.797 Y146.905 E378.37757
G1 X146.094 Y147.083 E378.39369
G1 X146.368 Y147.287 E378.4096
G1 X146.615 Y147.51 E378.4251
G1 X146.838 Y147.757 E378.44059
G1 X147.042 Y148.031 E378.4565
G1 X147.22 Y148.328 E378.47262
G1 X147.362 Y148.63 E378.48816
G1 X147.476 Y148.947 E378.50385
G1 X147.558 Y149.277 E378.51968
G1 X147.607 Y149.61 E378.53535
G1 X147.624 Y149.95 E378.5512
G1 X147.607 Y150.29 E378.56706
G1 X147.558 Y150.623 E378.58273
G1 X147.476 Y150.953 E378.59856
G1 X147.362 Y151.27 E378.61425
G1 X147.222 Y151.568 E378.62958
G1 X147.042 Y151.869 E378.64591
G1 X146.838 Y152.143 E378.66182
G1 X146.615 Y152.39 E378.67731
G1 X146.368 Y152.613 E378.69281
G1 X146.094 Y152.817 E378.70871
G1 X145.797 Y152.995 E378.72484
G1 X145.495 Y153.137 E378.74038
G1 X145.178 Y153.251 E378.75606
G1 X144.848 Y153.333 E378.7719
G1 X144.515 Y153.382 E378.78757
G1 X144.175 Y153.399 E378.80342
G0 F9000 X144.175 Y152.959
G0 X144.143 Y152.915
;TYPE:FILL
G1 F1341.2 X145.63 Y147.364 E379.07101
G0 F9000 X144.875 Y147.066
G1 F1341.2 X142.123 Y147.804 E379.20368
G0 F9000 X142.079 Y147.844
G1 F1341.2 X146.281 Y152.045 E379.48036
G0 F9000 X147.115 Y149.572
G1 F1341.2 X141.434 Y151.094 E379.75422
G0 F9000 X141.492 Y151.215
G1 F1341.2 X142.486 Y147.508 E379.93293
G0 F9000 X142.558 Y147.606
G1 F2700 E374.93293
;MESH:NONMESH
G0 F300 X142.558 Y147.606 Z15.68
G0 F9000 X147.342 Y150.584
G0 X148.394 Y150.846
G0 X152.216 Y152.313
G0 X153.146 Y151.755
G0 X155.825 Y152.998
;TIME_ELAPSED:726.355694
;LAYER:55
;TYPE:WALL-INNER
;MESH:Shiny Hillar (2).stl
G1 F2700 E379.93293
G1 F682.9 X155.521 Y152.983 E379.9471
G1 X155.224 Y152.939 E379.96109
G1 X154.936 Y152.868 E379.9749
G1 X154.662 Y152.769 E379.98846
G1 X154.393 Y152.642 E380.00231
G1 X154.13 Y152.485 E380.01658
G1 X153.885 Y152.302 E380.03082
G1 X153.668 Y152.107 E380.0444
G1 X153.473 Y151.89 E380.05799
G1 X153.287 Y151.641 E380.07246
G1 X153.133 Y151.383 E380.08645
G1 X153.006 Y151.113 E380.10034
G1 X152.907 Y150.839 E380.11391
G1 X152.836 Y150.551 E380.12772
G1 X152.792 Y150.254 E380.1417
G1 X152.777 Y149.95 E380.15587
G1 X152.792 Y149.646 E380.17005
G1 X152.836 Y149.349 E380.18403
G1 X152.907 Y149.061 E380.19784
G1 X153.006 Y148.787 E380.21141
G1 X153.133 Y148.518 E380.22526
G1 X153.29 Y148.255 E380.23952
G1 X153.473 Y148.01 E380.25376
G1 X153.668 Y147.793 E380.26734
G1 X153.885 Y147.598 E380.28093
G1 X154.13 Y147.415 E380.29517
G1 X154.393 Y147.258 E380.30943
G1 X154.662 Y147.131 E380.32328
G1 X154.936 Y147.032 E380.33685
G1 X155.224 Y146.961 E380.35066
G1 X155.521 Y146.917 E380.36464
G1 X155.825 Y146.902 E380.37881
G1 X156.129 Y146.917 E380.39299
G1 X156.426 Y146.961 E380.40697
G1 X156.714 Y147.032 E380.42078
G1 X156.988 Y147.131 E380.43434
G1 X157.257 Y147.258 E380.4482
G1 X157.52 Y147.415 E380.46246
G1 X157.765 Y147.598 E380.4767
G1 X157.982 Y147.793 E380.49028
G1 X158.177 Y148.01 E380.50387
G1 X158.36 Y148.255 E380.51811
G1 X158.517 Y148.518 E380.53237
G1 X158.644 Y148.787 E380.54622
G1 X158.743 Y149.061 E380.55979
G1 X158.814 Y149.349 E380.5736
G1 X158.858 Y149.646 E380.58758
G1 X158.873 Y149.95 E380.60175
G1 X158.858 Y150.254 E380.61592
G1 X158.814 Y150.551 E380.6299
G1 X158.743 Y150.839 E380.64372
G1 X158.644 Y151.113 E380.65728
G1 X158.517 Y151.383 E380.67118
G1 X158.363 Y151.641 E380.68517
G1 X158.177 Y151.89 E380.69964
G1 X157.982 Y152.107 E380.71322
G1 X157.765 Y152.302 E380.72681
G1 X157.52 Y152.485 E380.74105
G1 X157.257 Y152.642 E380.75531
G1 X156.988 Y152.769 E380.76916
G1 X156.714 Y152.868 E380.78273
G1 X156.426 Y152.939 E380.79654
G1 X156.129 Y152.983 E380.81052
G1 X155.825 Y152.998 E380.82469
G0 F9000 X155.825 Y153.399
;TYPE:WALL-OUTER
G1 F682.9 X155.485 Y153.382 E380.84054
G1 X155.152 Y153.333 E380.85622
G1 X154.822 Y153.251 E380.87205
G1 X154.505 Y153.137 E380.88774
G1 X154.203 Y152.995 E380.90328
G1 X153.906 Y152.817 E380.9194
G1 X153.632 Y152.613 E380.93531
G1 X153.385 Y152.39 E380.9508
G1 X153.162 Y152.143 E380.9663
G1 X152.958 Y151.869 E380.9822
G1 X152.778 Y151.568 E380.99853
G1 X152.638 Y151.27 E381.01387
G1 X152.524 Y150.953 E381.02955
G1 X152.442 Y150.623 E381.04538
G1 X152.393 Y150.29 E381.06106
G1 X152.376 Y149.95 E381.07691
G1 X152.393 Y149.61 E381.09276
G1 X152.442 Y149.277 E381.10843
G1 X152.524 Y148.947 E381.12427
G1 X152.638 Y148.63 E381.13995
G1 X152.78 Y148.328 E381.15549
G1 X152.958 Y148.031 E381.17162
G1 X153.162 Y147.757 E381.18752
G1 X153.385 Y147.51 E381.20302
G1 X153.632 Y147.287 E381.21851
G1 X153.906 Y147.083 E381.23442
G1 X154.203 Y146.905 E381.25054
G1 X154.505 Y146.763 E381.26608
G1 X154.822 Y146.649 E381.28177
G1 X155.152 Y146.567 E381.2976
G1 X155.485 Y146.518 E381.31327
G1 X155.825 Y146.501 E381.32913
G1 X156.165 Y146.518 E381.34498
G1 X156.498 Y146.567 E381.36065
G1 X156.828 Y146.649 E381.37648
G1 X157.145 Y146.763 E381.39217
G1 X157.447 Y146.905 E381.40771
G1 X157.744 Y147.083 E381.42383
G1 X158.018 Y147.287 E381.43974
G1 X158.265 Y147.51 E381.45523
G1 X158.488 Y147.757 E381.47073
G1 X158.692 Y148.031 E381.48664
G1 X158.87 Y148.328 E381.50276
G1 X159.012 Y148.63 E381.5183
G1 X159.126 Y148.947 E381.53399
G1 X159.208 Y149.277 E381.54982
G1 X159.257 Y149.61 E381.56549
G1 X159.274 Y149.95 E381.58134
G1 X159.257 Y150.29 E381.59719
G1 X159.208 Y150.623 E381.61287
G1 X159.126 Y150.953 E381.6287
G1 X159.012 Y151.27 E381.64439
G1 X158.872 Y151.568 E381.65972
G1 X158.692 Y151.869 E381.67605
G1 X158.488 Y152.143 E381.69196
G1 X158.265 Y152.39 E381.70745
G1 X158.018 Y152.613 E381.72295
G1 X157.744 Y152.817 E381.73885
G1 X157.447 Y152.995 E381.75498
G1 X157.145 Y153.137 E381.77052
G1 X156.828 Y153.251 E381.7862
G1 X156.498 Y153.333 E381.80203
G1 X156.165 Y153.382 E381.81771
G1 X155.825 Y153.399 E381.83356
G0 F9000 X155.825 Y152.959
G0 X155.913 Y152.912
;TYPE:FILL
G1 F1365.9 X152.861 Y149.86 E382.03454
G0 F9000 X153.163 Y151.262
G1 F1365.9 X158.781 Y149.757 E382.30536
G0 F9000 X158.491 Y151.248
G1 F1365.9 X154.527 Y147.283 E382.56643
G0 F9000 X154.796 Y147.165
G1 F1365.9 X153.541 Y151.847 E382.79214
G0 F9000 X156.374 Y152.865
G1 F1365.9 X157.758 Y147.699 E383.04117
G0 F9000 X156.855 Y147.167
G1 F1365.9 X153.537 Y148.056 E383.20112
G0 F9000 X153.627 Y148.137
G1 F2700 E378.20112
G0 F9000 X152.612 Y149.629
G0 X151.527 Y149.575
G0 X148.305 Y151.203
G0 X147.159 Y151.186
G0 X144.175 Y152.998
;TYPE:WALL-INNER
G1 F2700 E383.20112
G1 F682.9 X143.871 Y152.983 E383.2153
G1 X143.574 Y152.939 E383.22928
G1 X143.286 Y152.868 E383.24309
G1 X143.012 Y152.769 E383.25665
G1 X142.743 Y152.642 E383.27051
G1 X142.48 Y152.485 E383.28477
G1 X142.235 Y152.302 E383.29901
G1 X142.018 Y152.107 E383.31259
G1 X141.823 Y151.89 E383.32618
G1 X141.637 Y151.641 E383.34065
G1 X141.483 Y151.383 E383.35464
G1 X141.356 Y151.113 E383.36853
G1 X141.257 Y150.839 E383.3821
G1 X141.186 Y150.551 E383.39591
G1 X141.142 Y150.254 E383.40989
G1 X141.127 Y149.95 E383.42406
G1 X141.142 Y149.646 E383.43824
G1 X141.186 Y149.349 E383.45222
G1 X141.257 Y149.061 E383.46603
G1 X141.356 Y148.787 E383.4796
G1 X141.483 Y148.518 E383.49345
G1 X141.64 Y148.255 E383.50771
G1 X141.823 Y148.01 E383.52195
G1 X142.018 Y147.793 E383.53553
G1 X142.235 Y147.598 E383.54912
G1 X142.48 Y147.415 E383.56336
G1 X142.743 Y147.258 E383.57762
G1 X143.012 Y147.131 E383.59147
G1 X143.286 Y147.032 E383.60504
G1 X143.574 Y146.961 E383.61885
G1 X143.871 Y146.917 E383.63283
G1 X144.175 Y146.902 E383.647
G1 X144.479 Y146.917 E383.66118
G1 X144.776 Y146.961 E383.67516
G1 X145.064 Y147.032 E383.68897
G1 X145.338 Y147.131 E383.70253
G1 X145.607 Y147.258 E383.71639
G1 X145.87 Y147.415 E383.73065
G1 X146.115 Y147.598 E383.74489
G1 X146.332 Y147.793 E383.75847
G1 X146.527 Y148.01 E383.77206
G1 X146.71 Y148.255 E383.7863
G1 X146.867 Y148.518 E383.80056
G1 X146.994 Y148.787 E383.81441
G1 X147.093 Y149.061 E383.82798
G1 X147.164 Y149.349 E383.84179
G1 X147.208 Y149.646 E383.85577
G1 X147.223 Y149.95 E383.86994
G1 X147.208 Y150.254 E383.88411
G1 X147.164 Y150.551 E383.89809
G1 X147.093 Y150.839 E383.91191
G1 X146.994 Y151.113 E383.92547
G1 X146.867 Y151.383 E383.93937
G1 X146.713 Y151.641 E383.95336
G1 X146.527 Y151.89 E383.96783
G1 X146.332 Y152.107 E383.98141
G1 X146.115 Y152.302 E383.995
G1 X145.87 Y152.485 E384.00924
G1 X145.607 Y152.642 E384.0235
G1 X145.338 Y152.769 E384.03735
G1 X145.064 Y152.868 E384.05092
G1 X144.776 Y152.939 E384.06473
G1 X144.479 Y152.983 E384.07871
G1 X144.175 Y152.998 E384.09288
G0 F9000 X144.175 Y153.399
;TYPE:WALL-OUTER
G1 F682.9 X143.835 Y153.382 E384.10874
G1 X143.502 Y153.333 E384.12441
G1 X143.172 Y153.251 E384.14024
G1 X142.855 Y153.137 E384.15593
G1 X142.553 Y152.995 E384.17147
G1 X142.256 Y152.817 E384.18759
G1 X141.982 Y152.613 E384.2035
G1 X141.735 Y152.39 E384.21899
G1 X141.512 Y152.143 E384.23449
G1 X141.308 Y151.869 E384.25039
G1 X141.128 Y151.568 E384.26672
G1 X140.988 Y151.27 E384.28206
G1 X140.874 Y150.953 E384.29774
G1 X140.792 Y150.623 E384.31358
G1 X140.743 Y150.29 E384.32925
G1 X140.726 Y149.95 E384.3451
G1 X140.743 Y149.61 E384.36095
G1 X140.792 Y149.277 E384.37662
G1 X140.874 Y148.947 E384.39246
G1 X140.988 Y148.63 E384.40814
G1 X141.13 Y148.328 E384.42368
G1 X141.308 Y148.031 E384.43981
G1 X141.512 Y147.757 E384.45571
G1 X141.735 Y147.51 E384.47121
G1 X141.982 Y147.287 E384.4867
G1 X142.256 Y147.083 E384.50261
G1 X142.553 Y146.905 E384.51873
G1 X142.855 Y146.763 E384.53427
G1 X143.172 Y146.649 E384.54996
G1 X143.502 Y146.567 E384.56579
G1 X143.835 Y146.518 E384.58147
G1 X144.175 Y146.501 E384.59732
G1 X144.515 Y146.518 E384.61317
G1 X144.848 Y146.567 E384.62884
G1 X145.178 Y146.649 E384.64467
G1 X145.495 Y146.763 E384.66036
G1 X145.797 Y146.905 E384.6759
G1 X146.094 Y147.083 E384.69202
G1 X146.368 Y147.287 E384.70793
G1 X146.615 Y147.51 E384.72343
G1 X146.838 Y147.757 E384.73892
G1 X147.042 Y148.031 E384.75483
G1 X147.22 Y148.328 E384.77095
G1 X147.362 Y148.63 E384.78649
G1 X147.476 Y148.947 E384.80218
G1 X147.558 Y149.277 E384.81801
G1 X147.607 Y149.61 E384.83368
G1 X147.624 Y149.95 E384.84953
G1 X147.607 Y150.29 E384.86539
G1 X147.558 Y150.623 E384.88106
G1 X147.476 Y150.953 E384.89689
G1 X147.362 Y151.27 E384.91258
G1 X147.222 Y151.568 E384.92791
G1 X147.042 Y151.869 E384.94424
G1 X146.838 Y152.143 E384.96015
G1 X146.615 Y152.39 E384.97564
G1 X146.368 Y152.613 E384.99114
G1 X146.094 Y152.817 E385.00704
G1 X145.797 Y152.995 E385.02317
G1 X145.495 Y153.137 E385.03871
G1 X145.178 Y153.251 E385.05439
G1 X144.848 Y153.333 E385.07023
G1 X144.515 Y153.382 E385.0859
G1 X144.175 Y153.399 E385.10175
G0 F9000 X144.175 Y152.959
G0 X143.94 Y152.905
;TYPE:FILL
G1 F1365.9 X145.45 Y147.272 E385.37331
G0 F9000 X145.23 Y147.176
G1 F1365.9 X141.871 Y148.076 E385.53523
G0 F9000 X141.368 Y150.914
G1 F1365.9 X142.226 Y147.711 E385.68964
G0 F9000 X142.227 Y147.711
G1 F1365.9 X146.413 Y151.897 E385.96529
G0 F9000 X147.132 Y149.772
G1 F1365.9 X141.52 Y151.276 E386.23583
G0 F9000 X141.496 Y151.223
G1 F1365.9 X142.899 Y152.626 E386.32822
G0 F9000 X142.949 Y152.519
G1 F2700 E381.32822
;MESH:NONMESH
G0 F300 X142.949 Y152.519 Z15.96
G0 F9000 X146.854 Y151.755
G0 X147.785 Y152.312
G0 X152.216 Y152.313
G0 X153.146 Y151.755
G0 X155.825 Y152.998
;TIME_ELAPSED:739.068444
;LAYER:56
;TYPE:WALL-INNER
;MESH:Shiny Hillar (2).stl
G1 F2700 E386.32822
G1 F686.7 X155.521 Y152.983 E386.34239
G1 X155.224 Y152.939 E386.35637
G1 X154.936 Y152.868 E386.37019
G1 X154.662 Y152.769 E386.38375
G1 X154.393 Y152.642 E386.3976
G1 X154.13 Y152.485 E386.41187
G1 X153.885 Y152.302 E386.42611
G1 X153.668 Y152.107 E386.43969
G1 X153.473 Y151.89 E386.45328
G1 X153.287 Y151.641 E386.46775
G1 X153.133 Y151.383 E386.48174
G1 X153.006 Y151.113 E386.49563
G1 X152.907 Y150.839 E386.5092
G1 X152.836 Y150.551 E386.52301
G1 X152.792 Y150.254 E386.53699
G1 X152.777 Y149.95 E386.55116
G1 X152.792 Y149.646 E386.56534
G1 X152.836 Y149.349 E386.57932
G1 X152.907 Y149.061 E386.59313
G1 X153.006 Y148.787 E386.60669
G1 X153.133 Y148.518 E386.62055
G1 X153.29 Y148.255 E386.63481
G1 X153.473 Y148.01 E386.64905
G1 X153.668 Y147.793 E386.66263
G1 X153.885 Y147.598 E386.67622
G1 X154.13 Y147.415 E386.69046
G1 X154.393 Y147.258 E386.70472
G1 X154.662 Y147.131 E386.71857
G1 X154.936 Y147.032 E386.73214
G1 X155.224 Y146.961 E386.74595
G1 X155.521 Y146.917 E386.75993
G1 X155.825 Y146.902 E386.7741
G1 X156.129 Y146.917 E386.78827
G1 X156.426 Y146.961 E386.80225
G1 X156.714 Y147.032 E386.81607
G1 X156.988 Y147.131 E386.82963
G1 X157.257 Y147.258 E386.84348
G1 X157.52 Y147.415 E386.85775
G1 X157.765 Y147.598 E386.87199
G1 X157.982 Y147.793 E386.88557
G1 X158.177 Y148.01 E386.89916
G1 X158.36 Y148.255 E386.91339
G1 X158.517 Y148.518 E386.92766
G1 X158.644 Y148.787 E386.94151
G1 X158.743 Y149.061 E386.95507
G1 X158.814 Y149.349 E386.96889
G1 X158.858 Y149.646 E386.98287
G1 X158.873 Y149.95 E386.99704
G1 X158.858 Y150.254 E387.01121
G1 X158.814 Y150.551 E387.02519
G1 X158.743 Y150.839 E387.03901
G1 X158.644 Y151.113 E387.05257
G1 X158.517 Y151.383 E387.06646
G1 X158.363 Y151.641 E387.08046
G1 X158.177 Y151.89 E387.09493
G1 X157.982 Y152.107 E387.10851
G1 X157.765 Y152.302 E387.1221
G1 X157.52 Y152.485 E387.13634
G1 X157.257 Y152.642 E387.1506
G1 X156.988 Y152.769 E387.16445
G1 X156.714 Y152.868 E387.17802
G1 X156.426 Y152.939 E387.19183
G1 X156.129 Y152.983 E387.20581
G1 X155.825 Y152.998 E387.21998
G0 F9000 X155.825 Y153.399
;TYPE:WALL-OUTER
G1 F686.7 X155.485 Y153.382 E387.23583
G1 X155.152 Y153.333 E387.25151
G1 X154.822 Y153.251 E387.26734
G1 X154.505 Y153.137 E387.28303
G1 X154.203 Y152.995 E387.29857
G1 X153.906 Y152.817 E387.31469
G1 X153.632 Y152.613 E387.3306
G1 X153.385 Y152.39 E387.34609
G1 X153.162 Y152.143 E387.36159
G1 X152.958 Y151.869 E387.37749
G1 X152.778 Y151.568 E387.39382
G1 X152.638 Y151.27 E387.40915
G1 X152.524 Y150.953 E387.42484
G1 X152.442 Y150.623 E387.44067
G1 X152.393 Y150.29 E387.45635
G1 X152.376 Y149.95 E387.4722
G1 X152.393 Y149.61 E387.48805
G1 X152.442 Y149.277 E387.50372
G1 X152.524 Y148.947 E387.51956
G1 X152.638 Y148.63 E387.53524
G1 X152.78 Y148.328 E387.55078
G1 X152.958 Y148.031 E387.56691
G1 X153.162 Y147.757 E387.58281
G1 X153.385 Y147.51 E387.59831
G1 X153.632 Y147.287 E387.6138
G1 X153.906 Y147.083 E387.62971
G1 X154.203 Y146.905 E387.64583
G1 X154.505 Y146.763 E387.66137
G1 X154.822 Y146.649 E387.67706
G1 X155.152 Y146.567 E387.69289
G1 X155.485 Y146.518 E387.70856
G1 X155.825 Y146.501 E387.72442
G1 X156.165 Y146.518 E387.74027
G1 X156.498 Y146.567 E387.75594
G1 X156.828 Y146.649 E387.77177
G1 X157.145 Y146.763 E387.78746
G1 X157.447 Y146.905 E387.803
G1 X157.744 Y147.083 E387.81912
G1 X158.018 Y147.287 E387.83503
G1 X158.265 Y147.51 E387.85052
G1 X158.488 Y147.757 E387.86602
G1 X158.692 Y148.031 E387.88193
G1 X158.87 Y148.328 E387.89805
G1 X159.012 Y148.63 E387.91359
G1 X159.126 Y148.947 E387.92927
G1 X159.208 Y149.277 E387.94511
G1 X159.257 Y149.61 E387.96078
G1 X159.274 Y149.95 E387.97663
G1 X159.257 Y150.29 E387.99248
G1 X159.208 Y150.623 E388.00816
G1 X159.126 Y150.953 E388.02399
G1 X159.012 Y151.27 E388.03968
G1 X158.872 Y151.568 E388.05501
G1 X158.692 Y151.869 E388.07134
G1 X158.488 Y152.143 E388.08724
G1 X158.265 Y152.39 E388.10274
G1 X158.018 Y152.613 E388.11824
G1 X157.744 Y152.817 E388.13414
G1 X157.447 Y152.995 E388.15026
G1 X157.145 Y153.137 E388.1658
G1 X156.828 Y153.251 E388.18149
G1 X156.498 Y153.333 E388.19732
G1 X156.165 Y153.382 E388.213
G1 X155.825 Y153.399 E388.22885
G0 F9000 X155.825 Y152.959
G0 X156.161 Y152.896
;TYPE:FILL
G1 F1373.3 X157.589 Y147.566 E388.48579
G0 F9000 X157.147 Y147.294
G1 F1373.3 X153.348 Y148.312 E388.66893
G0 F9000 X152.879 Y149.598
G1 F1373.3 X156.175 Y152.894 E388.88597
G0 F9000 X158.58 Y151.056
G1 F1373.3 X154.719 Y147.195 E389.14023
G0 F9000 X154.564 Y147.264
G1 F1373.3 X153.39 Y151.646 E389.35147
G0 F9000 X153.259 Y151.441
G1 F1373.3 X158.79 Y149.959 E389.6181
G0 F9000 X158.672 Y149.951
G1 F2700 E384.6181
G0 F9000 X152.734 Y150.889
G0 X151.683 Y151.152
G0 X147.785 Y152.312
G0 X146.854 Y151.755
G0 X144.175 Y152.998
;TYPE:WALL-INNER
G1 F2700 E389.6181
G1 F686.7 X143.871 Y152.983 E389.63227
G1 X143.574 Y152.939 E389.64625
G1 X143.286 Y152.868 E389.66006
G1 X143.012 Y152.769 E389.67363
G1 X142.743 Y152.642 E389.68748
G1 X142.48 Y152.485 E389.70174
G1 X142.235 Y152.302 E389.71598
G1 X142.018 Y152.107 E389.72957
G1 X141.823 Y151.89 E389.74315
G1 X141.637 Y151.641 E389.75763
G1 X141.483 Y151.383 E389.77162
G1 X141.356 Y151.113 E389.78551
G1 X141.257 Y150.839 E389.79908
G1 X141.186 Y150.551 E389.81289
G1 X141.142 Y150.254 E389.82687
G1 X141.127 Y149.95 E389.84104
G1 X141.142 Y149.646 E389.85521
G1 X141.186 Y149.349 E389.86919
G1 X141.257 Y149.061 E389.88301
G1 X141.356 Y148.787 E389.89657
G1 X141.483 Y148.518 E389.91042
G1 X141.64 Y148.255 E389.92469
G1 X141.823 Y148.01 E389.93893
G1 X142.018 Y147.793 E389.95251
G1 X142.235 Y147.598 E389.9661
G1 X142.48 Y147.415 E389.98033
G1 X142.743 Y147.258 E389.9946
G1 X143.012 Y147.131 E390.00845
G1 X143.286 Y147.032 E390.02201
G1 X143.574 Y146.961 E390.03583
G1 X143.871 Y146.917 E390.04981
G1 X144.175 Y146.902 E390.06398
G1 X144.479 Y146.917 E390.07815
G1 X144.776 Y146.961 E390.09213
G1 X145.064 Y147.032 E390.10595
G1 X145.338 Y147.131 E390.11951
G1 X145.607 Y147.258 E390.13336
G1 X145.87 Y147.415 E390.14763
G1 X146.115 Y147.598 E390.16186
G1 X146.332 Y147.793 E390.17545
G1 X146.527 Y148.01 E390.18903
G1 X146.71 Y148.255 E390.20327
G1 X146.867 Y148.518 E390.21754
G1 X146.994 Y148.787 E390.23139
G1 X147.093 Y149.061 E390.24495
G1 X147.164 Y149.349 E390.25877
G1 X147.208 Y149.646 E390.27275
G1 X147.223 Y149.95 E390.28692
G1 X147.208 Y150.254 E390.30109
G1 X147.164 Y150.551 E390.31507
G1 X147.093 Y150.839 E390.32888
G1 X146.994 Y151.113 E390.34245
G1 X146.867 Y151.383 E390.35634
G1 X146.713 Y151.641 E390.37033
G1 X146.527 Y151.89 E390.38481
G1 X146.332 Y152.107 E390.39839
G1 X146.115 Y152.302 E390.41198
G1 X145.87 Y152.485 E390.42622
G1 X145.607 Y152.642 E390.44048
G1 X145.338 Y152.769 E390.45433
G1 X145.064 Y152.868 E390.4679
G1 X144.776 Y152.939 E390.48171
G1 X144.479 Y152.983 E390.49569
G1 X144.175 Y152.998 E390.50986
G0 F9000 X144.175 Y153.399
;TYPE:WALL-OUTER
G1 F686.7 X143.835 Y153.382 E390.52571
G1 X143.502 Y153.333 E390.54138
G1 X143.172 Y153.251 E390.55722
G1 X142.855 Y153.137 E390.5729
G1 X142.553 Y152.995 E390.58844
G1 X142.256 Y152.817 E390.60457
G1 X141.982 Y152.613 E390.62047
G1 X141.735 Y152.39 E390.63597
G1 X141.512 Y152.143 E390.65146
G1 X141.308 Y151.869 E390.66737
G1 X141.128 Y151.568 E390.6837
G1 X140.988 Y151.27 E390.69903
G1 X140.874 Y150.953 E390.71472
G1 X140.792 Y150.623 E390.73055
G1 X140.743 Y150.29 E390.74623
G1 X140.726 Y149.95 E390.76208
G1 X140.743 Y149.61 E390.77793
G1 X140.792 Y149.277 E390.7936
G1 X140.874 Y148.947 E390.80943
G1 X140.988 Y148.63 E390.82512
G1 X141.13 Y148.328 E390.84066
G1 X141.308 Y148.031 E390.85678
G1 X141.512 Y147.757 E390.87269
G1 X141.735 Y147.51 E390.88819
G1 X141.982 Y147.287 E390.90368
G1 X142.256 Y147.083 E390.91959
G1 X142.553 Y146.905 E390.93571
G1 X142.855 Y146.763 E390.95125
G1 X143.172 Y146.649 E390.96694
G1 X143.502 Y146.567 E390.98277
G1 X143.835 Y146.518 E390.99844
G1 X144.175 Y146.501 E391.01429
G1 X144.515 Y146.518 E391.03015
G1 X144.848 Y146.567 E391.04582
G1 X145.178 Y146.649 E391.06165
G1 X145.495 Y146.763 E391.07734
G1 X145.797 Y146.905 E391.09288
G1 X146.094 Y147.083 E391.109
G1 X146.368 Y147.287 E391.12491
G1 X146.615 Y147.51 E391.1404
G1 X146.838 Y147.757 E391.1559
G1 X147.042 Y148.031 E391.1718
G1 X147.22 Y148.328 E391.18793
G1 X147.362 Y148.63 E391.20347
G1 X147.476 Y148.947 E391.21915
G1 X147.558 Y149.277 E391.23499
G1 X147.607 Y149.61 E391.25066
G1 X147.624 Y149.95 E391.26651
G1 X147.607 Y150.29 E391.28236
G1 X147.558 Y150.623 E391.29803
G1 X147.476 Y150.953 E391.31387
G1 X147.362 Y151.27 E391.32955
G1 X147.222 Y151.568 E391.34489
G1 X147.042 Y151.869 E391.36122
G1 X146.838 Y152.143 E391.37712
G1 X146.615 Y152.39 E391.39262
G1 X146.368 Y152.613 E391.40811
G1 X146.094 Y152.817 E391.42402
G1 X145.797 Y152.995 E391.44014
G1 X145.495 Y153.137 E391.45568
G1 X145.178 Y153.251 E391.47137
G1 X144.848 Y153.333 E391.4872
G1 X144.515 Y153.382 E391.50288
G1 X144.175 Y153.399 E391.51873
G0 F9000 X144.175 Y152.959
G0 X143.741 Y152.882
;TYPE:FILL
G1 F1373.3 X145.267 Y147.19 E391.79313
G0 F9000 X145.519 Y147.304
G1 F1373.3 X141.686 Y148.331 E391.97791
G0 F9000 X141.947 Y147.99
G1 F1373.3 X141.264 Y150.537 E392.1007
G0 F9000 X141.321 Y150.768
G1 F1373.3 X143.354 Y152.801 E392.23457
G0 F9000 X141.617 Y151.455
G1 F1373.3 X147.139 Y149.975 E392.50077
G0 F9000 X146.538 Y151.742
G1 F1373.3 X142.382 Y147.586 E392.77445
G0 F9000 X142.454 Y147.684
G1 F2700 E387.77445
;MESH:NONMESH
G0 F300 X142.454 Y147.684 Z16.24
G0 F9000 X147.342 Y150.584
G0 X148.394 Y150.846
G0 X152.216 Y152.313
G0 X153.146 Y151.755
G0 X155.825 Y152.998
;TIME_ELAPSED:751.730651
;LAYER:57
;TYPE:WALL-INNER
;MESH:Shiny Hillar (2).stl
G1 F2700 E392.77445
G1 F687 X155.521 Y152.983 E392.78863
G1 X155.224 Y152.939 E392.80261
G1 X154.936 Y152.868 E392.81642
G1 X154.662 Y152.769 E392.82999
G1 X154.393 Y152.642 E392.84384
G1 X154.13 Y152.485 E392.8581
G1 X153.885 Y152.302 E392.87234
G1 X153.668 Y152.107 E392.88592
G1 X153.473 Y151.89 E392.89951
G1 X153.287 Y151.641 E392.91398
G1 X153.133 Y151.383 E392.92797
G1 X153.006 Y151.113 E392.94186
G1 X152.907 Y150.839 E392.95543
G1 X152.836 Y150.551 E392.96924
G1 X152.792 Y150.254 E392.98322
G1 X152.777 Y149.95 E392.9974
G1 X152.792 Y149.646 E393.01157
G1 X152.836 Y149.349 E393.02555
G1 X152.907 Y149.061 E393.03936
G1 X153.006 Y148.787 E393.05293
G1 X153.133 Y148.518 E393.06678
G1 X153.29 Y148.255 E393.08104
G1 X153.473 Y148.01 E393.09528
G1 X153.668 Y147.793 E393.10887
G1 X153.885 Y147.598 E393.12245
G1 X154.13 Y147.415 E393.13669
G1 X154.393 Y147.258 E393.15095
G1 X154.662 Y147.131 E393.1648
G1 X154.936 Y147.032 E393.17837
G1 X155.224 Y146.961 E393.19218
G1 X155.521 Y146.917 E393.20616
G1 X155.825 Y146.902 E393.22033
G1 X156.129 Y146.917 E393.23451
G1 X156.426 Y146.961 E393.24849
G1 X156.714 Y147.032 E393.2623
G1 X156.988 Y147.131 E393.27587
G1 X157.257 Y147.258 E393.28972
G1 X157.52 Y147.415 E393.30398
G1 X157.765 Y147.598 E393.31822
G1 X157.982 Y147.793 E393.3318
G1 X158.177 Y148.01 E393.34539
G1 X158.36 Y148.255 E393.35963
G1 X158.517 Y148.518 E393.37389
G1 X158.644 Y148.787 E393.38774
G1 X158.743 Y149.061 E393.40131
G1 X158.814 Y149.349 E393.41512
G1 X158.858 Y149.646 E393.4291
G1 X158.873 Y149.95 E393.44327
G1 X158.858 Y150.254 E393.45745
G1 X158.814 Y150.551 E393.47143
G1 X158.743 Y150.839 E393.48524
G1 X158.644 Y151.113 E393.4988
G1 X158.517 Y151.383 E393.5127
G1 X158.363 Y151.641 E393.52669
G1 X158.177 Y151.89 E393.54116
G1 X157.982 Y152.107 E393.55475
G1 X157.765 Y152.302 E393.56833
G1 X157.52 Y152.485 E393.58257
G1 X157.257 Y152.642 E393.59683
G1 X156.988 Y152.769 E393.61068
G1 X156.714 Y152.868 E393.62425
G1 X156.426 Y152.939 E393.63806
G1 X156.129 Y152.983 E393.65204
G1 X155.825 Y152.998 E393.66622
G0 F9000 X155.825 Y153.399
;TYPE:WALL-OUTER
G1 F687 X155.485 Y153.382 E393.68207
G1 X155.152 Y153.333 E393.69774
G1 X154.822 Y153.251 E393.71357
G1 X154.505 Y153.137 E393.72926
G1 X154.203 Y152.995 E393.7448
G1 X153.906 Y152.817 E393.76092
G1 X153.632 Y152.613 E393.77683
G1 X153.385 Y152.39 E393.79232
G1 X153.162 Y152.143 E393.80782
G1 X152.958 Y151.869 E393.82373
G1 X152.778 Y151.568 E393.84006
G1 X152.638 Y151.27 E393.85539
G1 X152.524 Y150.953 E393.87107
G1 X152.442 Y150.623 E393.88691
G1 X152.393 Y150.29 E393.90258
G1 X152.376 Y149.95 E393.91843
G1 X152.393 Y149.61 E393.93428
G1 X152.442 Y149.277 E393.94996
G1 X152.524 Y148.947 E393.96579
G1 X152.638 Y148.63 E393.98148
G1 X152.78 Y148.328 E393.99701
G1 X152.958 Y148.031 E394.01314
G1 X153.162 Y147.757 E394.02904
G1 X153.385 Y147.51 E394.04454
G1 X153.632 Y147.287 E394.06004
G1 X153.906 Y147.083 E394.07594
G1 X154.203 Y146.905 E394.09206
G1 X154.505 Y146.763 E394.1076
G1 X154.822 Y146.649 E394.12329
G1 X155.152 Y146.567 E394.13912
G1 X155.485 Y146.518 E394.1548
G1 X155.825 Y146.501 E394.17065
G1 X156.165 Y146.518 E394.1865
G1 X156.498 Y146.567 E394.20217
G1 X156.828 Y146.649 E394.21801
G1 X157.145 Y146.763 E394.23369
G1 X157.447 Y146.905 E394.24923
G1 X157.744 Y147.083 E394.26535
G1 X158.018 Y147.287 E394.28126
G1 X158.265 Y147.51 E394.29676
G1 X158.488 Y147.757 E394.31225
G1 X158.692 Y148.031 E394.32816
G1 X158.87 Y148.328 E394.34428
G1 X159.012 Y148.63 E394.35982
G1 X159.126 Y148.947 E394.37551
G1 X159.208 Y149.277 E394.39134
G1 X159.257 Y149.61 E394.40701
G1 X159.274 Y149.95 E394.42287
G1 X159.257 Y150.29 E394.43872
G1 X159.208 Y150.623 E394.45439
G1 X159.126 Y150.953 E394.47022
G1 X159.012 Y151.27 E394.48591
G1 X158.872 Y151.568 E394.50124
G1 X158.692 Y151.869 E394.51757
G1 X158.488 Y152.143 E394.53348
G1 X158.265 Y152.39 E394.54897
G1 X158.018 Y152.613 E394.56447
G1 X157.744 Y152.817 E394.58037
G1 X157.447 Y152.995 E394.5965
G1 X157.145 Y153.137 E394.61204
G1 X156.828 Y153.251 E394.62772
G1 X156.498 Y153.333 E394.64356
G1 X156.165 Y153.382 E394.65923
G1 X155.825 Y153.399 E394.67508
G0 F9000 X155.825 Y152.959
G0 X155.952 Y152.91
;TYPE:FILL
G1 F1374 X157.417 Y147.445 E394.93854
G0 F9000 X157.395 Y147.432
G1 F1374 X153.203 Y148.555 E395.14062
G0 F9000 X152.915 Y149.354
G1 F1374 X156.419 Y152.858 E395.37136
G0 F9000 X158.654 Y150.85
G1 F1374 X154.924 Y147.121 E395.61696
G0 F9000 X154.326 Y147.388
G1 F1374 X153.246 Y151.417 E395.81119
G0 F9000 X153.367 Y151.617
G1 F1374 X158.78 Y150.167 E396.07213
G0 F9000 X158.662 Y150.16
G1 F2700 E391.07213
G0 F9000 X152.734 Y150.889
G0 X151.683 Y151.152
G0 X147.785 Y152.312
G0 X146.854 Y151.755
G0 X144.175 Y152.998
;TYPE:WALL-INNER
G1 F2700 E396.07213
G1 F687 X143.871 Y152.983 E396.0863
G1 X143.574 Y152.939 E396.10028
G1 X143.286 Y152.868 E396.11409
G1 X143.012 Y152.769 E396.12766
G1 X142.743 Y152.642 E396.14151
G1 X142.48 Y152.485 E396.15577
G1 X142.235 Y152.302 E396.17001
G1 X142.018 Y152.107 E396.1836
G1 X141.823 Y151.89 E396.19718
G1 X141.637 Y151.641 E396.21165
G1 X141.483 Y151.383 E396.22564
G1 X141.356 Y151.113 E396.23954
G1 X141.257 Y150.839 E396.2531
G1 X141.186 Y150.551 E396.26692
G1 X141.142 Y150.254 E396.2809
G1 X141.127 Y149.95 E396.29507
G1 X141.142 Y149.646 E396.30924
G1 X141.186 Y149.349 E396.32322
G1 X141.257 Y149.061 E396.33703
G1 X141.356 Y148.787 E396.3506
G1 X141.483 Y148.518 E396.36445
G1 X141.64 Y148.255 E396.37871
G1 X141.823 Y148.01 E396.39295
G1 X142.018 Y147.793 E396.40654
G1 X142.235 Y147.598 E396.42012
G1 X142.48 Y147.415 E396.43436
G1 X142.743 Y147.258 E396.44862
G1 X143.012 Y147.131 E396.46248
G1 X143.286 Y147.032 E396.47604
G1 X143.574 Y146.961 E396.48985
G1 X143.871 Y146.917 E396.50383
G1 X144.175 Y146.902 E396.51801
G1 X144.479 Y146.917 E396.53218
G1 X144.776 Y146.961 E396.54616
G1 X145.064 Y147.032 E396.55997
G1 X145.338 Y147.131 E396.57354
G1 X145.607 Y147.258 E396.58739
G1 X145.87 Y147.415 E396.60165
G1 X146.115 Y147.598 E396.61589
G1 X146.332 Y147.793 E396.62948
G1 X146.527 Y148.01 E396.64306
G1 X146.71 Y148.255 E396.6573
G1 X146.867 Y148.518 E396.67156
G1 X146.994 Y148.787 E396.68541
G1 X147.093 Y149.061 E396.69898
G1 X147.164 Y149.349 E396.71279
G1 X147.208 Y149.646 E396.72677
G1 X147.223 Y149.95 E396.74095
G1 X147.208 Y150.254 E396.75512
G1 X147.164 Y150.551 E396.7691
G1 X147.093 Y150.839 E396.78291
G1 X146.994 Y151.113 E396.79648
G1 X146.867 Y151.383 E396.81037
G1 X146.713 Y151.641 E396.82436
G1 X146.527 Y151.89 E396.83883
G1 X146.332 Y152.107 E396.85242
G1 X146.115 Y152.302 E396.866
G1 X145.87 Y152.485 E396.88024
G1 X145.607 Y152.642 E396.8945
G1 X145.338 Y152.769 E396.90836
G1 X145.064 Y152.868 E396.92192
G1 X144.776 Y152.939 E396.93573
G1 X144.479 Y152.983 E396.94971
G1 X144.175 Y152.998 E396.96389
G0 F9000 X144.175 Y153.399
;TYPE:WALL-OUTER
G1 F687 X143.835 Y153.382 E396.97974
G1 X143.502 Y153.333 E396.99541
G1 X143.172 Y153.251 E397.01125
G1 X142.855 Y153.137 E397.02693
G1 X142.553 Y152.995 E397.04247
G1 X142.256 Y152.817 E397.05859
G1 X141.982 Y152.613 E397.0745
G1 X141.735 Y152.39 E397.09
G1 X141.512 Y152.143 E397.10549
G1 X141.308 Y151.869 E397.1214
G1 X141.128 Y151.568 E397.13773
G1 X140.988 Y151.27 E397.15306
G1 X140.874 Y150.953 E397.16875
G1 X140.792 Y150.623 E397.18458
G1 X140.743 Y150.29 E397.20025
G1 X140.726 Y149.95 E397.2161
G1 X140.743 Y149.61 E397.23196
G1 X140.792 Y149.277 E397.24763
G1 X140.874 Y148.947 E397.26346
G1 X140.988 Y148.63 E397.27915
G1 X141.13 Y148.328 E397.29469
G1 X141.308 Y148.031 E397.31081
G1 X141.512 Y147.757 E397.32672
G1 X141.735 Y147.51 E397.34221
G1 X141.982 Y147.287 E397.35771
G1 X142.256 Y147.083 E397.37361
G1 X142.553 Y146.905 E397.38974
G1 X142.855 Y146.763 E397.40528
G1 X143.172 Y146.649 E397.42096
G1 X143.502 Y146.567 E397.4368
G1 X143.835 Y146.518 E397.45247
G1 X144.175 Y146.501 E397.46832
G1 X144.515 Y146.518 E397.48417
G1 X144.848 Y146.567 E397.49985
G1 X145.178 Y146.649 E397.51568
G1 X145.495 Y146.763 E397.53137
G1 X145.797 Y146.905 E397.5469
G1 X146.094 Y147.083 E397.56303
G1 X146.368 Y147.287 E397.57893
G1 X146.615 Y147.51 E397.59443
G1 X146.838 Y147.757 E397.60992
G1 X147.042 Y148.031 E397.62583
G1 X147.22 Y148.328 E397.64195
G1 X147.362 Y148.63 E397.65749
G1 X147.476 Y148.947 E397.67318
G1 X147.558 Y149.277 E397.68901
G1 X147.607 Y149.61 E397.70469
G1 X147.624 Y149.95 E397.72054
G1 X147.607 Y150.29 E397.73639
G1 X147.558 Y150.623 E397.75206
G1 X147.476 Y150.953 E397.7679
G1 X147.362 Y151.27 E397.78358
G1 X147.222 Y151.568 E397.79891
G1 X147.042 Y151.869 E397.81524
G1 X146.838 Y152.143 E397.83115
G1 X146.615 Y152.39 E397.84665
G1 X146.368 Y152.613 E397.86214
G1 X146.094 Y152.817 E397.87805
G1 X145.797 Y152.995 E397.89417
G1 X145.495 Y153.137 E397.90971
G1 X145.178 Y153.251 E397.9254
G1 X144.848 Y153.333 E397.94123
G1 X144.515 Y153.382 E397.9569
G1 X144.175 Y153.399 E397.97275
G0 F9000 X144.175 Y152.959
G0 X143.709 Y152.876
;TYPE:FILL
G1 F1374 X141.246 Y150.413 E398.13495
G0 F9000 X141.209 Y149.979
G1 F1374 X141.622 Y148.437 E398.20928
G0 F9000 X141.543 Y148.574
G1 F1374 X145.763 Y147.443 E398.41272
G0 F9000 X145.08 Y147.122
G1 F1374 X143.545 Y152.849 E398.6888
G0 F9000 X141.727 Y151.63
G1 F1374 X147.129 Y150.183 E398.94921
G0 F9000 X146.657 Y151.581
G1 F1374 X142.544 Y147.469 E399.22002
G0 F9000 X142.606 Y147.574
G1 F2700 E394.22002
;MESH:NONMESH
G0 F300 X142.606 Y147.574 Z16.52
G0 F9000 X147.342 Y150.584
G0 X148.394 Y150.846
G0 X152.216 Y152.313
G0 X153.146 Y151.755
G0 X155.825 Y152.998
;TIME_ELAPSED:764.353455
;LAYER:58
;TYPE:WALL-INNER
;MESH:Shiny Hillar (2).stl
G1 F2700 E399.22002
G1 F685.6 X155.521 Y152.983 E399.2342
G1 X155.224 Y152.939 E399.24818
G1 X154.936 Y152.868 E399.26199
G1 X154.662 Y152.769 E399.27555
G1 X154.393 Y152.642 E399.28941
G1 X154.13 Y152.485 E399.30367
G1 X153.885 Y152.302 E399.31791
G1 X153.668 Y152.107 E399.33149
G1 X153.473 Y151.89 E399.34508
G1 X153.287 Y151.641 E399.35955
G1 X153.133 Y151.383 E399.37354
G1 X153.006 Y151.113 E399.38743
G1 X152.907 Y150.839 E399.401
G1 X152.836 Y150.551 E399.41481
G1 X152.792 Y150.254 E399.42879
G1 X152.777 Y149.95 E399.44297
G1 X152.792 Y149.646 E399.45714
G1 X152.836 Y149.349 E399.47112
G1 X152.907 Y149.061 E399.48493
G1 X153.006 Y148.787 E399.4985
G1 X153.133 Y148.518 E399.51235
G1 X153.29 Y148.255 E399.52661
G1 X153.473 Y148.01 E399.54085
G1 X153.668 Y147.793 E399.55443
G1 X153.885 Y147.598 E399.56802
G1 X154.13 Y147.415 E399.58226
G1 X154.393 Y147.258 E399.59652
G1 X154.662 Y147.131 E399.61037
G1 X154.936 Y147.032 E399.62394
G1 X155.224 Y146.961 E399.63775
G1 X155.521 Y146.917 E399.65173
G1 X155.825 Y146.902 E399.6659
G1 X156.129 Y146.917 E399.68008
G1 X156.426 Y146.961 E399.69406
G1 X156.714 Y147.032 E399.70787
G1 X156.988 Y147.131 E399.72144
G1 X157.257 Y147.258 E399.73529
G1 X157.52 Y147.415 E399.74955
G1 X157.765 Y147.598 E399.76379
G1 X157.982 Y147.793 E399.77737
G1 X158.177 Y148.01 E399.79096
G1 X158.36 Y148.255 E399.8052
G1 X158.517 Y148.518 E399.81946
G1 X158.644 Y148.787 E399.83331
G1 X158.743 Y149.061 E399.84688
G1 X158.814 Y149.349 E399.86069
G1 X158.858 Y149.646 E399.87467
G1 X158.873 Y149.95 E399.88884
G1 X158.858 Y150.254 E399.90302
G1 X158.814 Y150.551 E399.917
G1 X158.743 Y150.839 E399.93081
G1 X158.644 Y151.113 E399.94437
G1 X158.517 Y151.383 E399.95827
G1 X158.363 Y151.641 E399.97226
G1 X158.177 Y151.89 E399.98673
G1 X157.982 Y152.107 E400.00032
G1 X157.765 Y152.302 E400.0139
G1 X157.52 Y152.485 E400.02814
G1 X157.257 Y152.642 E400.0424
G1 X156.988 Y152.769 E400.05625
G1 X156.714 Y152.868 E400.06982
G1 X156.426 Y152.939 E400.08363
G1 X156.129 Y152.983 E400.09761
G1 X155.825 Y152.998 E400.11178
G0 F9000 X155.825 Y153.399
;TYPE:WALL-OUTER
G1 F685.6 X155.485 Y153.382 E400.12764
G1 X155.152 Y153.333 E400.14331
G1 X154.822 Y153.251 E400.15914
G1 X154.505 Y153.137 E400.17483
G1 X154.203 Y152.995 E400.19037
G1 X153.906 Y152.817 E400.20649
G1 X153.632 Y152.613 E400.2224
G1 X153.385 Y152.39 E400.23789
G1 X153.162 Y152.143 E400.25339
G1 X152.958 Y151.869 E400.26929
G1 X152.778 Y151.568 E400.28563
G1 X152.638 Y151.27 E400.30096
G1 X152.524 Y150.953 E400.31664
G1 X152.442 Y150.623 E400.33248
G1 X152.393 Y150.29 E400.34815
G1 X152.376 Y149.95 E400.364
G1 X152.393 Y149.61 E400.37985
G1 X152.442 Y149.277 E400.39553
G1 X152.524 Y148.947 E400.41136
G1 X152.638 Y148.63 E400.42705
G1 X152.78 Y148.328 E400.44258
G1 X152.958 Y148.031 E400.45871
G1 X153.162 Y147.757 E400.47461
G1 X153.385 Y147.51 E400.49011
G1 X153.632 Y147.287 E400.5056
G1 X153.906 Y147.083 E400.52151
G1 X154.203 Y146.905 E400.53763
G1 X154.505 Y146.763 E400.55317
G1 X154.822 Y146.649 E400.56886
G1 X155.152 Y146.567 E400.58469
G1 X155.485 Y146.518 E400.60037
G1 X155.825 Y146.501 E400.61622
G1 X156.165 Y146.518 E400.63207
G1 X156.498 Y146.567 E400.64774
G1 X156.828 Y146.649 E400.66358
G1 X157.145 Y146.763 E400.67926
G1 X157.447 Y146.905 E400.6948
G1 X157.744 Y147.083 E400.71092
G1 X158.018 Y147.287 E400.72683
G1 X158.265 Y147.51 E400.74233
G1 X158.488 Y147.757 E400.75782
G1 X158.692 Y148.031 E400.77373
G1 X158.87 Y148.328 E400.78985
G1 X159.012 Y148.63 E400.80539
G1 X159.126 Y148.947 E400.82108
G1 X159.208 Y149.277 E400.83691
G1 X159.257 Y149.61 E400.85258
G1 X159.274 Y149.95 E400.86843
G1 X159.257 Y150.29 E400.88429
G1 X159.208 Y150.623 E400.89996
G1 X159.126 Y150.953 E400.91579
G1 X159.012 Y151.27 E400.93148
G1 X158.872 Y151.568 E400.94681
G1 X158.692 Y151.869 E400.96314
G1 X158.488 Y152.143 E400.97905
G1 X158.265 Y152.39 E400.99454
G1 X158.018 Y152.613 E401.01004
G1 X157.744 Y152.817 E401.02594
G1 X157.447 Y152.995 E401.04207
G1 X157.145 Y153.137 E401.05761
G1 X156.828 Y153.251 E401.07329
G1 X156.498 Y153.333 E401.08913
G1 X156.165 Y153.382 E401.1048
G1 X155.825 Y153.399 E401.12065
G0 F9000 X155.825 Y152.959
G0 X155.746 Y152.913
;TYPE:FILL
G1 F1371.2 X157.24 Y147.34 E401.38932
G0 F9000 X157.609 Y147.58
G1 F1371.2 X153.092 Y148.79 E401.60706
G0 F9000 X152.971 Y149.13
G1 F1371.2 X156.643 Y152.802 E401.84887
G0 F9000 X158.712 Y150.628
G1 F1371.2 X155.146 Y147.062 E402.0837
G0 F9000 X154.078 Y147.551
G1 F1371.2 X153.112 Y151.152 E402.2573
G0 F9000 X153.495 Y151.788
G1 F1371.2 X158.757 Y150.378 E402.51097
G0 F9000 X158.64 Y150.361
G1 F2700 E397.51097
G0 F9000 X152.841 Y151.186
G0 X151.821 Y151.553
G0 X147.785 Y152.312
G0 X146.854 Y151.755
G0 X144.175 Y152.998
;TYPE:WALL-INNER
G1 F2700 E402.51097
G1 F685.6 X143.871 Y152.983 E402.52514
G1 X143.574 Y152.939 E402.53912
G1 X143.286 Y152.868 E402.55293
G1 X143.012 Y152.769 E402.5665
G1 X142.743 Y152.642 E402.58035
G1 X142.48 Y152.485 E402.59461
G1 X142.235 Y152.302 E402.60885
G1 X142.018 Y152.107 E402.62244
G1 X141.823 Y151.89 E402.63602
G1 X141.637 Y151.641 E402.65049
G1 X141.483 Y151.383 E402.66449
G1 X141.356 Y151.113 E402.67838
G1 X141.257 Y150.839 E402.69194
G1 X141.186 Y150.551 E402.70576
G1 X141.142 Y150.254 E402.71974
G1 X141.127 Y149.95 E402.73391
G1 X141.142 Y149.646 E402.74808
G1 X141.186 Y149.349 E402.76206
G1 X141.257 Y149.061 E402.77588
G1 X141.356 Y148.787 E402.78944
G1 X141.483 Y148.518 E402.80329
G1 X141.64 Y148.255 E402.81756
G1 X141.823 Y148.01 E402.83179
G1 X142.018 Y147.793 E402.84538
G1 X142.235 Y147.598 E402.85896
G1 X142.48 Y147.415 E402.8732
G1 X142.743 Y147.258 E402.88747
G1 X143.012 Y147.131 E402.90132
G1 X143.286 Y147.032 E402.91488
G1 X143.574 Y146.961 E402.9287
G1 X143.871 Y146.917 E402.94268
G1 X144.175 Y146.902 E402.95685
G1 X144.479 Y146.917 E402.97102
G1 X144.776 Y146.961 E402.985
G1 X145.064 Y147.032 E402.99881
G1 X145.338 Y147.131 E403.01238
G1 X145.607 Y147.258 E403.02623
G1 X145.87 Y147.415 E403.04049
G1 X146.115 Y147.598 E403.05473
G1 X146.332 Y147.793 E403.06832
G1 X146.527 Y148.01 E403.0819
G1 X146.71 Y148.255 E403.09614
G1 X146.867 Y148.518 E403.1104
G1 X146.994 Y148.787 E403.12426
G1 X147.093 Y149.061 E403.13782
G1 X147.164 Y149.349 E403.15163
G1 X147.208 Y149.646 E403.16561
G1 X147.223 Y149.95 E403.17979
G1 X147.208 Y150.254 E403.19396
G1 X147.164 Y150.551 E403.20794
G1 X147.093 Y150.839 E403.22175
G1 X146.994 Y151.113 E403.23532
G1 X146.867 Y151.383 E403.24921
G1 X146.713 Y151.641 E403.2632
G1 X146.527 Y151.89 E403.27767
G1 X146.332 Y152.107 E403.29126
G1 X146.115 Y152.302 E403.30484
G1 X145.87 Y152.485 E403.31908
G1 X145.607 Y152.642 E403.33335
G1 X145.338 Y152.769 E403.3472
G1 X145.064 Y152.868 E403.36076
G1 X144.776 Y152.939 E403.37458
G1 X144.479 Y152.983 E403.38856
G1 X144.175 Y152.998 E403.40273
G0 F9000 X144.175 Y153.399
;TYPE:WALL-OUTER
G1 F685.6 X143.835 Y153.382 E403.41858
G1 X143.502 Y153.333 E403.43425
G1 X143.172 Y153.251 E403.45009
G1 X142.855 Y153.137 E403.46577
G1 X142.553 Y152.995 E403.48131
G1 X142.256 Y152.817 E403.49744
G1 X141.982 Y152.613 E403.51334
G1 X141.735 Y152.39 E403.52884
G1 X141.512 Y152.143 E403.54433
G1 X141.308 Y151.869 E403.56024
G1 X141.128 Y151.568 E403.57657
G1 X140.988 Y151.27 E403.5919
G1 X140.874 Y150.953 E403.60759
G1 X140.792 Y150.623 E403.62342
G1 X140.743 Y150.29 E403.63909
G1 X140.726 Y149.95 E403.65495
G1 X140.743 Y149.61 E403.6708
G1 X140.792 Y149.277 E403.68647
G1 X140.874 Y148.947 E403.7023
G1 X140.988 Y148.63 E403.71799
G1 X141.13 Y148.328 E403.73353
G1 X141.308 Y148.031 E403.74965
G1 X141.512 Y147.757 E403.76556
G1 X141.735 Y147.51 E403.78105
G1 X141.982 Y147.287 E403.79655
G1 X142.256 Y147.083 E403.81246
G1 X142.553 Y146.905 E403.82858
G1 X142.855 Y146.763 E403.84412
G1 X143.172 Y146.649 E403.8598
G1 X143.502 Y146.567 E403.87564
G1 X143.835 Y146.518 E403.89131
G1 X144.175 Y146.501 E403.90716
G1 X144.515 Y146.518 E403.92301
G1 X144.848 Y146.567 E403.93869
G1 X145.178 Y146.649 E403.95452
G1 X145.495 Y146.763 E403.97021
G1 X145.797 Y146.905 E403.98575
G1 X146.094 Y147.083 E404.00187
G1 X146.368 Y147.287 E404.01778
G1 X146.615 Y147.51 E404.03327
G1 X146.838 Y147.757 E404.04877
G1 X147.042 Y148.031 E404.06467
G1 X147.22 Y148.328 E404.0808
G1 X147.362 Y148.63 E404.09633
G1 X147.476 Y148.947 E404.11202
G1 X147.558 Y149.277 E404.12785
G1 X147.607 Y149.61 E404.14353
G1 X147.624 Y149.95 E404.15938
G1 X147.607 Y150.29 E404.17523
G1 X147.558 Y150.623 E404.1909
G1 X147.476 Y150.953 E404.20674
G1 X147.362 Y151.27 E404.22242
G1 X147.222 Y151.568 E404.23775
G1 X147.042 Y151.869 E404.25409
G1 X146.838 Y152.143 E404.26999
G1 X146.615 Y152.39 E404.28549
G1 X146.368 Y152.613 E404.30098
G1 X146.094 Y152.817 E404.31689
G1 X145.797 Y152.995 E404.33301
G1 X145.495 Y153.137 E404.34855
G1 X145.178 Y153.251 E404.36424
G1 X144.848 Y153.333 E404.38007
G1 X144.515 Y153.382 E404.39574
G1 X144.175 Y153.399 E404.4116
G0 F9000 X144.175 Y152.959
G0 X144.021 Y152.908
;TYPE:FILL
G1 F1371.2 X141.214 Y150.101 E404.59644
G0 F9000 X141.434 Y148.808
G1 F1371.2 X145.974 Y147.592 E404.81529
G0 F9000 X144.889 Y147.069
G1 F1371.2 X143.353 Y152.803 E405.09171
G0 F9000 X141.854 Y151.801
G1 F1371.2 X147.104 Y150.395 E405.34478
G0 F9000 X147.106 Y150.386
G1 F1371.2 X146.92 Y151.081 E405.37828
G0 F9000 X146.76 Y151.404
G1 F1371.2 X142.719 Y147.363 E405.64439
G0 F9000 X142.781 Y147.469
G1 F2700 E400.64439
;MESH:NONMESH
G0 F300 X142.781 Y147.469 Z16.8
G0 F9000 X147.342 Y150.584
G0 X148.394 Y150.846
G0 X152.216 Y152.313
G0 X153.146 Y151.755
G0 X155.825 Y152.998
;TIME_ELAPSED:776.993970
;LAYER:59
;TYPE:WALL-INNER
;MESH:Shiny Hillar (2).stl
G1 F2700 E405.64439
G1 F692.8 X155.521 Y152.983 E405.65856
G1 X155.224 Y152.939 E405.67254
G1 X154.936 Y152.868 E405.68636
G1 X154.662 Y152.769 E405.69992
G1 X154.393 Y152.642 E405.71377
G1 X154.13 Y152.485 E405.72804
G1 X153.885 Y152.302 E405.74228
G1 X153.668 Y152.107 E405.75586
G1 X153.473 Y151.89 E405.76945
G1 X153.287 Y151.641 E405.78392
G1 X153.133 Y151.383 E405.79791
G1 X153.006 Y151.113 E405.8118
G1 X152.907 Y150.839 E405.82537
G1 X152.836 Y150.551 E405.83918
G1 X152.792 Y150.254 E405.85316
G1 X152.777 Y149.95 E405.86733
G1 X152.792 Y149.646 E405.88151
G1 X152.836 Y149.349 E405.89549
G1 X152.907 Y149.061 E405.9093
G1 X153.006 Y148.787 E405.92286
G1 X153.133 Y148.518 E405.93672
G1 X153.29 Y148.255 E405.95098
G1 X153.473 Y148.01 E405.96522
G1 X153.668 Y147.793 E405.9788
G1 X153.885 Y147.598 E405.99239
G1 X154.13 Y147.415 E406.00663
G1 X154.393 Y147.258 E406.02089
G1 X154.662 Y147.131 E406.03474
G1 X154.936 Y147.032 E406.04831
G1 X155.224 Y146.961 E406.06212
G1 X155.521 Y146.917 E406.0761
G1 X155.825 Y146.902 E406.09027
G1 X156.129 Y146.917 E406.10444
G1 X156.426 Y146.961 E406.11843
G1 X156.714 Y147.032 E406.13224
G1 X156.988 Y147.131 E406.1458
G1 X157.257 Y147.258 E406.15965
G1 X157.52 Y147.415 E406.17392
G1 X157.765 Y147.598 E406.18816
G1 X157.982 Y147.793 E406.20174
G1 X158.177 Y148.01 E406.21533
G1 X158.36 Y148.255 E406.22957
G1 X158.517 Y148.518 E406.24383
G1 X158.644 Y148.787 E406.25768
G1 X158.743 Y149.061 E406.27125
G1 X158.814 Y149.349 E406.28506
G1 X158.858 Y149.646 E406.29904
G1 X158.873 Y149.95 E406.31321
G1 X158.858 Y150.254 E406.32738
G1 X158.814 Y150.551 E406.34136
G1 X158.743 Y150.839 E406.35518
G1 X158.644 Y151.113 E406.36874
G1 X158.517 Y151.383 E406.38264
G1 X158.363 Y151.641 E406.39663
G1 X158.177 Y151.89 E406.4111
G1 X157.982 Y152.107 E406.42468
G1 X157.765 Y152.302 E406.43827
G1 X157.52 Y152.485 E406.45251
G1 X157.257 Y152.642 E406.46677
G1 X156.988 Y152.769 E406.48062
G1 X156.714 Y152.868 E406.49419
G1 X156.426 Y152.939 E406.508
G1 X156.129 Y152.983 E406.52198
G1 X155.825 Y152.998 E406.53615
G0 F9000 X155.825 Y153.399
;TYPE:WALL-OUTER
G1 F692.8 X155.485 Y153.382 E406.552
G1 X155.152 Y153.333 E406.56768
G1 X154.822 Y153.251 E406.58351
G1 X154.505 Y153.137 E406.5992
G1 X154.203 Y152.995 E406.61474
G1 X153.906 Y152.817 E406.63086
G1 X153.632 Y152.613 E406.64677
G1 X153.385 Y152.39 E406.66226
G1 X153.162 Y152.143 E406.67776
G1 X152.958 Y151.869 E406.69366
G1 X152.778 Y151.568 E406.70999
G1 X152.638 Y151.27 E406.72532
G1 X152.524 Y150.953 E406.74101
G1 X152.442 Y150.623 E406.75684
G1 X152.393 Y150.29 E406.77252
G1 X152.376 Y149.95 E406.78837
G1 X152.393 Y149.61 E406.80422
G1 X152.442 Y149.277 E406.81989
G1 X152.524 Y148.947 E406.83573
G1 X152.638 Y148.63 E406.85141
G1 X152.78 Y148.328 E406.86695
G1 X152.958 Y148.031 E406.88308
G1 X153.162 Y147.757 E406.89898
G1 X153.385 Y147.51 E406.91448
G1 X153.632 Y147.287 E406.92997
G1 X153.906 Y147.083 E406.94588
G1 X154.203 Y146.905 E406.962
G1 X154.505 Y146.763 E406.97754
G1 X154.822 Y146.649 E406.99323
G1 X155.152 Y146.567 E407.00906
G1 X155.485 Y146.518 E407.02473
G1 X155.825 Y146.501 E407.04059
G1 X156.165 Y146.518 E407.05644
G1 X156.498 Y146.567 E407.07211
G1 X156.828 Y146.649 E407.08794
G1 X157.145 Y146.763 E407.10363
G1 X157.447 Y146.905 E407.11917
G1 X157.744 Y147.083 E407.13529
G1 X158.018 Y147.287 E407.1512
G1 X158.265 Y147.51 E407.16669
G1 X158.488 Y147.757 E407.18219
G1 X158.692 Y148.031 E407.1981
G1 X158.87 Y148.328 E407.21422
G1 X159.012 Y148.63 E407.22976
G1 X159.126 Y148.947 E407.24544
G1 X159.208 Y149.277 E407.26128
G1 X159.257 Y149.61 E407.27695
G1 X159.274 Y149.95 E407.2928
G1 X159.257 Y150.29 E407.30865
G1 X159.208 Y150.623 E407.32433
G1 X159.126 Y150.953 E407.34016
G1 X159.012 Y151.27 E407.35585
G1 X158.872 Y151.568 E407.37118
G1 X158.692 Y151.869 E407.38751
G1 X158.488 Y152.143 E407.40341
G1 X158.265 Y152.39 E407.41891
G1 X158.018 Y152.613 E407.43441
G1 X157.744 Y152.817 E407.45031
G1 X157.447 Y152.995 E407.46644
G1 X157.145 Y153.137 E407.48197
G1 X156.828 Y153.251 E407.49766
G1 X156.498 Y153.333 E407.51349
G1 X156.165 Y153.382 E407.52917
G1 X155.825 Y153.399 E407.54502
G0 F9000 X155.825 Y152.959
G0 X155.544 Y152.903
;TYPE:FILL
G1 F1385.5 X157.058 Y147.253 E407.81739
G0 F9000 X157.798 Y147.734
G1 F1385.5 X153.006 Y149.018 E408.04839
G0 F9000 X153.041 Y148.92
G1 F1385.5 X156.852 Y152.731 E408.29936
G0 F9000 X158.719 Y150.593
G1 F1385.5 X153.638 Y151.955 E408.5443
G0 F9000 X152.992 Y150.838
G1 F1385.5 X153.815 Y147.766 E408.69239
G0 F9000 X155.382 Y147.018
G1 F1385.5 X158.756 Y150.392 E408.91457
G0 F9000 X158.638 Y150.375
G1 F2700 E403.91457
G0 F9000 X152.841 Y151.186
G0 X151.821 Y151.553
G0 X147.785 Y152.312
G0 X146.854 Y151.755
G0 X144.175 Y152.998
;TYPE:WALL-INNER
G1 F2700 E408.91457
G1 F692.8 X143.871 Y152.983 E408.92875
G1 X143.574 Y152.939 E408.94273
G1 X143.286 Y152.868 E408.95654
G1 X143.012 Y152.769 E408.97011
G1 X142.743 Y152.642 E408.98396
G1 X142.48 Y152.485 E408.99822
G1 X142.235 Y152.302 E409.01246
G1 X142.018 Y152.107 E409.02604
G1 X141.823 Y151.89 E409.03963
G1 X141.637 Y151.641 E409.0541
G1 X141.483 Y151.383 E409.06809
G1 X141.356 Y151.113 E409.08199
G1 X141.257 Y150.839 E409.09555
G1 X141.186 Y150.551 E409.10936
G1 X141.142 Y150.254 E409.12334
G1 X141.127 Y149.95 E409.13752
G1 X141.142 Y149.646 E409.15169
G1 X141.186 Y149.349 E409.16567
G1 X141.257 Y149.061 E409.17948
G1 X141.356 Y148.787 E409.19305
G1 X141.483 Y148.518 E409.2069
G1 X141.64 Y148.255 E409.22116
G1 X141.823 Y148.01 E409.2354
G1 X142.018 Y147.793 E409.24899
G1 X142.235 Y147.598 E409.26257
G1 X142.48 Y147.415 E409.27681
G1 X142.743 Y147.258 E409.29107
G1 X143.012 Y147.131 E409.30492
G1 X143.286 Y147.032 E409.31849
G1 X143.574 Y146.961 E409.3323
G1 X143.871 Y146.917 E409.34628
G1 X144.175 Y146.902 E409.36045
G1 X144.479 Y146.917 E409.37463
G1 X144.776 Y146.961 E409.38861
G1 X145.064 Y147.032 E409.40242
G1 X145.338 Y147.131 E409.41599
G1 X145.607 Y147.258 E409.42984
G1 X145.87 Y147.415 E409.4441
G1 X146.115 Y147.598 E409.45834
G1 X146.332 Y147.793 E409.47192
G1 X146.527 Y148.01 E409.48551
G1 X146.71 Y148.255 E409.49975
G1 X146.867 Y148.518 E409.51401
G1 X146.994 Y148.787 E409.52786
G1 X147.093 Y149.061 E409.54143
G1 X147.164 Y149.349 E409.55524
G1 X147.208 Y149.646 E409.56922
G1 X147.223 Y149.95 E409.58339
G1 X147.208 Y150.254 E409.59757
G1 X147.164 Y150.551 E409.61155
G1 X147.093 Y150.839 E409.62536
G1 X146.994 Y151.113 E409.63892
G1 X146.867 Y151.383 E409.65282
G1 X146.713 Y151.641 E409.66681
G1 X146.527 Y151.89 E409.68128
G1 X146.332 Y152.107 E409.69487
G1 X146.115 Y152.302 E409.70845
G1 X145.87 Y152.485 E409.72269
G1 X145.607 Y152.642 E409.73695
G1 X145.338 Y152.769 E409.7508
G1 X145.064 Y152.868 E409.76437
G1 X144.776 Y152.939 E409.77818
G1 X144.479 Y152.983 E409.79216
G1 X144.175 Y152.998 E409.80634
G0 F9000 X144.175 Y153.399
;TYPE:WALL-OUTER
G1 F692.8 X143.835 Y153.382 E409.82219
G1 X143.502 Y153.333 E409.83786
G1 X143.172 Y153.251 E409.85369
G1 X142.855 Y153.137 E409.86938
G1 X142.553 Y152.995 E409.88492
G1 X142.256 Y152.817 E409.90104
G1 X141.982 Y152.613 E409.91695
G1 X141.735 Y152.39 E409.93244
G1 X141.512 Y152.143 E409.94794
G1 X141.308 Y151.869 E409.96385
G1 X141.128 Y151.568 E409.98018
G1 X140.988 Y151.27 E409.99551
G1 X140.874 Y150.953 E410.01119
G1 X140.792 Y150.623 E410.02703
G1 X140.743 Y150.29 E410.0427
G1 X140.726 Y149.95 E410.05855
G1 X140.743 Y149.61 E410.0744
G1 X140.792 Y149.277 E410.09008
G1 X140.874 Y148.947 E410.10591
G1 X140.988 Y148.63 E410.1216
G1 X141.13 Y148.328 E410.13714
G1 X141.308 Y148.031 E410.15326
G1 X141.512 Y147.757 E410.16916
G1 X141.735 Y147.51 E410.18466
G1 X141.982 Y147.287 E410.20016
G1 X142.256 Y147.083 E410.21606
G1 X142.553 Y146.905 E410.23219
G1 X142.855 Y146.763 E410.24772
G1 X143.172 Y146.649 E410.26341
G1 X143.502 Y146.567 E410.27924
G1 X143.835 Y146.518 E410.29492
G1 X144.175 Y146.501 E410.31077
G1 X144.515 Y146.518 E410.32662
G1 X144.848 Y146.567 E410.34229
G1 X145.178 Y146.649 E410.35813
G1 X145.495 Y146.763 E410.37381
G1 X145.797 Y146.905 E410.38935
G1 X146.094 Y147.083 E410.40548
G1 X146.368 Y147.287 E410.42138
G1 X146.615 Y147.51 E410.43688
G1 X146.838 Y147.757 E410.45237
G1 X147.042 Y148.031 E410.46828
G1 X147.22 Y148.328 E410.4844
G1 X147.362 Y148.63 E410.49994
G1 X147.476 Y148.947 E410.51563
G1 X147.558 Y149.277 E410.53146
G1 X147.607 Y149.61 E410.54713
G1 X147.624 Y149.95 E410.56299
G1 X147.607 Y150.29 E410.57884
G1 X147.558 Y150.623 E410.59451
G1 X147.476 Y150.953 E410.61034
G1 X147.362 Y151.27 E410.62603
G1 X147.222 Y151.568 E410.64136
G1 X147.042 Y151.869 E410.65769
G1 X146.838 Y152.143 E410.6736
G1 X146.615 Y152.39 E410.68909
G1 X146.368 Y152.613 E410.70459
G1 X146.094 Y152.817 E410.7205
G1 X145.797 Y152.995 E410.73662
G1 X145.495 Y153.137 E410.75216
G1 X145.178 Y153.251 E410.76784
G1 X144.848 Y153.333 E410.78368
G1 X144.515 Y153.382 E410.79935
G1 X144.175 Y153.399 E410.8152
G0 F9000 X144.175 Y152.959
G0 X144.302 Y152.909
;TYPE:FILL
G1 F1385.5 X141.213 Y149.82 E411.01862
G0 F9000 X141.35 Y149.036
G1 F1385.5 X146.162 Y147.746 E411.2506
G0 F9000 X144.695 Y147.028
G1 F1385.5 X143.165 Y152.738 E411.52586
G0 F9000 X141.998 Y151.968
G1 F1385.5 X147.066 Y150.61 E411.77017
G0 F9000 X146.855 Y151.219
G1 F1385.5 X142.905 Y147.269 E412.03028
G0 F9000 X147.116 Y149.583
G1 F1385.5 X146.538 Y151.742 E412.13436
G0 F9000 X146.442 Y151.67
G1 F2700 E407.13436
;MESH:NONMESH
G0 F300 X146.442 Y151.67 Z17.08
G0 F9000 X147.159 Y151.186
G0 X148.18 Y151.552
G0 X152.216 Y152.313
G0 X153.146 Y151.755
G0 X155.825 Y152.998
;TIME_ELAPSED:789.745919
;LAYER:60
;TYPE:WALL-INNER
;MESH:Shiny Hillar (2).stl
G1 F2700 E412.13436
G1 F688.3 X155.521 Y152.983 E412.14853
G1 X155.224 Y152.939 E412.16251
G1 X154.936 Y152.868 E412.17632
G1 X154.662 Y152.769 E412.18989
G1 X154.393 Y152.642 E412.20374
G1 X154.13 Y152.485 E412.218
G1 X153.885 Y152.302 E412.23224
G1 X153.668 Y152.107 E412.24583
G1 X153.473 Y151.89 E412.25941
G1 X153.287 Y151.641 E412.27388
G1 X153.133 Y151.383 E412.28787
G1 X153.006 Y151.113 E412.30177
G1 X152.907 Y150.839 E412.31533
G1 X152.836 Y150.551 E412.32915
G1 X152.792 Y150.254 E412.34313
G1 X152.777 Y149.95 E412.3573
G1 X152.792 Y149.646 E412.37147
G1 X152.836 Y149.349 E412.38545
G1 X152.907 Y149.061 E412.39926
G1 X153.006 Y148.787 E412.41283
G1 X153.133 Y148.518 E412.42668
G1 X153.29 Y148.255 E412.44094
G1 X153.473 Y148.01 E412.45518
G1 X153.668 Y147.793 E412.46877
G1 X153.885 Y147.598 E412.48235
G1 X154.13 Y147.415 E412.49659
G1 X154.393 Y147.258 E412.51085
G1 X154.662 Y147.131 E412.52471
G1 X154.936 Y147.032 E412.53827
G1 X155.224 Y146.961 E412.55208
G1 X155.521 Y146.917 E412.56606
G1 X155.825 Y146.902 E412.58024
G1 X156.129 Y146.917 E412.59441
G1 X156.426 Y146.961 E412.60839
G1 X156.714 Y147.032 E412.6222
G1 X156.988 Y147.131 E412.63577
G1 X157.257 Y147.258 E412.64962
G1 X157.52 Y147.415 E412.66388
G1 X157.765 Y147.598 E412.67812
G1 X157.982 Y147.793 E412.69171
G1 X158.177 Y148.01 E412.70529
G1 X158.36 Y148.255 E412.71953
G1 X158.517 Y148.518 E412.73379
G1 X158.644 Y148.787 E412.74764
G1 X158.743 Y149.061 E412.76121
G1 X158.814 Y149.349 E412.77502
G1 X158.858 Y149.646 E412.789
G1 X158.873 Y149.95 E412.80318
G1 X158.858 Y150.254 E412.81735
G1 X158.814 Y150.551 E412.83133
G1 X158.743 Y150.839 E412.84514
G1 X158.644 Y151.113 E412.85871
G1 X158.517 Y151.383 E412.8726
G1 X158.363 Y151.641 E412.88659
G1 X158.177 Y151.89 E412.90106
G1 X157.982 Y152.107 E412.91465
G1 X157.765 Y152.302 E412.92823
G1 X157.52 Y152.485 E412.94247
G1 X157.257 Y152.642 E412.95673
G1 X156.988 Y152.769 E412.97059
G1 X156.714 Y152.868 E412.98415
G1 X156.426 Y152.939 E412.99796
G1 X156.129 Y152.983 E413.01194
G1 X155.825 Y152.998 E413.02612
G0 F9000 X155.825 Y153.399
;TYPE:WALL-OUTER
G1 F688.3 X155.485 Y153.382 E413.04197
G1 X155.152 Y153.333 E413.05764
G1 X154.822 Y153.251 E413.07348
G1 X154.505 Y153.137 E413.08916
G1 X154.203 Y152.995 E413.1047
G1 X153.906 Y152.817 E413.12082
G1 X153.632 Y152.613 E413.13673
G1 X153.385 Y152.39 E413.15223
G1 X153.162 Y152.143 E413.16772
G1 X152.958 Y151.869 E413.18363
G1 X152.778 Y151.568 E413.19996
G1 X152.638 Y151.27 E413.21529
G1 X152.524 Y150.953 E413.23098
G1 X152.442 Y150.623 E413.24681
G1 X152.393 Y150.29 E413.26248
G1 X152.376 Y149.95 E413.27833
G1 X152.393 Y149.61 E413.29419
G1 X152.442 Y149.277 E413.30986
G1 X152.524 Y148.947 E413.32569
G1 X152.638 Y148.63 E413.34138
G1 X152.78 Y148.328 E413.35692
G1 X152.958 Y148.031 E413.37304
G1 X153.162 Y147.757 E413.38895
G1 X153.385 Y147.51 E413.40444
G1 X153.632 Y147.287 E413.41994
G1 X153.906 Y147.083 E413.43584
G1 X154.203 Y146.905 E413.45197
G1 X154.505 Y146.763 E413.46751
G1 X154.822 Y146.649 E413.48319
G1 X155.152 Y146.567 E413.49903
G1 X155.485 Y146.518 E413.5147
G1 X155.825 Y146.501 E413.53055
G1 X156.165 Y146.518 E413.5464
G1 X156.498 Y146.567 E413.56208
G1 X156.828 Y146.649 E413.57791
G1 X157.145 Y146.763 E413.59359
G1 X157.447 Y146.905 E413.60913
G1 X157.744 Y147.083 E413.62526
G1 X158.018 Y147.287 E413.64116
G1 X158.265 Y147.51 E413.65666
G1 X158.488 Y147.757 E413.67215
G1 X158.692 Y148.031 E413.68806
G1 X158.87 Y148.328 E413.70418
G1 X159.012 Y148.63 E413.71972
G1 X159.126 Y148.947 E413.73541
G1 X159.208 Y149.277 E413.75124
G1 X159.257 Y149.61 E413.76692
G1 X159.274 Y149.95 E413.78277
G1 X159.257 Y150.29 E413.79862
G1 X159.208 Y150.623 E413.81429
G1 X159.126 Y150.953 E413.83013
G1 X159.012 Y151.27 E413.84581
G1 X158.872 Y151.568 E413.86114
G1 X158.692 Y151.869 E413.87747
G1 X158.488 Y152.143 E413.89338
G1 X158.265 Y152.39 E413.90888
G1 X158.018 Y152.613 E413.92437
G1 X157.744 Y152.817 E413.94028
G1 X157.447 Y152.995 E413.9564
G1 X157.145 Y153.137 E413.97194
G1 X156.828 Y153.251 E413.98763
G1 X156.498 Y153.333 E414.00346
G1 X156.165 Y153.382 E414.01913
G1 X155.825 Y153.399 E414.03498
G0 F9000 X155.825 Y152.959
G0 X155.347 Y152.875
;TYPE:FILL
G1 F1376.5 X156.874 Y147.175 E414.30976
G0 F9000 X155.635 Y146.991
G1 F1376.5 X158.782 Y150.139 E414.51703
G0 F9000 X158.666 Y150.812
G1 F1376.5 X153.797 Y152.117 E414.75175
G0 F9000 X152.898 Y150.424
G1 F1376.5 X153.53 Y148.064 E414.86551
G0 F9000 X153.123 Y148.722
G1 F1376.5 X157.05 Y152.649 E415.12411
G0 F9000 X157.966 Y147.894
G1 F1376.5 X152.944 Y149.24 E415.36621
G0 F9000 X153.061 Y149.271
G1 F2700 E410.36621
G0 F9000 X152.658 Y150.584
G0 X151.607 Y150.847
G0 X147.981 Y151.984
G0 X146.854 Y151.755
G0 X144.175 Y152.998
;TYPE:WALL-INNER
G1 F2700 E415.36621
G1 F688.3 X143.871 Y152.983 E415.38039
G1 X143.574 Y152.939 E415.39437
G1 X143.286 Y152.868 E415.40818
G1 X143.012 Y152.769 E415.42174
G1 X142.743 Y152.642 E415.4356
G1 X142.48 Y152.485 E415.44986
G1 X142.235 Y152.302 E415.4641
G1 X142.018 Y152.107 E415.47768
G1 X141.823 Y151.89 E415.49127
G1 X141.637 Y151.641 E415.50574
G1 X141.483 Y151.383 E415.51973
G1 X141.356 Y151.113 E415.53362
G1 X141.257 Y150.839 E415.54719
G1 X141.186 Y150.551 E415.561
G1 X141.142 Y150.254 E415.57498
G1 X141.127 Y149.95 E415.58915
G1 X141.142 Y149.646 E415.60333
G1 X141.186 Y149.349 E415.61731
G1 X141.257 Y149.061 E415.63112
G1 X141.356 Y148.787 E415.64469
G1 X141.483 Y148.518 E415.65854
G1 X141.64 Y148.255 E415.6728
G1 X141.823 Y148.01 E415.68704
G1 X142.018 Y147.793 E415.70062
G1 X142.235 Y147.598 E415.71421
G1 X142.48 Y147.415 E415.72845
G1 X142.743 Y147.258 E415.74271
G1 X143.012 Y147.131 E415.75656
G1 X143.286 Y147.032 E415.77013
G1 X143.574 Y146.961 E415.78394
G1 X143.871 Y146.917 E415.79792
G1 X144.175 Y146.902 E415.81209
G1 X144.479 Y146.917 E415.82627
G1 X144.776 Y146.961 E415.84025
G1 X145.064 Y147.032 E415.85406
G1 X145.338 Y147.131 E415.86762
G1 X145.607 Y147.258 E415.88148
G1 X145.87 Y147.415 E415.89574
G1 X146.115 Y147.598 E415.90998
G1 X146.332 Y147.793 E415.92356
G1 X146.527 Y148.01 E415.93715
G1 X146.71 Y148.255 E415.95139
G1 X146.867 Y148.518 E415.96565
G1 X146.994 Y148.787 E415.9795
G1 X147.093 Y149.061 E415.99307
G1 X147.164 Y149.349 E416.00688
G1 X147.208 Y149.646 E416.02086
G1 X147.223 Y149.95 E416.03503
G1 X147.208 Y150.254 E416.0492
G1 X147.164 Y150.551 E416.06318
G1 X147.093 Y150.839 E416.077
G1 X146.994 Y151.113 E416.09056
G1 X146.867 Y151.383 E416.10446
G1 X146.713 Y151.641 E416.11845
G1 X146.527 Y151.89 E416.13292
G1 X146.332 Y152.107 E416.1465
G1 X146.115 Y152.302 E416.16009
G1 X145.87 Y152.485 E416.17433
G1 X145.607 Y152.642 E416.18859
G1 X145.338 Y152.769 E416.20244
G1 X145.064 Y152.868 E416.21601
G1 X144.776 Y152.939 E416.22982
G1 X144.479 Y152.983 E416.2438
G1 X144.175 Y152.998 E416.25797
G0 F9000 X144.175 Y153.399
;TYPE:WALL-OUTER
G1 F688.3 X143.835 Y153.382 E416.27383
G1 X143.502 Y153.333 E416.2895
G1 X143.172 Y153.251 E416.30533
G1 X142.855 Y153.137 E416.32102
G1 X142.553 Y152.995 E416.33656
G1 X142.256 Y152.817 E416.35268
G1 X141.982 Y152.613 E416.36859
G1 X141.735 Y152.39 E416.38408
G1 X141.512 Y152.143 E416.39958
G1 X141.308 Y151.869 E416.41548
G1 X141.128 Y151.568 E416.43181
G1 X140.988 Y151.27 E416.44715
G1 X140.874 Y150.953 E416.46283
G1 X140.792 Y150.623 E416.47867
G1 X140.743 Y150.29 E416.49434
G1 X140.726 Y149.95 E416.51019
G1 X140.743 Y149.61 E416.52604
G1 X140.792 Y149.277 E416.54171
G1 X140.874 Y148.947 E416.55755
G1 X140.988 Y148.63 E416.57323
G1 X141.13 Y148.328 E416.58877
G1 X141.308 Y148.031 E416.6049
G1 X141.512 Y147.757 E416.6208
G1 X141.735 Y147.51 E416.6363
G1 X141.982 Y147.287 E416.65179
G1 X142.256 Y147.083 E416.6677
G1 X142.553 Y146.905 E416.68382
G1 X142.855 Y146.763 E416.69936
G1 X143.172 Y146.649 E416.71505
G1 X143.502 Y146.567 E416.73088
G1 X143.835 Y146.518 E416.74656
G1 X144.175 Y146.501 E416.76241
G1 X144.515 Y146.518 E416.77826
G1 X144.848 Y146.567 E416.79393
G1 X145.178 Y146.649 E416.80976
G1 X145.495 Y146.763 E416.82545
G1 X145.797 Y146.905 E416.84099
G1 X146.094 Y147.083 E416.85711
G1 X146.368 Y147.287 E416.87302
G1 X146.615 Y147.51 E416.88852
G1 X146.838 Y147.757 E416.90401
G1 X147.042 Y148.031 E416.91992
G1 X147.22 Y148.328 E416.93604
G1 X147.362 Y148.63 E416.95158
G1 X147.476 Y148.947 E416.96727
G1 X147.558 Y149.277 E416.9831
G1 X147.607 Y149.61 E416.99877
G1 X147.624 Y149.95 E417.01462
G1 X147.607 Y150.29 E417.03048
G1 X147.558 Y150.623 E417.04615
G1 X147.476 Y150.953 E417.06198
G1 X147.362 Y151.27 E417.07767
G1 X147.222 Y151.568 E417.093
G1 X147.042 Y151.869 E417.10933
G1 X146.838 Y152.143 E417.12524
G1 X146.615 Y152.39 E417.14073
G1 X146.368 Y152.613 E417.15623
G1 X146.094 Y152.817 E417.17213
G1 X145.797 Y152.995 E417.18826
G1 X145.495 Y153.137 E417.2038
G1 X145.178 Y153.251 E417.21948
G1 X144.848 Y153.333 E417.23532
G1 X144.515 Y153.382 E417.25099
G1 X144.175 Y153.399 E417.26684
G0 F9000 X144.175 Y152.959
G0 X144.561 Y152.888
;TYPE:FILL
G1 F1376.5 X141.234 Y149.561 E417.48593
G0 F9000 X141.29 Y149.257
G1 F1376.5 X146.328 Y147.907 E417.7288
G0 F9000 X147.03 Y149.141
G1 F1376.5 X146.243 Y152.079 E417.87042
G0 F9000 X146.941 Y151.025
G1 F1376.5 X143.1 Y147.184 E418.12336
G0 F9000 X144.498 Y146.999
G1 F1376.5 X142.98 Y152.664 E418.39645
G0 F9000 X142.161 Y152.129
G1 F1376.5 X147.01 Y150.83 E418.6302
G0 F9000 X146.897 Y150.789
G1 F2700 E413.6302
;MESH:NONMESH
G0 F300 X146.897 Y150.789 Z17.36
G0 F9000 X147.269 Y150.879
G0 X148.32 Y151.141
G0 X152.216 Y152.313
G0 X153.146 Y151.755
G0 X155.825 Y152.998
;TIME_ELAPSED:802.472541
;LAYER:61
;TYPE:WALL-INNER
;MESH:Shiny Hillar (2).stl
G1 F2700 E418.6302
G1 F684.5 X155.521 Y152.983 E418.64438
G1 X155.224 Y152.939 E418.65836
G1 X154.936 Y152.868 E418.67217
G1 X154.662 Y152.769 E418.68574
G1 X154.393 Y152.642 E418.69959
G1 X154.13 Y152.485 E418.71385
G1 X153.885 Y152.302 E418.72809
G1 X153.668 Y152.107 E418.74167
G1 X153.473 Y151.89 E418.75526
G1 X153.287 Y151.641 E418.76973
G1 X153.133 Y151.383 E418.78372
G1 X153.006 Y151.113 E418.79761
G1 X152.907 Y150.839 E418.81118
G1 X152.836 Y150.551 E418.82499
G1 X152.792 Y150.254 E418.83897
G1 X152.777 Y149.95 E418.85315
G1 X152.792 Y149.646 E418.86732
G1 X152.836 Y149.349 E418.8813
G1 X152.907 Y149.061 E418.89511
G1 X153.006 Y148.787 E418.90868
G1 X153.133 Y148.518 E418.92253
G1 X153.29 Y148.255 E418.93679
G1 X153.473 Y148.01 E418.95103
G1 X153.668 Y147.793 E418.96462
G1 X153.885 Y147.598 E418.9782
G1 X154.13 Y147.415 E418.99244
G1 X154.393 Y147.258 E419.0067
G1 X154.662 Y147.131 E419.02055
G1 X154.936 Y147.032 E419.03412
G1 X155.224 Y146.961 E419.04793
G1 X155.521 Y146.917 E419.06191
G1 X155.825 Y146.902 E419.07608
G1 X156.129 Y146.917 E419.09026
G1 X156.426 Y146.961 E419.10424
G1 X156.714 Y147.032 E419.11805
G1 X156.988 Y147.131 E419.13162
G1 X157.257 Y147.258 E419.14547
G1 X157.52 Y147.415 E419.15973
G1 X157.765 Y147.598 E419.17397
G1 X157.982 Y147.793 E419.18755
G1 X158.177 Y148.01 E419.20114
G1 X158.36 Y148.255 E419.21538
G1 X158.517 Y148.518 E419.22964
G1 X158.644 Y148.787 E419.24349
G1 X158.743 Y149.061 E419.25706
G1 X158.814 Y149.349 E419.27087
G1 X158.858 Y149.646 E419.28485
G1 X158.873 Y149.95 E419.29902
G1 X158.858 Y150.254 E419.3132
G1 X158.814 Y150.551 E419.32718
G1 X158.743 Y150.839 E419.34099
G1 X158.644 Y151.113 E419.35455
G1 X158.517 Y151.383 E419.36845
G1 X158.363 Y151.641 E419.38244
G1 X158.177 Y151.89 E419.39691
G1 X157.982 Y152.107 E419.4105
G1 X157.765 Y152.302 E419.42408
G1 X157.52 Y152.485 E419.43832
G1 X157.257 Y152.642 E419.45258
G1 X156.988 Y152.769 E419.46643
G1 X156.714 Y152.868 E419.48
G1 X156.426 Y152.939 E419.49381
G1 X156.129 Y152.983 E419.50779
G1 X155.825 Y152.998 E419.52197
G0 F9000 X155.825 Y153.399
;TYPE:WALL-OUTER
G1 F684.5 X155.485 Y153.382 E419.53782
G1 X155.152 Y153.333 E419.55349
G1 X154.822 Y153.251 E419.56932
G1 X154.505 Y153.137 E419.58501
G1 X154.203 Y152.995 E419.60055
G1 X153.906 Y152.817 E419.61667
G1 X153.632 Y152.613 E419.63258
G1 X153.385 Y152.39 E419.64807
G1 X153.162 Y152.143 E419.66357
G1 X152.958 Y151.869 E419.67948
G1 X152.778 Y151.568 E419.69581
G1 X152.638 Y151.27 E419.71114
G1 X152.524 Y150.953 E419.72682
G1 X152.442 Y150.623 E419.74266
G1 X152.393 Y150.29 E419.75833
G1 X152.376 Y149.95 E419.77418
G1 X152.393 Y149.61 E419.79003
G1 X152.442 Y149.277 E419.80571
G1 X152.524 Y148.947 E419.82154
G1 X152.638 Y148.63 E419.83723
G1 X152.78 Y148.328 E419.85276
G1 X152.958 Y148.031 E419.86889
G1 X153.162 Y147.757 E419.88479
G1 X153.385 Y147.51 E419.90029
G1 X153.632 Y147.287 E419.91579
G1 X153.906 Y147.083 E419.93169
G1 X154.203 Y146.905 E419.94781
G1 X154.505 Y146.763 E419.96335
G1 X154.822 Y146.649 E419.97904
G1 X155.152 Y146.567 E419.99487
G1 X155.485 Y146.518 E420.01055
G1 X155.825 Y146.501 E420.0264
G1 X156.165 Y146.518 E420.04225
G1 X156.498 Y146.567 E420.05792
G1 X156.828 Y146.649 E420.07376
G1 X157.145 Y146.763 E420.08944
G1 X157.447 Y146.905 E420.10498
G1 X157.744 Y147.083 E420.1211
G1 X158.018 Y147.287 E420.13701
G1 X158.265 Y147.51 E420.15251
G1 X158.488 Y147.757 E420.168
G1 X158.692 Y148.031 E420.18391
G1 X158.87 Y148.328 E420.20003
G1 X159.012 Y148.63 E420.21557
G1 X159.126 Y148.947 E420.23126
G1 X159.208 Y149.277 E420.24709
G1 X159.257 Y149.61 E420.26276
G1 X159.274 Y149.95 E420.27862
G1 X159.257 Y150.29 E420.29447
G1 X159.208 Y150.623 E420.31014
G1 X159.126 Y150.953 E420.32597
G1 X159.012 Y151.27 E420.34166
G1 X158.872 Y151.568 E420.35699
G1 X158.692 Y151.869 E420.37332
G1 X158.488 Y152.143 E420.38923
G1 X158.265 Y152.39 E420.40472
G1 X158.018 Y152.613 E420.42022
G1 X157.744 Y152.817 E420.43612
G1 X157.447 Y152.995 E420.45225
G1 X157.145 Y153.137 E420.46779
G1 X156.828 Y153.251 E420.48347
G1 X156.498 Y153.333 E420.49931
G1 X156.165 Y153.382 E420.51498
G1 X155.825 Y153.399 E420.53083
G0 F9000 X155.825 Y152.959
G0 X155.151 Y152.839
;TYPE:FILL
G1 F1369.1 X156.687 Y147.107 E420.80715
G0 F9000 X155.91 Y146.986
G1 F1369.1 X158.787 Y149.864 E420.99664
G0 F9000 X158.584 Y151.039
G1 F1369.1 X153.979 Y152.273 E421.21864
G0 F9000 X152.866 Y149.779
G1 F1369.1 X153.182 Y148.598 E421.27556
G0 F9000 X153.214 Y148.533
G1 F1369.1 X157.24 Y152.558 E421.54065
G0 F9000 X158.114 Y148.06
G1 F1369.1 X152.901 Y149.456 E421.79194
G0 F9000 X153.02 Y149.473
G1 F2700 E416.79194
G0 F9000 X152.658 Y150.584
G0 X151.607 Y150.847
G0 X147.981 Y151.984
G0 X146.854 Y151.755
G0 X144.175 Y152.998
;TYPE:WALL-INNER
G1 F2700 E421.79194
G1 F684.5 X143.871 Y152.983 E421.80611
G1 X143.574 Y152.939 E421.82009
G1 X143.286 Y152.868 E421.83391
G1 X143.012 Y152.769 E421.84747
G1 X142.743 Y152.642 E421.86132
G1 X142.48 Y152.485 E421.87559
G1 X142.235 Y152.302 E421.88983
G1 X142.018 Y152.107 E421.90341
G1 X141.823 Y151.89 E421.91699
G1 X141.637 Y151.641 E421.93147
G1 X141.483 Y151.383 E421.94546
G1 X141.356 Y151.113 E421.95935
G1 X141.257 Y150.839 E421.97292
G1 X141.186 Y150.551 E421.98673
G1 X141.142 Y150.254 E422.00071
G1 X141.127 Y149.95 E422.01488
G1 X141.142 Y149.646 E422.02906
G1 X141.186 Y149.349 E422.04304
G1 X141.257 Y149.061 E422.05685
G1 X141.356 Y148.787 E422.07041
G1 X141.483 Y148.518 E422.08427
G1 X141.64 Y148.255 E422.09853
G1 X141.823 Y148.01 E422.11277
G1 X142.018 Y147.793 E422.12635
G1 X142.235 Y147.598 E422.13994
G1 X142.48 Y147.415 E422.15418
G1 X142.743 Y147.258 E422.16844
G1 X143.012 Y147.131 E422.18229
G1 X143.286 Y147.032 E422.19586
G1 X143.574 Y146.961 E422.20967
G1 X143.871 Y146.917 E422.22365
G1 X144.175 Y146.902 E422.23782
G1 X144.479 Y146.917 E422.25199
G1 X144.776 Y146.961 E422.26597
G1 X145.064 Y147.032 E422.27979
G1 X145.338 Y147.131 E422.29335
G1 X145.607 Y147.258 E422.3072
G1 X145.87 Y147.415 E422.32147
G1 X146.115 Y147.598 E422.33571
G1 X146.332 Y147.793 E422.34929
G1 X146.527 Y148.01 E422.36288
G1 X146.71 Y148.255 E422.37711
G1 X146.867 Y148.518 E422.39138
G1 X146.994 Y148.787 E422.40523
G1 X147.093 Y149.061 E422.41879
G1 X147.164 Y149.349 E422.43261
G1 X147.208 Y149.646 E422.44659
G1 X147.223 Y149.95 E422.46076
G1 X147.208 Y150.254 E422.47493
G1 X147.164 Y150.551 E422.48891
G1 X147.093 Y150.839 E422.50273
G1 X146.994 Y151.113 E422.51629
G1 X146.867 Y151.383 E422.53018
G1 X146.713 Y151.641 E422.54418
G1 X146.527 Y151.89 E422.55865
G1 X146.332 Y152.107 E422.57223
G1 X146.115 Y152.302 E422.58582
G1 X145.87 Y152.485 E422.60006
G1 X145.607 Y152.642 E422.61432
G1 X145.338 Y152.769 E422.62817
G1 X145.064 Y152.868 E422.64174
G1 X144.776 Y152.939 E422.65555
G1 X144.479 Y152.983 E422.66953
G1 X144.175 Y152.998 E422.6837
G0 F9000 X144.175 Y153.399
;TYPE:WALL-OUTER
G1 F684.5 X143.835 Y153.382 E422.69955
G1 X143.502 Y153.333 E422.71523
G1 X143.172 Y153.251 E422.73106
G1 X142.855 Y153.137 E422.74675
G1 X142.553 Y152.995 E422.76229
G1 X142.256 Y152.817 E422.77841
G1 X141.982 Y152.613 E422.79432
G1 X141.735 Y152.39 E422.80981
G1 X141.512 Y152.143 E422.82531
G1 X141.308 Y151.869 E422.84121
G1 X141.128 Y151.568 E422.85754
G1 X140.988 Y151.27 E422.87287
G1 X140.874 Y150.953 E422.88856
G1 X140.792 Y150.623 E422.90439
G1 X140.743 Y150.29 E422.92007
G1 X140.726 Y149.95 E422.93592
G1 X140.743 Y149.61 E422.95177
G1 X140.792 Y149.277 E422.96744
G1 X140.874 Y148.947 E422.98328
G1 X140.988 Y148.63 E422.99896
G1 X141.13 Y148.328 E423.0145
G1 X141.308 Y148.031 E423.03062
G1 X141.512 Y147.757 E423.04653
G1 X141.735 Y147.51 E423.06203
G1 X141.982 Y147.287 E423.07752
G1 X142.256 Y147.083 E423.09343
G1 X142.553 Y146.905 E423.10955
G1 X142.855 Y146.763 E423.12509
G1 X143.172 Y146.649 E423.14078
G1 X143.502 Y146.567 E423.15661
G1 X143.835 Y146.518 E423.17228
G1 X144.175 Y146.501 E423.18814
G1 X144.515 Y146.518 E423.20399
G1 X144.848 Y146.567 E423.21966
G1 X145.178 Y146.649 E423.23549
G1 X145.495 Y146.763 E423.25118
G1 X145.797 Y146.905 E423.26672
G1 X146.094 Y147.083 E423.28284
G1 X146.368 Y147.287 E423.29875
G1 X146.615 Y147.51 E423.31424
G1 X146.838 Y147.757 E423.32974
G1 X147.042 Y148.031 E423.34565
G1 X147.22 Y148.328 E423.36177
G1 X147.362 Y148.63 E423.37731
G1 X147.476 Y148.947 E423.39299
G1 X147.558 Y149.277 E423.40883
G1 X147.607 Y149.61 E423.4245
G1 X147.624 Y149.95 E423.44035
G1 X147.607 Y150.29 E423.4562
G1 X147.558 Y150.623 E423.47188
G1 X147.476 Y150.953 E423.48771
G1 X147.362 Y151.27 E423.5034
G1 X147.222 Y151.568 E423.51873
G1 X147.042 Y151.869 E423.53506
G1 X146.838 Y152.143 E423.55096
G1 X146.615 Y152.39 E423.56646
G1 X146.368 Y152.613 E423.58196
G1 X146.094 Y152.817 E423.59786
G1 X145.797 Y152.995 E423.61398
G1 X145.495 Y153.137 E423.62952
G1 X145.178 Y153.251 E423.64521
G1 X144.848 Y153.333 E423.66104
G1 X144.515 Y153.382 E423.67672
G1 X144.175 Y153.399 E423.69257
G0 F9000 X144.175 Y152.959
G0 X144.802 Y152.849
;TYPE:FILL
G1 F1369.1 X141.274 Y149.321 E423.92489
G0 F9000 X141.248 Y149.473
G1 F1369.1 X146.475 Y148.072 E424.17688
G0 F9000 X146.914 Y148.808
G1 F1369.1 X145.977 Y152.305 E424.34545
G0 F9000 X146.927 Y151.057
G1 F1369.1 X142.343 Y152.285 E424.56643
G0 F9000 X142.798 Y152.578
G1 F1369.1 X144.296 Y146.988 E424.83591
G0 F9000 X143.305 Y147.109
G1 F1369.1 X147.015 Y150.82 E425.08025
G0 F9000 X146.901 Y150.778
G1 F2700 E420.08025
;MESH:NONMESH
G0 F300 X146.901 Y150.778 Z17.64
G0 F9000 X147.269 Y150.879
G0 X148.32 Y151.141
G0 X152.216 Y152.313
G0 X153.146 Y151.755
G0 X155.825 Y152.998
;TIME_ELAPSED:815.140154
;LAYER:62
;TYPE:WALL-INNER
;MESH:Shiny Hillar (2).stl
G1 F2700 E425.08025
G1 F683.1 X155.521 Y152.983 E425.09442
G1 X155.224 Y152.939 E425.1084
G1 X154.936 Y152.868 E425.12222
G1 X154.662 Y152.769 E425.13578
G1 X154.393 Y152.642 E425.14963
G1 X154.13 Y152.485 E425.1639
G1 X153.885 Y152.302 E425.17814
G1 X153.668 Y152.107 E425.19172
G1 X153.473 Y151.89 E425.20531
G1 X153.287 Y151.641 E425.21978
G1 X153.133 Y151.383 E425.23377
G1 X153.006 Y151.113 E425.24766
G1 X152.907 Y150.839 E425.26123
G1 X152.836 Y150.551 E425.27504
G1 X152.792 Y150.254 E425.28902
G1 X152.777 Y149.95 E425.30319
G1 X152.792 Y149.646 E425.31737
G1 X152.836 Y149.349 E425.33135
G1 X152.907 Y149.061 E425.34516
G1 X153.006 Y148.787 E425.35872
G1 X153.133 Y148.518 E425.37258
G1 X153.29 Y148.255 E425.38684
G1 X153.473 Y148.01 E425.40108
G1 X153.668 Y147.793 E425.41466
G1 X153.885 Y147.598 E425.42825
G1 X154.13 Y147.415 E425.44249
G1 X154.393 Y147.258 E425.45675
G1 X154.662 Y147.131 E425.4706
G1 X154.936 Y147.032 E425.48417
G1 X155.224 Y146.961 E425.49798
G1 X155.521 Y146.917 E425.51196
G1 X155.825 Y146.902 E425.52613
G1 X156.129 Y146.917 E425.5403
G1 X156.426 Y146.961 E425.55429
G1 X156.714 Y147.032 E425.5681
G1 X156.988 Y147.131 E425.58166
G1 X157.257 Y147.258 E425.59551
G1 X157.52 Y147.415 E425.60978
G1 X157.765 Y147.598 E425.62402
G1 X157.982 Y147.793 E425.6376
G1 X158.177 Y148.01 E425.65119
G1 X158.36 Y148.255 E425.66543
G1 X158.517 Y148.518 E425.67969
G1 X158.644 Y148.787 E425.69354
G1 X158.743 Y149.061 E425.70711
G1 X158.814 Y149.349 E425.72092
G1 X158.858 Y149.646 E425.7349
G1 X158.873 Y149.95 E425.74907
G1 X158.858 Y150.254 E425.76324
G1 X158.814 Y150.551 E425.77722
G1 X158.743 Y150.839 E425.79104
G1 X158.644 Y151.113 E425.8046
G1 X158.517 Y151.383 E425.8185
G1 X158.363 Y151.641 E425.83249
G1 X158.177 Y151.89 E425.84696
G1 X157.982 Y152.107 E425.86054
G1 X157.765 Y152.302 E425.87413
G1 X157.52 Y152.485 E425.88837
G1 X157.257 Y152.642 E425.90263
G1 X156.988 Y152.769 E425.91648
G1 X156.714 Y152.868 E425.93005
G1 X156.426 Y152.939 E425.94386
G1 X156.129 Y152.983 E425.95784
G1 X155.825 Y152.998 E425.97201
G0 F9000 X155.825 Y153.399
;TYPE:WALL-OUTER
G1 F683.1 X155.485 Y153.382 E425.98786
G1 X155.152 Y153.333 E426.00354
G1 X154.822 Y153.251 E426.01937
G1 X154.505 Y153.137 E426.03506
G1 X154.203 Y152.995 E426.0506
G1 X153.906 Y152.817 E426.06672
G1 X153.632 Y152.613 E426.08263
G1 X153.385 Y152.39 E426.09812
G1 X153.162 Y152.143 E426.11362
G1 X152.958 Y151.869 E426.12952
G1 X152.778 Y151.568 E426.14585
G1 X152.638 Y151.27 E426.16118
G1 X152.524 Y150.953 E426.17687
G1 X152.442 Y150.623 E426.1927
G1 X152.393 Y150.29 E426.20838
G1 X152.376 Y149.95 E426.22423
G1 X152.393 Y149.61 E426.24008
G1 X152.442 Y149.277 E426.25575
G1 X152.524 Y148.947 E426.27159
G1 X152.638 Y148.63 E426.28727
G1 X152.78 Y148.328 E426.30281
G1 X152.958 Y148.031 E426.31894
G1 X153.162 Y147.757 E426.33484
G1 X153.385 Y147.51 E426.35034
G1 X153.632 Y147.287 E426.36583
G1 X153.906 Y147.083 E426.38174
G1 X154.203 Y146.905 E426.39786
G1 X154.505 Y146.763 E426.4134
G1 X154.822 Y146.649 E426.42909
G1 X155.152 Y146.567 E426.44492
G1 X155.485 Y146.518 E426.46059
G1 X155.825 Y146.501 E426.47645
G1 X156.165 Y146.518 E426.4923
G1 X156.498 Y146.567 E426.50797
G1 X156.828 Y146.649 E426.5238
G1 X157.145 Y146.763 E426.53949
G1 X157.447 Y146.905 E426.55503
G1 X157.744 Y147.083 E426.57115
G1 X158.018 Y147.287 E426.58706
G1 X158.265 Y147.51 E426.60255
G1 X158.488 Y147.757 E426.61805
G1 X158.692 Y148.031 E426.63396
G1 X158.87 Y148.328 E426.65008
G1 X159.012 Y148.63 E426.66562
G1 X159.126 Y148.947 E426.6813
G1 X159.208 Y149.277 E426.69714
G1 X159.257 Y149.61 E426.71281
G1 X159.274 Y149.95 E426.72866
G1 X159.257 Y150.29 E426.74451
G1 X159.208 Y150.623 E426.76019
G1 X159.126 Y150.953 E426.77602
G1 X159.012 Y151.27 E426.79171
G1 X158.872 Y151.568 E426.80704
G1 X158.692 Y151.869 E426.82337
G1 X158.488 Y152.143 E426.83928
G1 X158.265 Y152.39 E426.85477
G1 X158.018 Y152.613 E426.87027
G1 X157.744 Y152.817 E426.88617
G1 X157.447 Y152.995 E426.9023
G1 X157.145 Y153.137 E426.91783
G1 X156.828 Y153.251 E426.93352
G1 X156.498 Y153.333 E426.94935
G1 X156.165 Y153.382 E426.96503
G1 X155.825 Y153.399 E426.98088
G0 F9000 X155.825 Y152.959
G0 X154.959 Y152.791
;TYPE:FILL
G1 F1366.2 X156.495 Y147.059 E427.2572
G0 F9000 X156.214 Y147.011
G1 F1366.2 X158.763 Y149.56 E427.42506
G0 F9000 X158.784 Y150.11
G1 F1366.2 X158.463 Y151.307 E427.48276
G0 F9000 X158.479 Y151.273
G1 F1366.2 X154.182 Y152.424 E427.6899
G0 F9000 X152.87 Y149.67
G1 F1366.2 X158.242 Y148.23 E427.94888
G0 F9000 X157.414 Y152.453
G1 F1366.2 X153.319 Y148.358 E428.21854
G0 F9000 X153.424 Y148.422
G1 F2700 E423.21854
G0 F9000 X152.612 Y149.629
G0 X151.527 Y149.575
G0 X148.305 Y151.203
G0 X147.159 Y151.186
G0 X144.175 Y152.998
;TYPE:WALL-INNER
G1 F2700 E428.21854
G1 F683.1 X143.871 Y152.983 E428.23271
G1 X143.574 Y152.939 E428.24669
G1 X143.286 Y152.868 E428.26051
G1 X143.012 Y152.769 E428.27407
G1 X142.743 Y152.642 E428.28792
G1 X142.48 Y152.485 E428.30219
G1 X142.235 Y152.302 E428.31643
G1 X142.018 Y152.107 E428.33001
G1 X141.823 Y151.89 E428.3436
G1 X141.637 Y151.641 E428.35807
G1 X141.483 Y151.383 E428.37206
G1 X141.356 Y151.113 E428.38595
G1 X141.257 Y150.839 E428.39952
G1 X141.186 Y150.551 E428.41333
G1 X141.142 Y150.254 E428.42731
G1 X141.127 Y149.95 E428.44148
G1 X141.142 Y149.646 E428.45566
G1 X141.186 Y149.349 E428.46964
G1 X141.257 Y149.061 E428.48345
G1 X141.356 Y148.787 E428.49701
G1 X141.483 Y148.518 E428.51087
G1 X141.64 Y148.255 E428.52513
G1 X141.823 Y148.01 E428.53937
G1 X142.018 Y147.793 E428.55295
G1 X142.235 Y147.598 E428.56654
G1 X142.48 Y147.415 E428.58078
G1 X142.743 Y147.258 E428.59504
G1 X143.012 Y147.131 E428.60889
G1 X143.286 Y147.032 E428.62246
G1 X143.574 Y146.961 E428.63627
G1 X143.871 Y146.917 E428.65025
G1 X144.175 Y146.902 E428.66442
G1 X144.479 Y146.917 E428.67859
G1 X144.776 Y146.961 E428.69257
G1 X145.064 Y147.032 E428.70639
G1 X145.338 Y147.131 E428.71995
G1 X145.607 Y147.258 E428.7338
G1 X145.87 Y147.415 E428.74807
G1 X146.115 Y147.598 E428.76231
G1 X146.332 Y147.793 E428.77589
G1 X146.527 Y148.01 E428.78948
G1 X146.71 Y148.255 E428.80371
G1 X146.867 Y148.518 E428.81798
G1 X146.994 Y148.787 E428.83183
G1 X147.093 Y149.061 E428.84539
G1 X147.164 Y149.349 E428.85921
G1 X147.208 Y149.646 E428.87319
G1 X147.223 Y149.95 E428.88736
G1 X147.208 Y150.254 E428.90153
G1 X147.164 Y150.551 E428.91551
G1 X147.093 Y150.839 E428.92933
G1 X146.994 Y151.113 E428.94289
G1 X146.867 Y151.383 E428.95678
G1 X146.713 Y151.641 E428.97078
G1 X146.527 Y151.89 E428.98525
G1 X146.332 Y152.107 E428.99883
G1 X146.115 Y152.302 E429.01242
G1 X145.87 Y152.485 E429.02666
G1 X145.607 Y152.642 E429.04092
G1 X145.338 Y152.769 E429.05477
G1 X145.064 Y152.868 E429.06834
G1 X144.776 Y152.939 E429.08215
G1 X144.479 Y152.983 E429.09613
G1 X144.175 Y152.998 E429.1103
G0 F9000 X144.175 Y153.399
;TYPE:WALL-OUTER
G1 F683.1 X143.835 Y153.382 E429.12615
G1 X143.502 Y153.333 E429.14183
G1 X143.172 Y153.251 E429.15766
G1 X142.855 Y153.137 E429.17335
G1 X142.553 Y152.995 E429.18889
G1 X142.256 Y152.817 E429.20501
G1 X141.982 Y152.613 E429.22092
G1 X141.735 Y152.39 E429.23641
G1 X141.512 Y152.143 E429.25191
G1 X141.308 Y151.869 E429.26781
G1 X141.128 Y151.568 E429.28414
G1 X140.988 Y151.27 E429.29947
G1 X140.874 Y150.953 E429.31516
G1 X140.792 Y150.623 E429.33099
G1 X140.743 Y150.29 E429.34667
G1 X140.726 Y149.95 E429.36252
G1 X140.743 Y149.61 E429.37837
G1 X140.792 Y149.277 E429.39404
G1 X140.874 Y148.947 E429.40988
G1 X140.988 Y148.63 E429.42556
G1 X141.13 Y148.328 E429.4411
G1 X141.308 Y148.031 E429.45723
G1 X141.512 Y147.757 E429.47313
G1 X141.735 Y147.51 E429.48863
G1 X141.982 Y147.287 E429.50412
G1 X142.256 Y147.083 E429.52003
G1 X142.553 Y146.905 E429.53615
G1 X142.855 Y146.763 E429.55169
G1 X143.172 Y146.649 E429.56738
G1 X143.502 Y146.567 E429.58321
G1 X143.835 Y146.518 E429.59888
G1 X144.175 Y146.501 E429.61474
G1 X144.515 Y146.518 E429.63059
G1 X144.848 Y146.567 E429.64626
G1 X145.178 Y146.649 E429.66209
G1 X145.495 Y146.763 E429.67778
G1 X145.797 Y146.905 E429.69332
G1 X146.094 Y147.083 E429.70944
G1 X146.368 Y147.287 E429.72535
G1 X146.615 Y147.51 E429.74084
G1 X146.838 Y147.757 E429.75634
G1 X147.042 Y148.031 E429.77225
G1 X147.22 Y148.328 E429.78837
G1 X147.362 Y148.63 E429.80391
G1 X147.476 Y148.947 E429.81959
G1 X147.558 Y149.277 E429.83543
G1 X147.607 Y149.61 E429.8511
G1 X147.624 Y149.95 E429.86695
G1 X147.607 Y150.29 E429.8828
G1 X147.558 Y150.623 E429.89848
G1 X147.476 Y150.953 E429.91431
G1 X147.362 Y151.27 E429.93
G1 X147.222 Y151.568 E429.94533
G1 X147.042 Y151.869 E429.96166
G1 X146.838 Y152.143 E429.97756
G1 X146.615 Y152.39 E429.99306
G1 X146.368 Y152.613 E430.00856
G1 X146.094 Y152.817 E430.02446
G1 X145.797 Y152.995 E430.04058
G1 X145.495 Y153.137 E430.05612
G1 X145.178 Y153.251 E430.07181
G1 X144.848 Y153.333 E430.08764
G1 X144.515 Y153.382 E430.10332
G1 X144.175 Y153.399 E430.11917
G0 F9000 X144.175 Y152.959
G0 X145.027 Y152.794
;TYPE:FILL
G1 F1366.2 X141.329 Y149.096 E430.36269
G0 F9000 X141.219 Y149.686
G1 F1366.2 X146.602 Y148.243 E430.62219
G0 F9000 X146.783 Y148.532
G1 F1366.2 X145.726 Y152.478 E430.81241
G0 F9000 X146.82 Y151.291
G1 F1366.2 X142.55 Y152.435 E431.01825
G0 F9000 X142.621 Y152.475
G1 F1366.2 X144.091 Y146.986 E431.28285
G0 F9000 X143.529 Y147.053
G1 F1366.2 X147.071 Y150.596 E431.51613
G0 F9000 X146.955 Y150.566
G1 F2700 E426.51613
;MESH:NONMESH
G0 F300 X146.955 Y150.566 Z17.92
G0 F9000 X147.269 Y150.879
G0 X148.32 Y151.141
G0 X152.216 Y152.313
G0 X153.146 Y151.755
G0 X155.825 Y152.998
;TIME_ELAPSED:827.761675
;LAYER:63
;TYPE:WALL-INNER
;MESH:Shiny Hillar (2).stl
G1 F2700 E431.51613
G1 F684.3 X155.521 Y152.983 E431.5303
G1 X155.224 Y152.939 E431.54428
G1 X154.936 Y152.868 E431.5581
G1 X154.662 Y152.769 E431.57166
G1 X154.393 Y152.642 E431.58551
G1 X154.13 Y152.485 E431.59978
G1 X153.885 Y152.302 E431.61402
G1 X153.668 Y152.107 E431.6276
G1 X153.473 Y151.89 E431.64119
G1 X153.287 Y151.641 E431.65566
G1 X153.133 Y151.383 E431.66965
G1 X153.006 Y151.113 E431.68354
G1 X152.907 Y150.839 E431.69711
G1 X152.836 Y150.551 E431.71092
G1 X152.792 Y150.254 E431.7249
G1 X152.777 Y149.95 E431.73907
G1 X152.792 Y149.646 E431.75325
G1 X152.836 Y149.349 E431.76723
G1 X152.907 Y149.061 E431.78104
G1 X153.006 Y148.787 E431.7946
G1 X153.133 Y148.518 E431.80846
G1 X153.29 Y148.255 E431.82272
G1 X153.473 Y148.01 E431.83696
G1 X153.668 Y147.793 E431.85054
G1 X153.885 Y147.598 E431.86413
G1 X154.13 Y147.415 E431.87837
G1 X154.393 Y147.258 E431.89263
G1 X154.662 Y147.131 E431.90648
G1 X154.936 Y147.032 E431.92005
G1 X155.224 Y146.961 E431.93386
G1 X155.521 Y146.917 E431.94784
G1 X155.825 Y146.902 E431.96201
G1 X156.129 Y146.917 E431.97618
G1 X156.426 Y146.961 E431.99017
G1 X156.714 Y147.032 E432.00398
G1 X156.988 Y147.131 E432.01754
G1 X157.257 Y147.258 E432.03139
G1 X157.52 Y147.415 E432.04566
G1 X157.765 Y147.598 E432.0599
G1 X157.982 Y147.793 E432.07348
G1 X158.177 Y148.01 E432.08707
G1 X158.36 Y148.255 E432.10131
G1 X158.517 Y148.518 E432.11557
G1 X158.644 Y148.787 E432.12942
G1 X158.743 Y149.061 E432.14299
G1 X158.814 Y149.349 E432.1568
G1 X158.858 Y149.646 E432.17078
G1 X158.873 Y149.95 E432.18495
G1 X158.858 Y150.254 E432.19912
G1 X158.814 Y150.551 E432.2131
G1 X158.743 Y150.839 E432.22692
G1 X158.644 Y151.113 E432.24048
G1 X158.517 Y151.383 E432.25438
G1 X158.363 Y151.641 E432.26837
G1 X158.177 Y151.89 E432.28284
G1 X157.982 Y152.107 E432.29642
G1 X157.765 Y152.302 E432.31001
G1 X157.52 Y152.485 E432.32425
G1 X157.257 Y152.642 E432.33851
G1 X156.988 Y152.769 E432.35236
G1 X156.714 Y152.868 E432.36593
G1 X156.426 Y152.939 E432.37974
G1 X156.129 Y152.983 E432.39372
G1 X155.825 Y152.998 E432.40789
G0 F9000 X155.825 Y153.399
;TYPE:WALL-OUTER
G1 F684.3 X155.485 Y153.382 E432.42374
G1 X155.152 Y153.333 E432.43942
G1 X154.822 Y153.251 E432.45525
G1 X154.505 Y153.137 E432.47094
G1 X154.203 Y152.995 E432.48648
G1 X153.906 Y152.817 E432.5026
G1 X153.632 Y152.613 E432.51851
G1 X153.385 Y152.39 E432.534
G1 X153.162 Y152.143 E432.5495
G1 X152.958 Y151.869 E432.5654
G1 X152.778 Y151.568 E432.58173
G1 X152.638 Y151.27 E432.59706
G1 X152.524 Y150.953 E432.61275
G1 X152.442 Y150.623 E432.62858
G1 X152.393 Y150.29 E432.64426
G1 X152.376 Y149.95 E432.66011
G1 X152.393 Y149.61 E432.67596
G1 X152.442 Y149.277 E432.69163
G1 X152.524 Y148.947 E432.70747
G1 X152.638 Y148.63 E432.72315
G1 X152.78 Y148.328 E432.73869
G1 X152.958 Y148.031 E432.75482
G1 X153.162 Y147.757 E432.77072
G1 X153.385 Y147.51 E432.78622
G1 X153.632 Y147.287 E432.80171
G1 X153.906 Y147.083 E432.81762
G1 X154.203 Y146.905 E432.83374
G1 X154.505 Y146.763 E432.84928
G1 X154.822 Y146.649 E432.86497
G1 X155.152 Y146.567 E432.8808
G1 X155.485 Y146.518 E432.89647
G1 X155.825 Y146.501 E432.91233
G1 X156.165 Y146.518 E432.92818
G1 X156.498 Y146.567 E432.94385
G1 X156.828 Y146.649 E432.95968
G1 X157.145 Y146.763 E432.97537
G1 X157.447 Y146.905 E432.99091
G1 X157.744 Y147.083 E433.00703
G1 X158.018 Y147.287 E433.02294
G1 X158.265 Y147.51 E433.03843
G1 X158.488 Y147.757 E433.05393
G1 X158.692 Y148.031 E433.06984
G1 X158.87 Y148.328 E433.08596
G1 X159.012 Y148.63 E433.1015
G1 X159.126 Y148.947 E433.11718
G1 X159.208 Y149.277 E433.13302
G1 X159.257 Y149.61 E433.14869
G1 X159.274 Y149.95 E433.16454
G1 X159.257 Y150.29 E433.18039
G1 X159.208 Y150.623 E433.19607
G1 X159.126 Y150.953 E433.2119
G1 X159.012 Y151.27 E433.22759
G1 X158.872 Y151.568 E433.24292
G1 X158.692 Y151.869 E433.25925
G1 X158.488 Y152.143 E433.27516
G1 X158.265 Y152.39 E433.29065
G1 X158.018 Y152.613 E433.30615
G1 X157.744 Y152.817 E433.32205
G1 X157.447 Y152.995 E433.33818
G1 X157.145 Y153.137 E433.35371
G1 X156.828 Y153.251 E433.3694
G1 X156.498 Y153.333 E433.38523
G1 X156.165 Y153.382 E433.40091
G1 X155.825 Y153.399 E433.41676
G0 F9000 X155.825 Y152.959
G0 X154.773 Y152.723
;TYPE:FILL
G1 F1368.7 X156.3 Y147.022 E433.69158
G0 F9000 X156.559 Y147.076
G1 F1368.7 X158.698 Y149.215 E433.83244
G0 F9000 X158.75 Y149.47
G1 F1368.7 X158.116 Y151.837 E433.94654
G0 F9000 X158.345 Y151.513
G1 F1368.7 X154.419 Y152.565 E434.1358
G0 F9000 X152.86 Y149.877
G1 F1368.7 X158.356 Y148.404 E434.40075
G0 F9000 X157.58 Y152.339
G1 F1368.7 X153.433 Y148.192 E434.67383
G0 F9000 X153.531 Y148.266
G1 F2700 E429.67383
G0 F9000 X152.612 Y149.629
G0 X151.527 Y149.575
G0 X148.305 Y151.203
G0 X147.159 Y151.186
G0 X144.175 Y152.998
;TYPE:WALL-INNER
G1 F2700 E434.67383
G1 F684.3 X143.871 Y152.983 E434.68801
G1 X143.574 Y152.939 E434.70199
G1 X143.286 Y152.868 E434.7158
G1 X143.012 Y152.769 E434.72937
G1 X142.743 Y152.642 E434.74322
G1 X142.48 Y152.485 E434.75748
G1 X142.235 Y152.302 E434.77172
G1 X142.018 Y152.107 E434.7853
G1 X141.823 Y151.89 E434.79889
G1 X141.637 Y151.641 E434.81336
G1 X141.483 Y151.383 E434.82735
G1 X141.356 Y151.113 E434.84125
G1 X141.257 Y150.839 E434.85481
G1 X141.186 Y150.551 E434.86862
G1 X141.142 Y150.254 E434.8826
G1 X141.127 Y149.95 E434.89678
G1 X141.142 Y149.646 E434.91095
G1 X141.186 Y149.349 E434.92493
G1 X141.257 Y149.061 E434.93874
G1 X141.356 Y148.787 E434.95231
G1 X141.483 Y148.518 E434.96616
G1 X141.64 Y148.255 E434.98042
G1 X141.823 Y148.01 E434.99466
G1 X142.018 Y147.793 E435.00825
G1 X142.235 Y147.598 E435.02183
G1 X142.48 Y147.415 E435.03607
G1 X142.743 Y147.258 E435.05033
G1 X143.012 Y147.131 E435.06418
G1 X143.286 Y147.032 E435.07775
G1 X143.574 Y146.961 E435.09156
G1 X143.871 Y146.917 E435.10554
G1 X144.175 Y146.902 E435.11972
G1 X144.479 Y146.917 E435.13389
G1 X144.776 Y146.961 E435.14787
G1 X145.064 Y147.032 E435.16168
G1 X145.338 Y147.131 E435.17525
G1 X145.607 Y147.258 E435.1891
G1 X145.87 Y147.415 E435.20336
G1 X146.115 Y147.598 E435.2176
G1 X146.332 Y147.793 E435.23118
G1 X146.527 Y148.01 E435.24477
G1 X146.71 Y148.255 E435.25901
G1 X146.867 Y148.518 E435.27327
G1 X146.994 Y148.787 E435.28712
G1 X147.093 Y149.061 E435.30069
G1 X147.164 Y149.349 E435.3145
G1 X147.208 Y149.646 E435.32848
G1 X147.223 Y149.95 E435.34265
G1 X147.208 Y150.254 E435.35683
G1 X147.164 Y150.551 E435.37081
G1 X147.093 Y150.839 E435.38462
G1 X146.994 Y151.113 E435.39818
G1 X146.867 Y151.383 E435.41208
G1 X146.713 Y151.641 E435.42607
G1 X146.527 Y151.89 E435.44054
G1 X146.332 Y152.107 E435.45413
G1 X146.115 Y152.302 E435.46771
G1 X145.87 Y152.485 E435.48195
G1 X145.607 Y152.642 E435.49621
G1 X145.338 Y152.769 E435.51006
G1 X145.064 Y152.868 E435.52363
G1 X144.776 Y152.939 E435.53744
G1 X144.479 Y152.983 E435.55142
G1 X144.175 Y152.998 E435.5656
G0 F9000 X144.175 Y153.399
;TYPE:WALL-OUTER
G1 F684.3 X143.835 Y153.382 E435.58145
G1 X143.502 Y153.333 E435.59712
G1 X143.172 Y153.251 E435.61295
G1 X142.855 Y153.137 E435.62864
G1 X142.553 Y152.995 E435.64418
G1 X142.256 Y152.817 E435.6603
G1 X141.982 Y152.613 E435.67621
G1 X141.735 Y152.39 E435.6917
G1 X141.512 Y152.143 E435.7072
G1 X141.308 Y151.869 E435.72311
G1 X141.128 Y151.568 E435.73944
G1 X140.988 Y151.27 E435.75477
G1 X140.874 Y150.953 E435.77045
G1 X140.792 Y150.623 E435.78629
G1 X140.743 Y150.29 E435.80196
G1 X140.726 Y149.95 E435.81781
G1 X140.743 Y149.61 E435.83366
G1 X140.792 Y149.277 E435.84934
G1 X140.874 Y148.947 E435.86517
G1 X140.988 Y148.63 E435.88086
G1 X141.13 Y148.328 E435.8964
G1 X141.308 Y148.031 E435.91252
G1 X141.512 Y147.757 E435.92842
G1 X141.735 Y147.51 E435.94392
G1 X141.982 Y147.287 E435.95942
G1 X142.256 Y147.083 E435.97532
G1 X142.553 Y146.905 E435.99145
G1 X142.855 Y146.763 E436.00698
G1 X143.172 Y146.649 E436.02267
G1 X143.502 Y146.567 E436.0385
G1 X143.835 Y146.518 E436.05418
G1 X144.175 Y146.501 E436.07003
G1 X144.515 Y146.518 E436.08588
G1 X144.848 Y146.567 E436.10155
G1 X145.178 Y146.649 E436.11739
G1 X145.495 Y146.763 E436.13307
G1 X145.797 Y146.905 E436.14861
G1 X146.094 Y147.083 E436.16474
G1 X146.368 Y147.287 E436.18064
G1 X146.615 Y147.51 E436.19614
G1 X146.838 Y147.757 E436.21163
G1 X147.042 Y148.031 E436.22754
G1 X147.22 Y148.328 E436.24366
G1 X147.362 Y148.63 E436.2592
G1 X147.476 Y148.947 E436.27489
G1 X147.558 Y149.277 E436.29072
G1 X147.607 Y149.61 E436.30639
G1 X147.624 Y149.95 E436.32225
G1 X147.607 Y150.29 E436.3381
G1 X147.558 Y150.623 E436.35377
G1 X147.476 Y150.953 E436.3696
G1 X147.362 Y151.27 E436.38529
G1 X147.222 Y151.568 E436.40062
G1 X147.042 Y151.869 E436.41695
G1 X146.838 Y152.143 E436.43286
G1 X146.615 Y152.39 E436.44835
G1 X146.368 Y152.613 E436.46385
G1 X146.094 Y152.817 E436.47976
G1 X145.797 Y152.995 E436.49588
G1 X145.495 Y153.137 E436.51142
G1 X145.178 Y153.251 E436.5271
G1 X144.848 Y153.333 E436.54294
G1 X144.515 Y153.382 E436.55861
G1 X144.175 Y153.399 E436.57446
G0 F9000 X144.175 Y152.959
G0 X145.234 Y152.72
;TYPE:FILL
G1 F1368.7 X141.402 Y148.889 E436.82677
G0 F9000 X141.209 Y149.893
G1 F1368.7 X146.715 Y148.418 E437.0922
G0 F9000 X146.641 Y148.296
G1 F1368.7 X145.485 Y152.61 E437.30016
G0 F9000 X146.684 Y151.532
G1 F1368.7 X142.79 Y152.576 E437.48788
G0 F9000 X142.446 Y152.36
G1 F1368.7 X143.884 Y146.995 E437.74652
G0 F9000 X143.768 Y147.012
G1 F1368.7 X147.112 Y150.356 E437.96673
G0 F9000 X146.993 Y150.339
G1 F2700 E432.96673
;MESH:NONMESH
G0 F300 X146.993 Y150.339 Z18.2
G0 F9000 X147.269 Y150.879
G0 X148.32 Y151.141
G0 X152.216 Y152.313
G0 X153.146 Y151.755
G0 X155.825 Y152.998
;TIME_ELAPSED:840.424087
;LAYER:64
;TYPE:WALL-INNER
;MESH:Shiny Hillar (2).stl
G1 F2700 E437.96673
G1 F682.8 X155.521 Y152.983 E437.9809
G1 X155.224 Y152.939 E437.99488
G1 X154.936 Y152.868 E438.00869
G1 X154.662 Y152.769 E438.02226
G1 X154.393 Y152.642 E438.03611
G1 X154.13 Y152.485 E438.05037
G1 X153.885 Y152.302 E438.06461
G1 X153.668 Y152.107 E438.0782
G1 X153.473 Y151.89 E438.09178
G1 X153.287 Y151.641 E438.10625
G1 X153.133 Y151.383 E438.12025
G1 X153.006 Y151.113 E438.13414
G1 X152.907 Y150.839 E438.1477
G1 X152.836 Y150.551 E438.16152
G1 X152.792 Y150.254 E438.1755
G1 X152.777 Y149.95 E438.18967
G1 X152.792 Y149.646 E438.20384
G1 X152.836 Y149.349 E438.21782
G1 X152.907 Y149.061 E438.23164
G1 X153.006 Y148.787 E438.2452
G1 X153.133 Y148.518 E438.25905
G1 X153.29 Y148.255 E438.27332
G1 X153.473 Y148.01 E438.28755
G1 X153.668 Y147.793 E438.30114
G1 X153.885 Y147.598 E438.31472
G1 X154.13 Y147.415 E438.32896
G1 X154.393 Y147.258 E438.34323
G1 X154.662 Y147.131 E438.35708
G1 X154.936 Y147.032 E438.37064
G1 X155.224 Y146.961 E438.38446
G1 X155.521 Y146.917 E438.39844
G1 X155.825 Y146.902 E438.41261
G1 X156.129 Y146.917 E438.42678
G1 X156.426 Y146.961 E438.44076
G1 X156.714 Y147.032 E438.45457
G1 X156.988 Y147.131 E438.46814
G1 X157.257 Y147.258 E438.48199
G1 X157.52 Y147.415 E438.49625
G1 X157.765 Y147.598 E438.51049
G1 X157.982 Y147.793 E438.52408
G1 X158.177 Y148.01 E438.53766
G1 X158.36 Y148.255 E438.5519
G1 X158.517 Y148.518 E438.56616
G1 X158.644 Y148.787 E438.58002
G1 X158.743 Y149.061 E438.59358
G1 X158.814 Y149.349 E438.60739
G1 X158.858 Y149.646 E438.62137
G1 X158.873 Y149.95 E438.63555
G1 X158.858 Y150.254 E438.64972
G1 X158.814 Y150.551 E438.6637
G1 X158.743 Y150.839 E438.67751
G1 X158.644 Y151.113 E438.69108
G1 X158.517 Y151.383 E438.70497
G1 X158.363 Y151.641 E438.71896
G1 X158.177 Y151.89 E438.73343
G1 X157.982 Y152.107 E438.74702
G1 X157.765 Y152.302 E438.7606
G1 X157.52 Y152.485 E438.77484
G1 X157.257 Y152.642 E438.78911
G1 X156.988 Y152.769 E438.80296
G1 X156.714 Y152.868 E438.81652
G1 X156.426 Y152.939 E438.83034
G1 X156.129 Y152.983 E438.84432
G1 X155.825 Y152.998 E438.85849
G0 F9000 X155.825 Y153.399
;TYPE:WALL-OUTER
G1 F682.8 X155.485 Y153.382 E438.87434
G1 X155.152 Y153.333 E438.89001
G1 X154.822 Y153.251 E438.90585
G1 X154.505 Y153.137 E438.92153
G1 X154.203 Y152.995 E438.93707
G1 X153.906 Y152.817 E438.9532
G1 X153.632 Y152.613 E438.9691
G1 X153.385 Y152.39 E438.9846
G1 X153.162 Y152.143 E439.00009
G1 X152.958 Y151.869 E439.016
G1 X152.778 Y151.568 E439.03233
G1 X152.638 Y151.27 E439.04766
G1 X152.524 Y150.953 E439.06335
G1 X152.442 Y150.623 E439.07918
G1 X152.393 Y150.29 E439.09485
G1 X152.376 Y149.95 E439.11071
G1 X152.393 Y149.61 E439.12656
G1 X152.442 Y149.277 E439.14223
G1 X152.524 Y148.947 E439.15806
G1 X152.638 Y148.63 E439.17375
G1 X152.78 Y148.328 E439.18929
G1 X152.958 Y148.031 E439.20541
G1 X153.162 Y147.757 E439.22132
G1 X153.385 Y147.51 E439.23681
G1 X153.632 Y147.287 E439.25231
G1 X153.906 Y147.083 E439.26822
G1 X154.203 Y146.905 E439.28434
G1 X154.505 Y146.763 E439.29988
G1 X154.822 Y146.649 E439.31556
G1 X155.152 Y146.567 E439.3314
G1 X155.485 Y146.518 E439.34707
G1 X155.825 Y146.501 E439.36292
G1 X156.165 Y146.518 E439.37877
G1 X156.498 Y146.567 E439.39445
G1 X156.828 Y146.649 E439.41028
G1 X157.145 Y146.763 E439.42597
G1 X157.447 Y146.905 E439.44151
G1 X157.744 Y147.083 E439.45763
G1 X158.018 Y147.287 E439.47354
G1 X158.265 Y147.51 E439.48903
G1 X158.488 Y147.757 E439.50453
G1 X158.692 Y148.031 E439.52043
G1 X158.87 Y148.328 E439.53656
G1 X159.012 Y148.63 E439.55209
G1 X159.126 Y148.947 E439.56778
G1 X159.208 Y149.277 E439.58361
G1 X159.257 Y149.61 E439.59929
G1 X159.274 Y149.95 E439.61514
G1 X159.257 Y150.29 E439.63099
G1 X159.208 Y150.623 E439.64666
G1 X159.126 Y150.953 E439.6625
G1 X159.012 Y151.27 E439.67818
G1 X158.872 Y151.568 E439.69351
G1 X158.692 Y151.869 E439.70985
G1 X158.488 Y152.143 E439.72575
G1 X158.265 Y152.39 E439.74125
G1 X158.018 Y152.613 E439.75674
G1 X157.744 Y152.817 E439.77265
G1 X157.447 Y152.995 E439.78877
G1 X157.145 Y153.137 E439.80431
G1 X156.828 Y153.251 E439.82
G1 X156.498 Y153.333 E439.83583
G1 X156.165 Y153.382 E439.8515
G1 X155.825 Y153.399 E439.86736
G0 F9000 X155.825 Y152.959
G0 X154.696 Y152.696
;TYPE:FILL
G1 F1365.5 X158.17 Y151.765 E440.03483
G0 F9000 X157.831 Y152.134
G1 F1365.5 X158.656 Y149.057 E440.18317
G0 F9000 X158.558 Y148.794
G1 F1365.5 X156.981 Y147.217 E440.28701
G0 F9000 X156.103 Y146.994
G1 F1365.5 X154.589 Y152.644 E440.55938
G0 F9000 X152.863 Y150.081
G1 F1365.5 X158.459 Y148.582 E440.82914
G0 F9000 X157.738 Y152.217
G1 F1365.5 X153.556 Y148.034 E441.10457
G0 F9000 X153.646 Y148.116
G1 F2700 E436.10457
G0 F9000 X152.612 Y149.629
G0 X151.527 Y149.575
G0 X148.305 Y151.203
G0 X147.159 Y151.186
G0 X144.175 Y152.998
;TYPE:WALL-INNER
G1 F2700 E441.10457
G1 F682.8 X143.871 Y152.983 E441.11874
G1 X143.574 Y152.939 E441.13272
G1 X143.286 Y152.868 E441.14653
G1 X143.012 Y152.769 E441.1601
G1 X142.743 Y152.642 E441.17395
G1 X142.48 Y152.485 E441.18821
G1 X142.235 Y152.302 E441.20245
G1 X142.018 Y152.107 E441.21604
G1 X141.823 Y151.89 E441.22962
G1 X141.637 Y151.641 E441.24409
G1 X141.483 Y151.383 E441.25809
G1 X141.356 Y151.113 E441.27198
G1 X141.257 Y150.839 E441.28555
G1 X141.186 Y150.551 E441.29936
G1 X141.142 Y150.254 E441.31334
G1 X141.127 Y149.95 E441.32751
G1 X141.142 Y149.646 E441.34168
G1 X141.186 Y149.349 E441.35566
G1 X141.257 Y149.061 E441.36948
G1 X141.356 Y148.787 E441.38304
G1 X141.483 Y148.518 E441.39689
G1 X141.64 Y148.255 E441.41116
G1 X141.823 Y148.01 E441.42539
G1 X142.018 Y147.793 E441.43898
G1 X142.235 Y147.598 E441.45256
G1 X142.48 Y147.415 E441.4668
G1 X142.743 Y147.258 E441.48107
G1 X143.012 Y147.131 E441.49492
G1 X143.286 Y147.032 E441.50848
G1 X143.574 Y146.961 E441.5223
G1 X143.871 Y146.917 E441.53628
G1 X144.175 Y146.902 E441.55045
G1 X144.479 Y146.917 E441.56462
G1 X144.776 Y146.961 E441.5786
G1 X145.064 Y147.032 E441.59241
G1 X145.338 Y147.131 E441.60598
G1 X145.607 Y147.258 E441.61983
G1 X145.87 Y147.415 E441.63409
G1 X146.115 Y147.598 E441.64833
G1 X146.332 Y147.793 E441.66192
G1 X146.527 Y148.01 E441.6755
G1 X146.71 Y148.255 E441.68974
G1 X146.867 Y148.518 E441.704
G1 X146.994 Y148.787 E441.71786
G1 X147.093 Y149.061 E441.73142
G1 X147.164 Y149.349 E441.74523
G1 X147.208 Y149.646 E441.75921
G1 X147.223 Y149.95 E441.77339
G1 X147.208 Y150.254 E441.78756
G1 X147.164 Y150.551 E441.80154
G1 X147.093 Y150.839 E441.81535
G1 X146.994 Y151.113 E441.82892
G1 X146.867 Y151.383 E441.84281
G1 X146.713 Y151.641 E441.8568
G1 X146.527 Y151.89 E441.87128
G1 X146.332 Y152.107 E441.88486
G1 X146.115 Y152.302 E441.89844
G1 X145.87 Y152.485 E441.91268
G1 X145.607 Y152.642 E441.92695
G1 X145.338 Y152.769 E441.9408
G1 X145.064 Y152.868 E441.95436
G1 X144.776 Y152.939 E441.96818
G1 X144.479 Y152.983 E441.98216
G1 X144.175 Y152.998 E441.99633
G0 F9000 X144.175 Y153.399
;TYPE:WALL-OUTER
G1 F682.8 X143.835 Y153.382 E442.01218
G1 X143.502 Y153.333 E442.02785
G1 X143.172 Y153.251 E442.04369
G1 X142.855 Y153.137 E442.05937
G1 X142.553 Y152.995 E442.07491
G1 X142.256 Y152.817 E442.09104
G1 X141.982 Y152.613 E442.10694
G1 X141.735 Y152.39 E442.12244
G1 X141.512 Y152.143 E442.13793
G1 X141.308 Y151.869 E442.15384
G1 X141.128 Y151.568 E442.17017
G1 X140.988 Y151.27 E442.1855
G1 X140.874 Y150.953 E442.20119
G1 X140.792 Y150.623 E442.21702
G1 X140.743 Y150.29 E442.23269
G1 X140.726 Y149.95 E442.24855
G1 X140.743 Y149.61 E442.2644
G1 X140.792 Y149.277 E442.28007
G1 X140.874 Y148.947 E442.2959
G1 X140.988 Y148.63 E442.31159
G1 X141.13 Y148.328 E442.32713
G1 X141.308 Y148.031 E442.34325
G1 X141.512 Y147.757 E442.35916
G1 X141.735 Y147.51 E442.37465
G1 X141.982 Y147.287 E442.39015
G1 X142.256 Y147.083 E442.40606
G1 X142.553 Y146.905 E442.42218
G1 X142.855 Y146.763 E442.43772
G1 X143.172 Y146.649 E442.4534
G1 X143.502 Y146.567 E442.46924
G1 X143.835 Y146.518 E442.48491
G1 X144.175 Y146.501 E442.50076
G1 X144.515 Y146.518 E442.51661
G1 X144.848 Y146.567 E442.53229
G1 X145.178 Y146.649 E442.54812
G1 X145.495 Y146.763 E442.56381
G1 X145.797 Y146.905 E442.57935
G1 X146.094 Y147.083 E442.59547
G1 X146.368 Y147.287 E442.61138
G1 X146.615 Y147.51 E442.62687
G1 X146.838 Y147.757 E442.64237
G1 X147.042 Y148.031 E442.65827
G1 X147.22 Y148.328 E442.6744
G1 X147.362 Y148.63 E442.68994
G1 X147.476 Y148.947 E442.70562
G1 X147.558 Y149.277 E442.72145
G1 X147.607 Y149.61 E442.73713
G1 X147.624 Y149.95 E442.75298
G1 X147.607 Y150.29 E442.76883
G1 X147.558 Y150.623 E442.7845
G1 X147.476 Y150.953 E442.80034
G1 X147.362 Y151.27 E442.81602
G1 X147.222 Y151.568 E442.83135
G1 X147.042 Y151.869 E442.84769
G1 X146.838 Y152.143 E442.86359
G1 X146.615 Y152.39 E442.87909
G1 X146.368 Y152.613 E442.89458
G1 X146.094 Y152.817 E442.91049
G1 X145.797 Y152.995 E442.92661
G1 X145.495 Y153.137 E442.94215
G1 X145.178 Y153.251 E442.95784
G1 X144.848 Y153.333 E442.97367
G1 X144.515 Y153.382 E442.98934
G1 X144.175 Y153.399 E443.0052
G0 F9000 X144.175 Y152.959
G0 X145.252 Y152.714
;TYPE:FILL
G1 F1365.5 X146.49 Y148.094 E443.22791
G0 F9000 X146.816 Y148.596
G1 F1365.5 X141.214 Y150.097 E443.49797
G0 F9000 X141.487 Y148.694
G1 F1365.5 X145.429 Y152.636 E443.75755
G0 F9000 X146.504 Y151.785
G1 F1365.5 X143.071 Y152.705 E443.92305
G0 F9000 X142.276 Y152.231
G1 F1365.5 X143.671 Y147.026 E444.17397
G0 F9000 X144.025 Y146.989
G1 F1365.5 X147.134 Y150.098 E444.3787
G0 F9000 X147.016 Y150.091
G1 F2700 E439.3787
;MESH:NONMESH
G0 F300 X147.016 Y150.091 Z18.48
G0 F9000 X147.269 Y150.879
G0 X148.32 Y151.141
G0 X152.216 Y152.313
G0 X153.146 Y151.755
G0 X155.825 Y152.998
;TIME_ELAPSED:853.210984
;LAYER:65
;TYPE:WALL-INNER
;MESH:Shiny Hillar (2).stl
G1 F2700 E444.3787
G1 F678.8 X155.521 Y152.983 E444.39287
G1 X155.224 Y152.939 E444.40686
G1 X154.936 Y152.868 E444.42067
G1 X154.662 Y152.769 E444.43423
G1 X154.393 Y152.642 E444.44808
G1 X154.13 Y152.485 E444.46235
G1 X153.885 Y152.302 E444.47659
G1 X153.668 Y152.107 E444.49017
G1 X153.473 Y151.89 E444.50376
G1 X153.287 Y151.641 E444.51823
G1 X153.133 Y151.383 E444.53222
G1 X153.006 Y151.113 E444.54611
G1 X152.907 Y150.839 E444.55968
G1 X152.836 Y150.551 E444.57349
G1 X152.792 Y150.254 E444.58747
G1 X152.777 Y149.95 E444.60164
G1 X152.792 Y149.646 E444.61582
G1 X152.836 Y149.349 E444.6298
G1 X152.907 Y149.061 E444.64361
G1 X153.006 Y148.787 E444.65718
G1 X153.133 Y148.518 E444.67103
G1 X153.29 Y148.255 E444.68529
G1 X153.473 Y148.01 E444.69953
G1 X153.668 Y147.793 E444.71311
G1 X153.885 Y147.598 E444.7267
G1 X154.13 Y147.415 E444.74094
G1 X154.393 Y147.258 E444.7552
G1 X154.662 Y147.131 E444.76905
G1 X154.936 Y147.032 E444.78262
G1 X155.224 Y146.961 E444.79643
G1 X155.521 Y146.917 E444.81041
G1 X155.825 Y146.902 E444.82458
G1 X156.129 Y146.917 E444.83876
G1 X156.426 Y146.961 E444.85274
G1 X156.714 Y147.032 E444.86655
G1 X156.988 Y147.131 E444.88011
G1 X157.257 Y147.258 E444.89397
G1 X157.52 Y147.415 E444.90823
G1 X157.765 Y147.598 E444.92247
G1 X157.982 Y147.793 E444.93605
G1 X158.177 Y148.01 E444.94964
G1 X158.36 Y148.255 E444.96388
G1 X158.517 Y148.518 E444.97814
G1 X158.644 Y148.787 E444.99199
G1 X158.743 Y149.061 E445.00556
G1 X158.814 Y149.349 E445.01937
G1 X158.858 Y149.646 E445.03335
G1 X158.873 Y149.95 E445.04752
G1 X158.858 Y150.254 E445.06169
G1 X158.814 Y150.551 E445.07567
G1 X158.743 Y150.839 E445.08949
G1 X158.644 Y151.113 E445.10305
G1 X158.517 Y151.383 E445.11695
G1 X158.363 Y151.641 E445.13094
G1 X158.177 Y151.89 E445.14541
G1 X157.982 Y152.107 E445.15899
G1 X157.765 Y152.302 E445.17258
G1 X157.52 Y152.485 E445.18682
G1 X157.257 Y152.642 E445.20108
G1 X156.988 Y152.769 E445.21493
G1 X156.714 Y152.868 E445.2285
G1 X156.426 Y152.939 E445.24231
G1 X156.129 Y152.983 E445.25629
G1 X155.825 Y152.998 E445.27046
G0 F9000 X155.825 Y153.399
;TYPE:WALL-OUTER
G1 F678.8 X155.485 Y153.382 E445.28631
G1 X155.152 Y153.333 E445.30199
G1 X154.822 Y153.251 E445.31782
G1 X154.505 Y153.137 E445.33351
G1 X154.203 Y152.995 E445.34905
G1 X153.906 Y152.817 E445.36517
G1 X153.632 Y152.613 E445.38108
G1 X153.385 Y152.39 E445.39657
G1 X153.162 Y152.143 E445.41207
G1 X152.958 Y151.869 E445.42797
G1 X152.778 Y151.568 E445.4443
G1 X152.638 Y151.27 E445.45964
G1 X152.524 Y150.953 E445.47532
G1 X152.442 Y150.623 E445.49115
G1 X152.393 Y150.29 E445.50683
G1 X152.376 Y149.95 E445.52268
G1 X152.393 Y149.61 E445.53853
G1 X152.442 Y149.277 E445.5542
G1 X152.524 Y148.947 E445.57004
G1 X152.638 Y148.63 E445.58572
G1 X152.78 Y148.328 E445.60126
G1 X152.958 Y148.031 E445.61739
G1 X153.162 Y147.757 E445.63329
G1 X153.385 Y147.51 E445.64879
G1 X153.632 Y147.287 E445.66428
G1 X153.906 Y147.083 E445.68019
G1 X154.203 Y146.905 E445.69631
G1 X154.505 Y146.763 E445.71185
G1 X154.822 Y146.649 E445.72754
G1 X155.152 Y146.567 E445.74337
G1 X155.485 Y146.518 E445.75904
G1 X155.825 Y146.501 E445.7749
G1 X156.165 Y146.518 E445.79075
G1 X156.498 Y146.567 E445.80642
G1 X156.828 Y146.649 E445.82225
G1 X157.145 Y146.763 E445.83794
G1 X157.447 Y146.905 E445.85348
G1 X157.744 Y147.083 E445.8696
G1 X158.018 Y147.287 E445.88551
G1 X158.265 Y147.51 E445.901
G1 X158.488 Y147.757 E445.9165
G1 X158.692 Y148.031 E445.93241
G1 X158.87 Y148.328 E445.94853
G1 X159.012 Y148.63 E445.96407
G1 X159.126 Y148.947 E445.97976
G1 X159.208 Y149.277 E445.99559
G1 X159.257 Y149.61 E446.01126
G1 X159.274 Y149.95 E446.02711
G1 X159.257 Y150.29 E446.04296
G1 X159.208 Y150.623 E446.05864
G1 X159.126 Y150.953 E446.07447
G1 X159.012 Y151.27 E446.09016
G1 X158.872 Y151.568 E446.10549
G1 X158.692 Y151.869 E446.12182
G1 X158.488 Y152.143 E446.13773
G1 X158.265 Y152.39 E446.15322
G1 X158.018 Y152.613 E446.16872
G1 X157.744 Y152.817 E446.18462
G1 X157.447 Y152.995 E446.20075
G1 X157.145 Y153.137 E446.21629
G1 X156.828 Y153.251 E446.23197
G1 X156.498 Y153.333 E446.2478
G1 X156.165 Y153.382 E446.26348
G1 X155.825 Y153.399 E446.27933
G0 F9000 X155.825 Y152.959
G0 X155.035 Y152.81
;TYPE:FILL
G1 F1357.7 X157.942 Y152.031 E446.41947
G0 F9000 X157.886 Y152.085
G1 F1357.7 X153.688 Y147.887 E446.69591
G0 F9000 X155.9 Y146.985
G1 F1357.7 X154.407 Y152.557 E446.96452
G0 F9000 X152.877 Y150.283
G1 F1357.7 X158.544 Y148.764 E447.23772
G0 F9000 X158.535 Y148.744
G1 F1357.7 X157.569 Y152.349 E447.4115
G0 F9000 X158.149 Y148.105
G1 F1357.7 X157.669 Y147.625 E447.44311
G0 F9000 X157.597 Y147.721
G1 F2700 E442.44311
G0 F9000 X152.658 Y150.584
G0 X151.607 Y150.847
G0 X147.981 Y151.984
G0 X146.854 Y151.755
G0 X144.175 Y152.998
;TYPE:WALL-INNER
G1 F2700 E447.44311
G1 F678.8 X143.871 Y152.983 E447.45728
G1 X143.574 Y152.939 E447.47126
G1 X143.286 Y152.868 E447.48508
G1 X143.012 Y152.769 E447.49864
G1 X142.743 Y152.642 E447.51249
G1 X142.48 Y152.485 E447.52676
G1 X142.235 Y152.302 E447.54099
G1 X142.018 Y152.107 E447.55458
G1 X141.823 Y151.89 E447.56816
G1 X141.637 Y151.641 E447.58264
G1 X141.483 Y151.383 E447.59663
G1 X141.356 Y151.113 E447.61052
G1 X141.257 Y150.839 E447.62409
G1 X141.186 Y150.551 E447.6379
G1 X141.142 Y150.254 E447.65188
G1 X141.127 Y149.95 E447.66605
G1 X141.142 Y149.646 E447.68022
G1 X141.186 Y149.349 E447.69421
G1 X141.257 Y149.061 E447.70802
G1 X141.356 Y148.787 E447.72158
G1 X141.483 Y148.518 E447.73543
G1 X141.64 Y148.255 E447.7497
G1 X141.823 Y148.01 E447.76394
G1 X142.018 Y147.793 E447.77752
G1 X142.235 Y147.598 E447.79111
G1 X142.48 Y147.415 E447.80535
G1 X142.743 Y147.258 E447.81961
G1 X143.012 Y147.131 E447.83346
G1 X143.286 Y147.032 E447.84703
G1 X143.574 Y146.961 E447.86084
G1 X143.871 Y146.917 E447.87482
G1 X144.176 Y146.902 E447.88904
G1 X144.48 Y146.916 E447.90321
G1 X144.792 Y146.964 E447.91791
G1 X145.068 Y147.034 E447.93117
G1 X145.338 Y147.131 E447.94452
G1 X145.607 Y147.258 E447.95838
G1 X145.87 Y147.415 E447.97264
G1 X146.115 Y147.598 E447.98688
G1 X146.332 Y147.793 E448.00046
G1 X146.527 Y148.01 E448.01405
G1 X146.71 Y148.255 E448.02829
G1 X146.867 Y148.518 E448.04255
G1 X146.994 Y148.787 E448.0564
G1 X147.093 Y149.061 E448.06997
G1 X147.164 Y149.349 E448.08378
G1 X147.208 Y149.646 E448.09776
G1 X147.223 Y149.95 E448.11193
G1 X147.208 Y150.254 E448.1261
G1 X147.164 Y150.551 E448.14009
G1 X147.093 Y150.839 E448.1539
G1 X146.994 Y151.113 E448.16746
G1 X146.867 Y151.383 E448.18136
G1 X146.713 Y151.641 E448.19535
G1 X146.527 Y151.89 E448.20982
G1 X146.332 Y152.107 E448.2234
G1 X146.115 Y152.302 E448.23699
G1 X145.87 Y152.485 E448.25123
G1 X145.607 Y152.642 E448.26549
G1 X145.338 Y152.769 E448.27934
G1 X145.064 Y152.868 E448.29291
G1 X144.776 Y152.939 E448.30672
G1 X144.479 Y152.983 E448.3207
G1 X144.175 Y152.998 E448.33487
G0 F9000 X144.175 Y153.399
;TYPE:WALL-OUTER
G1 F678.8 X143.835 Y153.382 E448.35073
G1 X143.502 Y153.333 E448.3664
G1 X143.172 Y153.251 E448.38223
G1 X142.855 Y153.137 E448.39792
G1 X142.553 Y152.995 E448.41346
G1 X142.256 Y152.817 E448.42958
G1 X141.982 Y152.613 E448.44549
G1 X141.735 Y152.39 E448.46098
G1 X141.512 Y152.143 E448.47648
G1 X141.308 Y151.869 E448.49238
G1 X141.128 Y151.568 E448.50871
G1 X140.988 Y151.27 E448.52405
G1 X140.874 Y150.953 E448.53973
G1 X140.792 Y150.623 E448.55557
G1 X140.743 Y150.29 E448.57124
G1 X140.726 Y149.95 E448.58709
G1 X140.743 Y149.61 E448.60294
G1 X140.792 Y149.277 E448.61861
G1 X140.874 Y148.947 E448.63445
G1 X140.988 Y148.63 E448.65013
G1 X141.13 Y148.328 E448.66567
G1 X141.308 Y148.031 E448.6818
G1 X141.512 Y147.757 E448.6977
G1 X141.735 Y147.51 E448.7132
G1 X141.982 Y147.287 E448.72869
G1 X142.256 Y147.083 E448.7446
G1 X142.553 Y146.905 E448.76072
G1 X142.855 Y146.763 E448.77626
G1 X143.172 Y146.649 E448.79195
G1 X143.502 Y146.567 E448.80778
G1 X143.835 Y146.518 E448.82346
G1 X144.175 Y146.501 E448.83931
G1 X144.513 Y146.517 E448.85506
G1 X144.877 Y146.573 E448.87221
G1 X145.178 Y146.649 E448.88667
G1 X145.495 Y146.763 E448.90235
G1 X145.797 Y146.905 E448.91789
G1 X146.094 Y147.083 E448.93402
G1 X146.368 Y147.287 E448.94992
G1 X146.615 Y147.51 E448.96542
G1 X146.838 Y147.757 E448.98091
G1 X147.042 Y148.031 E448.99682
G1 X147.22 Y148.328 E449.01294
G1 X147.362 Y148.63 E449.02848
G1 X147.476 Y148.947 E449.04417
G1 X147.558 Y149.277 E449.06
G1 X147.607 Y149.61 E449.07568
G1 X147.624 Y149.95 E449.09153
G1 X147.607 Y150.29 E449.10738
G1 X147.558 Y150.623 E449.12305
G1 X147.476 Y150.953 E449.13888
G1 X147.362 Y151.27 E449.15457
G1 X147.222 Y151.568 E449.1699
G1 X147.042 Y151.869 E449.18623
G1 X146.838 Y152.143 E449.20214
G1 X146.615 Y152.39 E449.21763
G1 X146.368 Y152.613 E449.23313
G1 X146.094 Y152.817 E449.24904
G1 X145.797 Y152.995 E449.26516
G1 X145.495 Y153.137 E449.2807
G1 X145.178 Y153.251 E449.29639
G1 X144.848 Y153.333 E449.31222
G1 X144.515 Y153.382 E449.32789
G1 X144.175 Y153.399 E449.34374
G0 F9000 X144.175 Y152.959
G0 X143.416 Y152.818
;TYPE:FILL
G1 F1357.7 X146.274 Y152.052 E449.48152
G0 F9000 X145.616 Y152.543
G1 F1357.7 X141.58 Y148.507 E449.7473
G0 F9000 X141.23 Y150.298
G1 F1357.7 X146.901 Y148.778 E450.02068
G0 F9000 X146.333 Y147.915
G1 F1357.7 X145.026 Y152.794 E450.25588
G0 F9000 X142.111 Y152.083
G1 F1357.7 X143.454 Y147.071 E450.49749
G0 F9000 X144.303 Y146.987
G1 F1357.7 X147.136 Y149.82 E450.68405
G0 F9000 X147.016 Y149.826
G1 F2700 E445.68405
;MESH:NONMESH
G0 F300 X147.016 Y149.826 Z18.76
G0 F9000 X147.342 Y150.584
G0 X148.394 Y150.846
G0 X152.216 Y152.313
G0 X153.146 Y151.755
G0 X155.825 Y152.998
;TIME_ELAPSED:866.050886
;LAYER:66
;TYPE:WALL-INNER
;MESH:Shiny Hillar (2).stl
G1 F2700 E450.68405
G1 F672.7 X155.521 Y152.983 E450.69822
G1 X155.224 Y152.939 E450.71221
G1 X154.936 Y152.868 E450.72602
G1 X154.662 Y152.769 E450.73958
G1 X154.393 Y152.642 E450.75343
G1 X154.13 Y152.485 E450.7677
G1 X153.885 Y152.302 E450.78194
G1 X153.668 Y152.107 E450.79552
G1 X153.473 Y151.89 E450.80911
G1 X153.287 Y151.641 E450.82358
G1 X153.133 Y151.383 E450.83757
G1 X153.006 Y151.113 E450.85146
G1 X152.907 Y150.839 E450.86503
G1 X152.836 Y150.551 E450.87884
G1 X152.792 Y150.254 E450.89282
G1 X152.777 Y149.92 E450.90839
G1 X152.791 Y149.657 E450.92065
G1 X152.836 Y149.349 E450.93515
G1 X152.907 Y149.061 E450.94896
G1 X153.006 Y148.787 E450.96253
G1 X153.133 Y148.518 E450.97638
G1 X153.29 Y148.255 E450.99064
G1 X153.473 Y148.01 E451.00488
G1 X153.668 Y147.793 E451.01846
G1 X153.885 Y147.598 E451.03205
G1 X154.13 Y147.415 E451.04629
G1 X154.393 Y147.258 E451.06055
G1 X154.662 Y147.131 E451.0744
G1 X154.936 Y147.032 E451.08797
G1 X155.224 Y146.961 E451.10178
G1 X155.521 Y146.917 E451.11576
G1 X155.825 Y146.902 E451.12993
G1 X156.129 Y146.917 E451.14411
G1 X156.426 Y146.961 E451.15809
G1 X156.714 Y147.032 E451.1719
G1 X156.988 Y147.131 E451.18546
G1 X157.257 Y147.258 E451.19932
G1 X157.52 Y147.415 E451.21358
G1 X157.765 Y147.598 E451.22782
G1 X157.982 Y147.793 E451.2414
G1 X158.177 Y148.01 E451.25499
G1 X158.36 Y148.255 E451.26923
G1 X158.517 Y148.518 E451.28349
G1 X158.644 Y148.787 E451.29734
G1 X158.743 Y149.061 E451.31091
G1 X158.814 Y149.349 E451.32472
G1 X158.858 Y149.646 E451.3387
G1 X158.873 Y149.98 E451.35427
G1 X158.859 Y150.243 E451.36653
G1 X158.814 Y150.551 E451.38102
G1 X158.743 Y150.839 E451.39484
G1 X158.644 Y151.113 E451.4084
G1 X158.517 Y151.383 E451.4223
G1 X158.363 Y151.641 E451.43629
G1 X158.177 Y151.89 E451.45076
G1 X157.982 Y152.107 E451.46434
G1 X157.765 Y152.302 E451.47793
G1 X157.52 Y152.485 E451.49217
G1 X157.257 Y152.642 E451.50643
G1 X156.988 Y152.769 E451.52028
G1 X156.714 Y152.868 E451.53385
G1 X156.426 Y152.939 E451.54766
G1 X156.129 Y152.983 E451.56164
G1 X155.825 Y152.998 E451.57581
G0 F9000 X155.825 Y153.399
;TYPE:WALL-OUTER
G1 F672.7 X155.485 Y153.382 E451.59166
G1 X155.152 Y153.333 E451.60734
G1 X154.822 Y153.251 E451.62317
G1 X154.505 Y153.137 E451.63886
G1 X154.203 Y152.995 E451.6544
G1 X153.906 Y152.817 E451.67052
G1 X153.632 Y152.613 E451.68643
G1 X153.385 Y152.39 E451.70192
G1 X153.162 Y152.143 E451.71742
G1 X152.958 Y151.869 E451.73332
G1 X152.778 Y151.568 E451.74965
G1 X152.638 Y151.27 E451.76498
G1 X152.524 Y150.953 E451.78067
G1 X152.442 Y150.623 E451.7965
G1 X152.393 Y150.29 E451.81218
G1 X152.376 Y149.928 E451.82905
G1 X152.393 Y149.61 E451.84388
G1 X152.442 Y149.277 E451.85955
G1 X152.524 Y148.947 E451.87539
G1 X152.638 Y148.63 E451.89107
G1 X152.78 Y148.328 E451.90661
G1 X152.958 Y148.031 E451.92274
G1 X153.162 Y147.757 E451.93864
G1 X153.385 Y147.51 E451.95414
G1 X153.632 Y147.287 E451.96963
G1 X153.906 Y147.083 E451.98554
G1 X154.203 Y146.905 E452.00166
G1 X154.505 Y146.763 E452.0172
G1 X154.822 Y146.649 E452.03289
G1 X155.152 Y146.567 E452.04872
G1 X155.485 Y146.518 E452.06439
G1 X155.825 Y146.501 E452.08025
G1 X156.165 Y146.518 E452.0961
G1 X156.498 Y146.567 E452.11177
G1 X156.828 Y146.649 E452.1276
G1 X157.145 Y146.763 E452.14329
G1 X157.447 Y146.905 E452.15883
G1 X157.744 Y147.083 E452.17495
G1 X158.018 Y147.287 E452.19086
G1 X158.265 Y147.51 E452.20635
G1 X158.488 Y147.757 E452.22185
G1 X158.692 Y148.031 E452.23776
G1 X158.87 Y148.328 E452.25388
G1 X159.012 Y148.63 E452.26942
G1 X159.126 Y148.947 E452.28511
G1 X159.208 Y149.277 E452.30094
G1 X159.257 Y149.61 E452.31661
G1 X159.274 Y149.972 E452.33349
G1 X159.257 Y150.29 E452.34831
G1 X159.208 Y150.623 E452.36399
G1 X159.126 Y150.953 E452.37982
G1 X159.012 Y151.27 E452.39551
G1 X158.872 Y151.568 E452.41084
G1 X158.692 Y151.869 E452.42717
G1 X158.488 Y152.143 E452.44308
G1 X158.265 Y152.39 E452.45857
G1 X158.018 Y152.613 E452.47407
G1 X157.744 Y152.817 E452.48997
G1 X157.447 Y152.995 E452.5061
G1 X157.145 Y153.137 E452.52164
G1 X156.828 Y153.251 E452.53732
G1 X156.498 Y153.333 E452.55316
G1 X156.165 Y153.382 E452.56883
G1 X155.825 Y153.399 E452.58468
G0 F9000 X155.825 Y152.959
G0 X155.482 Y152.896
;TYPE:FILL
G1 F1345.5 X157.593 Y152.33 E452.68645
G0 F9000 X157.32 Y152.511
G1 F1345.5 X158.401 Y148.478 E452.88087
G0 F9000 X158.617 Y148.95
G1 F1345.5 X152.907 Y150.48 E453.15613
G0 F9000 X153.23 Y151.392
G1 F1345.5 X154.383 Y152.544 E453.23203
G0 F9000 X154.23 Y152.451
G1 F1345.5 X155.694 Y146.988 E453.49538
G0 F9000 X153.832 Y147.751
G1 F1345.5 X158.022 Y151.941 E453.7713
G0 F9000 X157.934 Y151.862
G1 F2700 E448.7713
G0 F9000 X153.146 Y151.755
G0 X152.216 Y152.313
G0 X147.785 Y152.312
G0 X146.854 Y151.755
G0 X144.175 Y152.998
;TYPE:WALL-INNER
G1 F2700 E453.7713
G1 F672.7 X143.871 Y152.983 E453.78547
G1 X143.574 Y152.939 E453.79945
G1 X143.286 Y152.868 E453.81327
G1 X143.012 Y152.769 E453.82683
G1 X142.743 Y152.642 E453.84068
G1 X142.48 Y152.485 E453.85495
G1 X142.235 Y152.302 E453.86919
G1 X142.018 Y152.107 E453.88277
G1 X141.823 Y151.89 E453.89635
G1 X141.637 Y151.641 E453.91083
G1 X141.483 Y151.383 E453.92482
G1 X141.356 Y151.113 E453.93871
G1 X141.257 Y150.839 E453.95228
G1 X141.186 Y150.551 E453.96609
G1 X141.142 Y150.254 E453.98007
G1 X141.127 Y149.92 E453.99564
G1 X141.141 Y149.657 E454.0079
G1 X141.186 Y149.349 E454.0224
G1 X141.257 Y149.061 E454.03621
G1 X141.356 Y148.787 E454.04977
G1 X141.483 Y148.518 E454.06363
G1 X141.64 Y148.255 E454.07789
G1 X141.823 Y148.01 E454.09213
G1 X142.018 Y147.793 E454.10571
G1 X142.235 Y147.598 E454.1193
G1 X142.48 Y147.415 E454.13354
G1 X142.743 Y147.258 E454.1478
G1 X143.012 Y147.131 E454.16165
G1 X143.286 Y147.032 E454.17522
G1 X143.574 Y146.961 E454.18903
G1 X143.871 Y146.917 E454.20301
G1 X144.176 Y146.902 E454.21723
G1 X144.48 Y146.916 E454.2314
G1 X144.788 Y146.963 E454.24591
G1 X145.068 Y147.034 E454.25936
G1 X145.338 Y147.131 E454.27272
G1 X145.607 Y147.258 E454.28657
G1 X145.87 Y147.415 E454.30083
G1 X146.115 Y147.598 E454.31507
G1 X146.332 Y147.793 E454.32865
G1 X146.527 Y148.01 E454.34224
G1 X146.71 Y148.255 E454.35648
G1 X146.867 Y148.518 E454.37074
G1 X146.994 Y148.787 E454.38459
G1 X147.093 Y149.061 E454.39816
G1 X147.164 Y149.349 E454.41197
G1 X147.208 Y149.646 E454.42595
G1 X147.223 Y149.98 E454.44152
G1 X147.209 Y150.243 E454.45378
G1 X147.164 Y150.551 E454.46828
G1 X147.093 Y150.839 E454.48209
G1 X146.994 Y151.113 E454.49565
G1 X146.867 Y151.383 E454.50955
G1 X146.713 Y151.641 E454.52354
G1 X146.527 Y151.89 E454.53801
G1 X146.332 Y152.107 E454.5516
G1 X146.115 Y152.302 E454.56518
G1 X145.87 Y152.485 E454.57942
G1 X145.607 Y152.642 E454.59368
G1 X145.338 Y152.769 E454.60753
G1 X145.064 Y152.868 E454.6211
G1 X144.776 Y152.939 E454.63491
G1 X144.479 Y152.983 E454.64889
G1 X144.175 Y152.998 E454.66306
G0 F9000 X144.175 Y153.399
;TYPE:WALL-OUTER
G1 F672.7 X143.835 Y153.382 E454.67892
G1 X143.502 Y153.333 E454.69459
G1 X143.172 Y153.251 E454.71042
G1 X142.855 Y153.137 E454.72611
G1 X142.553 Y152.995 E454.74165
G1 X142.256 Y152.817 E454.75777
G1 X141.982 Y152.613 E454.77368
G1 X141.735 Y152.39 E454.78917
G1 X141.512 Y152.143 E454.80467
G1 X141.308 Y151.869 E454.82057
G1 X141.128 Y151.568 E454.83691
G1 X140.988 Y151.27 E454.85224
G1 X140.874 Y150.953 E454.86792
G1 X140.792 Y150.623 E454.88376
G1 X140.743 Y150.29 E454.89943
G1 X140.726 Y149.928 E454.9163
G1 X140.743 Y149.61 E454.93113
G1 X140.792 Y149.277 E454.94681
G1 X140.874 Y148.947 E454.96264
G1 X140.988 Y148.63 E454.97833
G1 X141.13 Y148.328 E454.99386
G1 X141.308 Y148.031 E455.00999
G1 X141.512 Y147.757 E455.02589
G1 X141.735 Y147.51 E455.04139
G1 X141.982 Y147.287 E455.05689
G1 X142.256 Y147.083 E455.07279
G1 X142.553 Y146.905 E455.08891
G1 X142.855 Y146.763 E455.10445
G1 X143.172 Y146.649 E455.12014
G1 X143.502 Y146.567 E455.13597
G1 X143.835 Y146.518 E455.15165
G1 X144.175 Y146.501 E455.1675
G1 X144.513 Y146.517 E455.18325
G1 X144.872 Y146.572 E455.20017
G1 X145.178 Y146.649 E455.21486
G1 X145.495 Y146.763 E455.23055
G1 X145.797 Y146.905 E455.24608
G1 X146.094 Y147.083 E455.26221
G1 X146.368 Y147.287 E455.27811
G1 X146.615 Y147.51 E455.29361
G1 X146.838 Y147.757 E455.3091
G1 X147.042 Y148.031 E455.32501
G1 X147.22 Y148.328 E455.34113
G1 X147.362 Y148.63 E455.35667
G1 X147.476 Y148.947 E455.37236
G1 X147.558 Y149.277 E455.38819
G1 X147.607 Y149.61 E455.40387
G1 X147.624 Y149.972 E455.42074
G1 X147.607 Y150.29 E455.43557
G1 X147.558 Y150.623 E455.45124
G1 X147.476 Y150.953 E455.46708
G1 X147.362 Y151.27 E455.48276
G1 X147.222 Y151.568 E455.49809
G1 X147.042 Y151.869 E455.51442
G1 X146.838 Y152.143 E455.53033
G1 X146.615 Y152.39 E455.54583
G1 X146.368 Y152.613 E455.56132
G1 X146.094 Y152.817 E455.57723
G1 X145.797 Y152.995 E455.59335
G1 X145.495 Y153.137 E455.60889
G1 X145.178 Y153.251 E455.62458
G1 X144.848 Y153.333 E455.64041
G1 X144.515 Y153.382 E455.65608
G1 X144.175 Y153.399 E455.67193
G0 F9000 X144.175 Y152.959
G0 X143.87 Y152.901
;TYPE:FILL
G1 F1345.5 X145.91 Y152.355 E455.77027
G0 F9000 X145.791 Y152.438
G1 F1345.5 X141.685 Y148.332 E456.04066
G0 F9000 X143.231 Y147.135
G1 F1345.5 X141.951 Y151.914 E456.27103
G0 F9000 X141.259 Y150.495
G1 F1345.5 X146.972 Y148.964 E456.54644
G0 F9000 X147.107 Y149.511
G1 F1345.5 X144.611 Y147.015 E456.7108
G0 F9000 X146.171 Y147.756
G1 F1345.5 X144.806 Y152.848 E456.95628
G0 F9000 X144.779 Y152.732
G1 F2700 E451.95628
;MESH:NONMESH
G0 F300 X144.779 Y152.732 Z19.04
G0 F9000 X146.854 Y151.755
G0 X147.785 Y152.312
G0 X152.216 Y152.313
G0 X153.146 Y151.755
G0 X155.824 Y152.998
;TIME_ELAPSED:878.803056
;LAYER:67
;TYPE:WALL-INNER
;MESH:Shiny Hillar (2).stl
G1 F2700 E456.95628
G1 F1335.6 X155.518 Y152.984 E456.97054
G1 X155.216 Y152.938 E456.98477
G1 X154.934 Y152.867 E456.99831
G1 X154.662 Y152.769 E457.01177
G1 X154.393 Y152.642 E457.02562
G1 X154.128 Y152.483 E457.04001
G1 X153.873 Y152.293 E457.05482
G1 X153.669 Y152.108 E457.06764
G1 X153.473 Y151.89 E457.08129
G1 X153.287 Y151.641 E457.09577
G1 X153.133 Y151.383 E457.10976
G1 X153.006 Y151.113 E457.12365
G1 X152.907 Y150.839 E457.13722
G1 X152.836 Y150.551 E457.15103
G1 X152.792 Y150.254 E457.16501
G1 X152.777 Y149.924 E457.18039
G1 X152.791 Y149.657 E457.19284
G1 X152.836 Y149.349 E457.20734
G1 X152.907 Y149.061 E457.22115
G1 X153.006 Y148.787 E457.23471
G1 X153.133 Y148.518 E457.24856
G1 X153.292 Y148.253 E457.26296
G1 X153.482 Y147.998 E457.27776
G1 X153.667 Y147.794 E457.29059
G1 X153.885 Y147.598 E457.30424
G1 X154.13 Y147.415 E457.31848
G1 X154.393 Y147.258 E457.33274
G1 X154.662 Y147.131 E457.34659
G1 X154.936 Y147.032 E457.36016
G1 X155.224 Y146.961 E457.37397
G1 X155.532 Y146.916 E457.38846
G1 X155.823 Y146.901 E457.40203
G1 X156.141 Y146.918 E457.41686
G1 X156.434 Y146.962 E457.43065
G1 X156.716 Y147.033 E457.4442
G1 X156.988 Y147.131 E457.45766
G1 X157.257 Y147.258 E457.47151
G1 X157.52 Y147.415 E457.48577
G1 X157.765 Y147.598 E457.50001
G1 X157.985 Y147.797 E457.51382
G1 X158.194 Y148.029 E457.52836
G1 X158.352 Y148.243 E457.54075
G1 X158.517 Y148.518 E457.55568
G1 X158.644 Y148.787 E457.56954
G1 X158.743 Y149.061 E457.5831
G1 X158.814 Y149.349 E457.59691
G1 X158.858 Y149.646 E457.61089
G1 X158.873 Y149.976 E457.62628
G1 X158.859 Y150.256 E457.63933
G1 X158.814 Y150.552 E457.65327
G1 X158.742 Y150.841 E457.66714
G1 X158.644 Y151.113 E457.6806
G1 X158.517 Y151.383 E457.6945
G1 X158.363 Y151.641 E457.70849
G1 X158.177 Y151.89 E457.72296
G1 X157.982 Y152.107 E457.73654
G1 X157.765 Y152.302 E457.75013
G1 X157.52 Y152.485 E457.76437
G1 X157.257 Y152.642 E457.77863
G1 X156.988 Y152.769 E457.79248
G1 X156.714 Y152.868 E457.80605
G1 X156.426 Y152.939 E457.81986
G1 X156.129 Y152.983 E457.83384
G1 X155.824 Y152.998 E457.84806
G0 F9000 X155.825 Y153.399
;TYPE:WALL-OUTER
G1 F1335.6 X155.487 Y153.383 E457.86382
G1 X155.133 Y153.329 E457.88049
G1 X154.822 Y153.251 E457.89542
G1 X154.505 Y153.137 E457.91111
G1 X154.203 Y152.995 E457.92665
G1 X153.905 Y152.816 E457.94283
G1 X153.619 Y152.602 E457.95947
G1 X153.385 Y152.39 E457.97417
G1 X153.162 Y152.143 E457.98966
G1 X152.958 Y151.869 E458.00557
G1 X152.778 Y151.568 E458.0219
G1 X152.638 Y151.27 E458.03723
G1 X152.524 Y150.953 E458.05292
G1 X152.442 Y150.623 E458.06875
G1 X152.393 Y150.29 E458.08443
G1 X152.376 Y149.932 E458.10111
G1 X152.393 Y149.61 E458.11613
G1 X152.442 Y149.277 E458.1318
G1 X152.524 Y148.947 E458.14764
G1 X152.638 Y148.63 E458.16332
G1 X152.78 Y148.328 E458.17886
G1 X152.959 Y148.03 E458.19505
G1 X153.173 Y147.744 E458.21168
G1 X153.385 Y147.51 E458.22638
G1 X153.632 Y147.287 E458.24188
G1 X153.906 Y147.083 E458.25779
G1 X154.203 Y146.905 E458.27391
G1 X154.505 Y146.763 E458.28945
G1 X154.822 Y146.649 E458.30513
G1 X155.152 Y146.567 E458.32097
G1 X155.485 Y146.518 E458.33664
G1 X155.824 Y146.501 E458.35245
G1 X156.182 Y146.52 E458.36914
G1 X156.517 Y146.571 E458.38492
G1 X156.828 Y146.649 E458.39985
G1 X157.145 Y146.763 E458.41553
G1 X157.447 Y146.905 E458.43107
G1 X157.744 Y147.083 E458.4472
G1 X158.018 Y147.287 E458.4631
G1 X158.264 Y147.51 E458.47856
G1 X158.505 Y147.778 E458.49535
G1 X158.688 Y148.025 E458.50966
G1 X158.87 Y148.328 E458.52612
G1 X159.012 Y148.63 E458.54166
G1 X159.126 Y148.947 E458.55734
G1 X159.208 Y149.277 E458.57318
G1 X159.257 Y149.61 E458.58885
G1 X159.274 Y149.968 E458.60554
G1 X159.256 Y150.307 E458.62135
G1 X159.208 Y150.625 E458.63632
G1 X159.126 Y150.953 E458.65207
G1 X159.012 Y151.27 E458.66775
G1 X158.872 Y151.568 E458.68308
G1 X158.692 Y151.869 E458.69941
G1 X158.488 Y152.143 E458.71532
G1 X158.265 Y152.39 E458.73082
G1 X158.018 Y152.613 E458.74631
G1 X157.744 Y152.817 E458.76222
G1 X157.447 Y152.995 E458.77834
G1 X157.145 Y153.137 E458.79388
G1 X156.828 Y153.251 E458.80957
G1 X156.498 Y153.333 E458.8254
G1 X156.165 Y153.382 E458.84107
G1 X155.825 Y153.399 E458.85692
G0 F9000 X155.825 Y152.959
G0 X155.822 Y152.608
;TYPE:SKIN
G1 F1335.6 X155.557 Y152.595 E458.86928
G1 X155.286 Y152.553 E458.88205
G1 X155.054 Y152.495 E458.89318
G1 X154.809 Y152.407 E458.9053
G1 X154.574 Y152.296 E458.91741
G1 X154.342 Y152.157 E458.93
G1 X154.121 Y151.992 E458.94284
G1 X153.95 Y151.838 E458.95356
G1 X153.769 Y151.637 E458.96615
G1 X153.615 Y151.43 E458.97817
G1 X153.478 Y151.199 E458.99067
G1 X153.368 Y150.966 E459.00267
G1 X153.28 Y150.724 E459.01466
G1 X153.219 Y150.475 E459.0266
G1 X153.182 Y150.219 E459.03864
G1 X153.168 Y149.927 E459.05225
G1 X153.181 Y149.686 E459.06349
G1 X153.218 Y149.43 E459.07554
G1 X153.28 Y149.176 E459.08771
G1 X153.368 Y148.934 E459.0997
G1 X153.479 Y148.699 E459.1118
G1 X153.618 Y148.467 E459.1244
G1 X153.783 Y148.246 E459.13724
G1 X153.935 Y148.077 E459.14782
G1 X154.138 Y147.894 E459.16055
G1 X154.336 Y147.747 E459.17203
G1 X154.582 Y147.6 E459.18538
G1 X154.809 Y147.493 E459.19706
G1 X155.051 Y147.405 E459.20905
G1 X155.301 Y147.344 E459.22104
G1 X155.565 Y147.306 E459.23346
G1 X155.822 Y147.293 E459.24544
G1 X156.104 Y147.308 E459.25859
G1 X156.363 Y147.346 E459.27078
G1 X156.596 Y147.405 E459.28197
G1 X156.841 Y147.493 E459.29409
G1 X157.068 Y147.6 E459.30578
G1 X157.308 Y147.743 E459.31878
G1 X157.522 Y147.903 E459.33123
G1 X157.702 Y148.065 E459.3425
G1 X157.89 Y148.274 E459.35559
G1 X158.033 Y148.468 E459.36681
G1 X158.171 Y148.699 E459.37934
G1 X158.282 Y148.934 E459.39145
G1 X158.37 Y149.176 E459.40344
G1 X158.431 Y149.425 E459.41537
G1 X158.468 Y149.675 E459.42714
G1 X158.483 Y149.975 E459.44113
G1 X158.471 Y150.217 E459.45241
G1 X158.429 Y150.486 E459.46509
G1 X158.372 Y150.717 E459.47617
G1 X158.282 Y150.966 E459.4885
G1 X158.172 Y151.199 E459.50049
G1 X158.035 Y151.43 E459.513
G1 X157.881 Y151.637 E459.52501
G1 X157.706 Y151.831 E459.53718
G1 X157.512 Y152.006 E459.54934
G1 X157.314 Y152.153 E459.56083
G1 X157.068 Y152.3 E459.57417
G1 X156.841 Y152.407 E459.58586
G1 X156.599 Y152.495 E459.59785
G1 X156.35 Y152.556 E459.60978
G1 X156.094 Y152.593 E459.62183
G1 X155.822 Y152.608 E459.63451
G0 F9000 X155.809 Y152.887
G0 X156.923 Y152.61
G0 X157.66 Y152.167
G0 X158.114 Y151.664
G0 X158.652 Y150.744
G0 X158.225 Y150.638
G1 F1335.6 X156.511 Y152.352 E459.74738
G0 F9000 X155.852 Y152.445
G1 F1335.6 X158.321 Y149.977 E459.90994
G0 F9000 X158.273 Y149.459
G1 F1335.6 X155.334 Y152.398 E460.10348
G0 F9000 X154.897 Y152.269
G1 F1335.6 X158.143 Y149.024 E460.3172
G0 F9000 X157.952 Y148.649
G1 F1335.6 X154.522 Y152.078 E460.54304
G0 F9000 X154.193 Y151.842
G1 F1335.6 X157.714 Y148.321 E460.7749
G0 F9000 X157.432 Y148.037
G1 F1335.6 X153.913 Y151.557 E461.00667
G0 F9000 X153.679 Y151.225
G1 F1335.6 X157.099 Y147.805 E461.23188
G0 F9000 X156.719 Y147.619
G1 F1335.6 X153.493 Y150.844 E461.44428
G0 F9000 X153.37 Y150.402
G1 F1335.6 X156.277 Y147.495 E461.63571
G0 F9000 X155.75 Y147.456
G1 F1335.6 X153.331 Y149.876 E461.79504
G0 F9000 X153.441 Y149.2
G1 F1335.6 X155.074 Y147.566 E461.90261
G0 F9000 X154.957 Y147.239
G1 F2700 E456.90261
G0 F9000 X154.929 Y147.152
G0 X154.084 Y147.674
G0 X152.734 Y149.011
G0 X151.682 Y148.749
G0 X148.305 Y151.203
G0 X147.159 Y151.186
G0 X145.785 Y152.337
G0 X145.347 Y152.544
G0 X144.174 Y152.998
;TYPE:WALL-INNER
G1 F2700 E461.90261
G1 F1335.6 X143.877 Y152.984 E461.91646
G1 X143.558 Y152.936 E461.93148
G1 X143.271 Y152.862 E461.94528
G1 X143.009 Y152.768 E461.95824
G1 X142.743 Y152.642 E461.97195
G1 X142.48 Y152.485 E461.98621
G1 X142.235 Y152.302 E462.00045
G1 X142.015 Y152.103 E462.01426
G1 X141.805 Y151.869 E462.0289
G1 X141.648 Y151.657 E462.04118
G1 X141.481 Y151.378 E462.05633
G1 X141.356 Y151.113 E462.06997
G1 X141.257 Y150.839 E462.08353
G1 X141.186 Y150.551 E462.09735
G1 X141.142 Y150.254 E462.11133
G1 X141.127 Y149.925 E462.12666
G1 X141.143 Y149.633 E462.14028
G1 X141.187 Y149.341 E462.15403
G1 X141.258 Y149.059 E462.16757
G1 X141.356 Y148.787 E462.18103
G1 X141.483 Y148.518 E462.19489
G1 X141.64 Y148.255 E462.20915
G1 X141.823 Y148.01 E462.22339
G1 X142.018 Y147.793 E462.23697
G1 X142.235 Y147.598 E462.25056
G1 X142.48 Y147.415 E462.2648
G1 X142.743 Y147.258 E462.27906
G1 X143.012 Y147.131 E462.29291
G1 X143.286 Y147.032 E462.30648
G1 X143.574 Y146.961 E462.32029
G1 X143.882 Y146.916 E462.33478
G1 X144.173 Y146.901 E462.34835
G1 X144.491 Y146.918 E462.36318
G1 X144.784 Y146.962 E462.37697
G1 X145.066 Y147.033 E462.39052
G1 X145.338 Y147.131 E462.40398
G1 X145.607 Y147.258 E462.41783
G1 X145.87 Y147.415 E462.43209
G1 X146.115 Y147.598 E462.44633
G1 X146.332 Y147.793 E462.45992
G1 X146.527 Y148.01 E462.4735
G1 X146.71 Y148.255 E462.48774
G1 X146.867 Y148.518 E462.502
G1 X146.994 Y148.787 E462.51585
G1 X147.093 Y149.061 E462.52942
G1 X147.164 Y149.349 E462.54323
G1 X147.208 Y149.646 E462.55721
G1 X147.223 Y149.976 E462.57259
G1 X147.209 Y150.243 E462.58504
G1 X147.164 Y150.551 E462.59954
G1 X147.093 Y150.839 E462.61335
G1 X146.994 Y151.113 E462.62692
G1 X146.867 Y151.383 E462.64081
G1 X146.713 Y151.641 E462.6548
G1 X146.527 Y151.89 E462.66927
G1 X146.328 Y152.11 E462.68309
G1 X146.098 Y152.317 E462.6975
G1 X145.882 Y152.477 E462.71001
G1 X145.607 Y152.642 E462.72494
G1 X145.338 Y152.769 E462.7388
G1 X145.064 Y152.868 E462.75236
G1 X144.776 Y152.939 E462.76617
G1 X144.479 Y152.983 E462.78015
G1 X144.174 Y152.998 E462.79437
G0 F9000 X144.175 Y153.399
;TYPE:WALL-OUTER
G1 F1335.6 X143.837 Y153.383 E462.81013
G1 X143.486 Y153.33 E462.82666
G1 X143.152 Y153.244 E462.84272
G1 X142.855 Y153.137 E462.85742
G1 X142.553 Y152.995 E462.87296
G1 X142.256 Y152.817 E462.88908
G1 X141.982 Y152.613 E462.90499
G1 X141.736 Y152.39 E462.92045
G1 X141.495 Y152.122 E462.93723
G1 X141.312 Y151.875 E462.95155
G1 X141.128 Y151.568 E462.96821
G1 X140.988 Y151.27 E462.98354
G1 X140.874 Y150.953 E462.99923
G1 X140.792 Y150.623 E463.01506
G1 X140.743 Y150.29 E463.03074
G1 X140.726 Y149.932 E463.04742
G1 X140.745 Y149.592 E463.06328
G1 X140.796 Y149.258 E463.07901
G1 X140.874 Y148.947 E463.09394
G1 X140.988 Y148.63 E463.10963
G1 X141.13 Y148.328 E463.12517
G1 X141.308 Y148.031 E463.14129
G1 X141.512 Y147.757 E463.1572
G1 X141.735 Y147.51 E463.17269
G1 X141.982 Y147.287 E463.18819
G1 X142.256 Y147.083 E463.2041
G1 X142.553 Y146.905 E463.22022
G1 X142.855 Y146.763 E463.23576
G1 X143.172 Y146.649 E463.25144
G1 X143.502 Y146.567 E463.26728
G1 X143.835 Y146.518 E463.28295
G1 X144.174 Y146.501 E463.29876
G1 X144.532 Y146.52 E463.31545
G1 X144.867 Y146.571 E463.33123
G1 X145.178 Y146.649 E463.34616
G1 X145.495 Y146.763 E463.36184
G1 X145.797 Y146.905 E463.37738
G1 X146.094 Y147.083 E463.39351
G1 X146.368 Y147.287 E463.40941
G1 X146.615 Y147.51 E463.42491
G1 X146.838 Y147.757 E463.4404
G1 X147.042 Y148.031 E463.45631
G1 X147.22 Y148.328 E463.47243
G1 X147.362 Y148.63 E463.48797
G1 X147.476 Y148.947 E463.50366
G1 X147.558 Y149.277 E463.51949
G1 X147.607 Y149.61 E463.53517
G1 X147.624 Y149.968 E463.55185
G1 X147.607 Y150.29 E463.56687
G1 X147.558 Y150.623 E463.58254
G1 X147.476 Y150.953 E463.59838
G1 X147.362 Y151.27 E463.61406
G1 X147.222 Y151.568 E463.62939
G1 X147.042 Y151.869 E463.64572
G1 X146.838 Y152.143 E463.66163
G1 X146.615 Y152.389 E463.67709
G1 X146.347 Y152.63 E463.69387
G1 X146.1 Y152.813 E463.70819
G1 X145.797 Y152.995 E463.72465
G1 X145.495 Y153.137 E463.74019
G1 X145.178 Y153.251 E463.75587
G1 X144.848 Y153.333 E463.77171
G1 X144.515 Y153.382 E463.78738
G1 X144.175 Y153.399 E463.80323
G0 F9000 X144.175 Y152.959
G0 X144.172 Y152.608
;TYPE:SKIN
G1 F1335.6 X143.914 Y152.595 E463.81526
G1 X143.638 Y152.554 E463.82825
G1 X143.381 Y152.487 E463.84062
G1 X143.167 Y152.411 E463.85119
G1 X142.92 Y152.293 E463.86394
G1 X142.696 Y152.16 E463.87607
G1 X142.478 Y151.997 E463.88874
G1 X142.297 Y151.833 E463.90012
G1 X142.109 Y151.624 E463.91321
G1 X141.974 Y151.442 E463.92376
G1 X141.822 Y151.187 E463.93758
G1 X141.718 Y150.966 E463.94896
G1 X141.63 Y150.724 E463.96095
G1 X141.568 Y150.47 E463.97312
G1 X141.531 Y150.216 E463.98507
G1 X141.518 Y149.929 E463.99845
G1 X141.533 Y149.67 E464.01053
G1 X141.571 Y149.413 E464.02263
G1 X141.631 Y149.174 E464.0341
G1 X141.718 Y148.934 E464.04599
G1 X141.825 Y148.707 E464.05767
G1 X141.972 Y148.461 E464.07102
G1 X142.119 Y148.263 E464.0825
G1 X142.294 Y148.069 E464.09467
G1 X142.488 Y147.894 E464.10683
G1 X142.686 Y147.747 E464.11832
G1 X142.932 Y147.6 E464.13166
G1 X143.159 Y147.493 E464.14335
G1 X143.401 Y147.405 E464.15534
G1 X143.651 Y147.344 E464.16732
G1 X143.915 Y147.306 E464.17974
G1 X144.172 Y147.293 E464.19172
G1 X144.454 Y147.308 E464.20487
G1 X144.713 Y147.346 E464.21706
G1 X144.946 Y147.405 E464.22825
G1 X145.191 Y147.493 E464.24037
G1 X145.418 Y147.6 E464.25206
G1 X145.664 Y147.747 E464.2654
G1 X145.862 Y147.894 E464.27689
G1 X146.056 Y148.069 E464.28905
G1 X146.231 Y148.263 E464.30122
G1 X146.378 Y148.461 E464.3127
G1 X146.525 Y148.707 E464.32604
G1 X146.632 Y148.934 E464.33773
G1 X146.719 Y149.174 E464.34962
G1 X146.782 Y149.43 E464.36189
G1 X146.818 Y149.68 E464.37365
G1 X146.832 Y149.973 E464.38731
G1 X146.82 Y150.205 E464.39813
G1 X146.782 Y150.47 E464.4106
G1 X146.72 Y150.724 E464.42277
G1 X146.632 Y150.966 E464.43476
G1 X146.522 Y151.198 E464.44672
G1 X146.388 Y151.425 E464.45899
G1 X146.222 Y151.647 E464.4719
G1 X146.06 Y151.826 E464.48314
G1 X145.853 Y152.013 E464.49613
G1 X145.661 Y152.155 E464.50725
G1 X145.426 Y152.296 E464.52001
G1 X145.193 Y152.406 E464.53201
G1 X144.949 Y152.495 E464.5441
G1 X144.7 Y152.556 E464.55604
G1 X144.444 Y152.593 E464.56808
G1 X144.172 Y152.608 E464.58077
G0 F9000 X144.159 Y152.887
G0 X145.273 Y152.61
G0 X145.922 Y152.223
G0 X146.688 Y151.468
G0 X146.308 Y151.241
G1 F1335.6 X145.463 Y152.086 E464.63641
G0 F9000 X144.572 Y152.411
G1 F1335.6 X146.636 Y150.347 E464.77233
G0 F9000 X146.661 Y149.758
G1 F1335.6 X143.981 Y152.437 E464.94878
G0 F9000 X143.501 Y152.351
G1 F1335.6 X146.578 Y149.274 E465.15141
G0 F9000 X146.422 Y148.865
G1 F1335.6 X143.09 Y152.196 E465.37079
G0 F9000 X142.733 Y151.988
G1 F1335.6 X146.213 Y148.508 E465.59995
G0 F9000 X145.956 Y148.199
G1 F1335.6 X142.424 Y151.732 E465.83258
G0 F9000 X142.163 Y151.427
G1 F1335.6 X145.653 Y147.937 E466.0624
G0 F9000 X145.303 Y147.721
G1 F1335.6 X141.948 Y151.076 E466.28333
G0 F9000 X141.784 Y150.675
G1 F1335.6 X144.901 Y147.558 E466.48859
G0 F9000 X144.426 Y147.467
G1 F1335.6 X141.691 Y150.202 E466.66869
G0 F9000 X141.702 Y149.625
G1 F1335.6 X143.852 Y147.475 E466.81028
G0 F9000 X143.034 Y147.728
G1 F1335.6 X141.954 Y148.807 E466.88136
G0 F9000 X141.637 Y148.657
G1 F2700 E461.88136
;MESH:NONMESH
G0 F300 X141.637 Y148.657 Z19.32
G0 F9000 X141.558 Y148.619
G0 X142.34 Y147.733
G0 X143.077 Y147.29
G0 X143.898 Y147.087
G0 X144.75 Y147.129
G0 X145.529 Y147.41
G0 X146.212 Y147.913
G0 X146.715 Y148.596
G0 X146.941 Y149.23
G0 X147.266 Y150.889
G0 X148.318 Y151.151
G0 X152.216 Y152.313
G0 X153.146 Y151.755
G0 X154.568 Y152.524
G0 X155.834 Y152.998
;TIME_ELAPSED:892.963986
;LAYER:68
;TYPE:WALL-INNER
;MESH:Shiny Hillar (2).stl
G1 F2700 E466.88136
G1 F1339.1 X155.53 Y152.984 E466.89553
G1 X155.23 Y152.941 E466.90965
G1 X154.934 Y152.867 E466.92385
G1 X154.667 Y152.771 E466.93706
G1 X154.38 Y152.635 E466.95185
G1 X154.127 Y152.482 E466.96562
G1 X153.878 Y152.296 E466.98009
G1 X153.675 Y152.113 E466.99282
G1 X153.456 Y151.868 E467.00812
G1 X153.294 Y151.651 E467.02073
G1 X153.128 Y151.373 E467.03581
G1 X153.004 Y151.108 E467.04943
G1 X152.907 Y150.839 E467.06275
G1 X152.836 Y150.551 E467.07656
G1 X152.792 Y150.253 E467.09058
G1 X152.777 Y149.928 E467.10573
G1 X152.791 Y149.657 E467.11837
G1 X152.835 Y149.352 E467.13272
G1 X152.909 Y149.058 E467.14684
G1 X153.017 Y148.761 E467.16155
G1 X153.134 Y148.516 E467.17419
G1 X153.295 Y148.248 E467.18875
G1 X153.479 Y148.003 E467.20302
G1 X153.66 Y147.802 E467.21561
G1 X153.907 Y147.581 E467.23105
G1 X154.124 Y147.419 E467.24366
G1 X154.393 Y147.258 E467.25825
G1 X154.653 Y147.136 E467.27163
G1 X154.955 Y147.029 E467.28655
G1 X155.227 Y146.96 E467.29961
G1 X155.521 Y146.917 E467.31345
G1 X155.826 Y146.902 E467.32767
G1 X156.144 Y146.917 E467.34249
G1 X156.431 Y146.962 E467.35602
G1 X156.716 Y147.033 E467.3697
G1 X156.983 Y147.129 E467.38291
G1 X157.267 Y147.263 E467.39753
G1 X157.531 Y147.422 E467.41188
G1 X157.753 Y147.588 E467.42479
G1 X157.985 Y147.799 E467.43939
G1 X158.194 Y148.031 E467.45393
G1 X158.356 Y148.249 E467.46658
G1 X158.515 Y148.515 E467.48101
G1 X158.642 Y148.784 E467.49486
G1 X158.743 Y149.064 E467.50872
G1 X158.814 Y149.349 E467.5224
G1 X158.858 Y149.647 E467.53642
G1 X158.874 Y149.972 E467.55157
G1 X158.859 Y150.249 E467.56449
G1 X158.814 Y150.551 E467.57871
G1 X158.743 Y150.837 E467.59243
G1 X158.64 Y151.12 E467.60645
G1 X158.512 Y151.392 E467.62045
G1 X158.352 Y151.657 E467.63487
G1 X158.195 Y151.868 E467.64711
G1 X157.965 Y152.121 E467.66303
G1 X157.765 Y152.302 E467.67559
G1 X157.52 Y152.485 E467.68983
G1 X157.257 Y152.642 E467.7041
G1 X156.988 Y152.769 E467.71795
G1 X156.716 Y152.867 E467.73141
G1 X156.419 Y152.941 E467.74566
G1 X156.112 Y152.984 E467.7601
G1 X155.834 Y152.998 E467.77306
G0 F9000 X155.825 Y153.399
;TYPE:WALL-OUTER
G1 F1339.1 X155.498 Y153.383 E467.7883
G1 X155.153 Y153.334 E467.80453
G1 X154.822 Y153.251 E467.82042
G1 X154.505 Y153.137 E467.8361
G1 X154.196 Y152.991 E467.85202
G1 X153.901 Y152.813 E467.86806
G1 X153.623 Y152.605 E467.88423
G1 X153.391 Y152.395 E467.8988
G1 X153.145 Y152.121 E467.91595
G1 X152.962 Y151.875 E467.93022
G1 X152.778 Y151.568 E467.94689
G1 X152.638 Y151.27 E467.96222
G1 X152.524 Y150.953 E467.97791
G1 X152.442 Y150.623 E467.99374
G1 X152.393 Y150.29 E468.00941
G1 X152.376 Y149.936 E468.02592
G1 X152.393 Y149.61 E468.04112
G1 X152.442 Y149.277 E468.05679
G1 X152.527 Y148.938 E468.07306
G1 X152.645 Y148.614 E468.08912
G1 X152.784 Y148.321 E468.10422
G1 X152.962 Y148.025 E468.1203
G1 X153.17 Y147.748 E468.13643
G1 X153.378 Y147.518 E468.15087
G1 X153.654 Y147.27 E468.16815
G1 X153.9 Y147.087 E468.18243
G1 X154.203 Y146.905 E468.19889
G1 X154.499 Y146.766 E468.21411
G1 X154.841 Y146.645 E468.231
G1 X155.152 Y146.567 E468.24593
G1 X155.485 Y146.518 E468.26161
G1 X155.825 Y146.501 E468.27746
G1 X156.177 Y146.518 E468.29387
G1 X156.513 Y146.57 E468.3097
G1 X156.828 Y146.649 E468.32482
G1 X157.145 Y146.763 E468.34051
G1 X157.454 Y146.909 E468.35642
G1 X157.755 Y147.09 E468.37278
G1 X158.006 Y147.277 E468.38735
G1 X158.27 Y147.518 E468.404
G1 X158.505 Y147.779 E468.42035
G1 X158.688 Y148.025 E468.43463
G1 X158.87 Y148.328 E468.45109
G1 X159.01 Y148.625 E468.46637
G1 X159.126 Y148.946 E468.48227
G1 X159.208 Y149.277 E468.49815
G1 X159.257 Y149.61 E468.51382
G1 X159.274 Y149.963 E468.53028
G1 X159.257 Y150.298 E468.54589
G1 X159.208 Y150.625 E468.56129
G1 X159.126 Y150.953 E468.57703
G1 X159.008 Y151.279 E468.59318
G1 X158.866 Y151.579 E468.60863
G1 X158.688 Y151.875 E468.62472
G1 X158.498 Y152.131 E468.63956
G1 X158.25 Y152.403 E468.6567
G1 X158.018 Y152.613 E468.67127
G1 X157.744 Y152.817 E468.68718
G1 X157.447 Y152.995 E468.7033
G1 X157.145 Y153.137 E468.71884
G1 X156.828 Y153.251 E468.73453
G1 X156.497 Y153.334 E468.75042
G1 X156.153 Y153.382 E468.76659
G1 X155.825 Y153.399 E468.78188
G0 F9000 X155.825 Y152.959
G0 X155.832 Y152.608
;TYPE:SKIN
G1 F1339.1 X155.561 Y152.594 E468.79452
G1 X155.304 Y152.558 E468.8066
G1 X155.05 Y152.494 E468.8188
G1 X154.825 Y152.414 E468.82992
G1 X154.55 Y152.283 E468.8441
G1 X154.35 Y152.161 E468.85501
G1 X154.131 Y151.998 E468.86772
G1 X153.941 Y151.826 E468.87966
G1 X153.762 Y151.626 E468.89216
G1 X153.619 Y151.434 E468.9033
G1 X153.473 Y151.189 E468.91658
G1 X153.366 Y150.961 E468.92831
G1 X153.28 Y150.724 E468.94005
G1 X153.219 Y150.475 E468.95199
G1 X153.181 Y150.214 E468.96427
G1 X153.167 Y149.93 E468.97751
G1 X153.181 Y149.685 E468.98894
G1 X153.219 Y149.425 E469.00117
G1 X153.281 Y149.177 E469.01308
G1 X153.382 Y148.899 E469.02685
G1 X153.472 Y148.71 E469.0366
G1 X153.618 Y148.468 E469.04976
G1 X153.776 Y148.256 E469.06207
G1 X153.94 Y148.075 E469.07344
G1 X154.149 Y147.887 E469.08653
G1 X154.34 Y147.744 E469.09764
G1 X154.577 Y147.603 E469.11048
G1 X154.8 Y147.499 E469.12194
G1 X155.072 Y147.402 E469.13539
G1 X155.302 Y147.344 E469.14643
G1 X155.556 Y147.307 E469.15838
G1 X155.828 Y147.292 E469.17107
G1 X156.101 Y147.305 E469.1838
G1 X156.367 Y147.348 E469.19634
G1 X156.592 Y147.403 E469.20713
G1 X156.836 Y147.491 E469.21921
G1 X157.086 Y147.609 E469.23208
G1 X157.318 Y147.749 E469.2447
G1 X157.5 Y147.885 E469.25527
G1 X157.707 Y148.073 E469.2683
G1 X157.891 Y148.279 E469.28116
G1 X158.032 Y148.466 E469.29206
G1 X158.171 Y148.699 E469.3047
G1 X158.28 Y148.931 E469.31663
G1 X158.373 Y149.188 E469.32936
G1 X158.428 Y149.409 E469.33996
G1 X158.468 Y149.682 E469.35281
G1 X158.483 Y149.97 E469.36624
G1 X158.47 Y150.207 E469.37729
G1 X158.43 Y150.482 E469.39023
G1 X158.37 Y150.724 E469.40184
G1 X158.283 Y150.962 E469.41364
G1 X158.166 Y151.21 E469.42641
G1 X158.026 Y151.444 E469.43911
G1 X157.903 Y151.608 E469.44865
G1 X157.68 Y151.854 E469.46411
G1 X157.522 Y151.997 E469.47404
G1 X157.309 Y152.156 E469.48641
G1 X157.068 Y152.3 E469.49949
G1 X156.844 Y152.406 E469.51102
G1 X156.595 Y152.496 E469.52335
G1 X156.347 Y152.557 E469.53525
G1 X156.083 Y152.594 E469.54766
G1 X155.832 Y152.608 E469.55936
G0 F9000 X155.819 Y152.886
G0 X154.732 Y152.612
G0 X153.987 Y152.164
G0 X153.49 Y151.615
G0 X152.982 Y150.684
G0 X153.408 Y150.579
G1 F1339.1 X155.192 Y152.364 E469.67688
G0 F9000 X155.84 Y152.446
G1 F1339.1 X153.327 Y149.933 E469.84236
G0 F9000 X153.383 Y149.423
G1 F1339.1 X156.349 Y152.389 E470.03768
G0 F9000 X156.782 Y152.257
G1 F1339.1 X153.516 Y148.99 E470.25278
G0 F9000 X153.711 Y148.62
G1 F1339.1 X157.152 Y152.061 E470.47938
G0 F9000 X157.476 Y151.82
G1 F1339.1 X153.953 Y148.296 E470.71141
G0 F9000 X154.242 Y148.02
G1 F1339.1 X157.755 Y151.532 E470.94271
G0 F9000 X157.986 Y151.197
G1 F1339.1 X154.577 Y147.789 E471.16717
G0 F9000 X154.963 Y147.609
G1 F1339.1 X158.167 Y150.813 E471.37816
G0 F9000 X158.285 Y150.365
G1 F1339.1 X155.41 Y147.49 E471.56748
G0 F9000 X155.943 Y147.458
G1 F1339.1 X158.314 Y149.828 E471.72358
G0 F9000 X158.181 Y149.13
G1 F1339.1 X156.643 Y147.592 E471.82486
G0 F9000 X156.763 Y147.262
G1 F2700 E466.82486
G0 F9000 X156.795 Y147.179
G0 X155.826 Y147.072
G0 X155 Y147.194
G0 X154.22 Y147.56
G0 X153.671 Y148.058
G0 X152.612 Y149.629
G0 X151.527 Y149.573
G0 X148.3 Y151.217
G0 X147.159 Y151.186
G0 X145.779 Y152.341
G0 X145.345 Y152.546
G0 X144.174 Y152.998
;TYPE:WALL-INNER
G1 F2700 E471.82486
G1 F1339.1 X143.868 Y152.984 E471.83912
G1 X143.573 Y152.939 E471.85302
G1 X143.273 Y152.863 E471.86743
G1 X143.014 Y152.769 E471.88026
G1 X142.733 Y152.637 E471.89472
G1 X142.469 Y152.478 E471.90907
G1 X142.243 Y152.309 E471.92221
G1 X142.013 Y152.099 E471.93671
G1 X141.806 Y151.869 E471.95112
G1 X141.644 Y151.651 E471.96376
G1 X141.478 Y151.373 E471.97884
G1 X141.356 Y151.113 E471.99221
G1 X141.257 Y150.839 E472.00578
G1 X141.186 Y150.551 E472.01959
G1 X141.142 Y150.253 E472.03362
G1 X141.127 Y149.929 E472.04872
G1 X141.142 Y149.634 E472.06248
G1 X141.187 Y149.344 E472.07614
G1 X141.256 Y149.067 E472.08943
G1 X141.363 Y148.773 E472.104
G1 X141.488 Y148.508 E472.11765
G1 X141.647 Y148.244 E472.132
G1 X141.816 Y148.018 E472.14514
G1 X142.034 Y147.779 E472.1602
G1 X142.235 Y147.598 E472.17279
G1 X142.48 Y147.415 E472.18703
G1 X142.743 Y147.258 E472.2013
G1 X143.003 Y147.136 E472.21467
G1 X143.305 Y147.029 E472.22959
G1 X143.577 Y146.96 E472.24265
G1 X143.871 Y146.917 E472.25649
G1 X144.176 Y146.902 E472.27071
G1 X144.494 Y146.917 E472.28553
G1 X144.781 Y146.962 E472.29906
G1 X145.058 Y147.031 E472.31235
G1 X145.357 Y147.14 E472.32717
G1 X145.607 Y147.258 E472.34004
G1 X145.87 Y147.415 E472.35431
G1 X146.115 Y147.598 E472.36855
G1 X146.323 Y147.785 E472.38157
G1 X146.544 Y148.032 E472.397
G1 X146.706 Y148.249 E472.40961
G1 X146.865 Y148.515 E472.42404
G1 X146.992 Y148.783 E472.43785
G1 X147.093 Y149.065 E472.4518
G1 X147.164 Y149.348 E472.46539
G1 X147.208 Y149.646 E472.47941
G1 X147.223 Y149.972 E472.49461
G1 X147.209 Y150.243 E472.50725
G1 X147.165 Y150.548 E472.52159
G1 X147.089 Y150.85 E472.5361
G1 X146.994 Y151.111 E472.54903
G1 X146.862 Y151.392 E472.56348
G1 X146.702 Y151.657 E472.5779
G1 X146.541 Y151.874 E472.59048
G1 X146.324 Y152.112 E472.60548
G1 X146.094 Y152.319 E472.61989
G1 X145.876 Y152.481 E472.63253
G1 X145.607 Y152.642 E472.64713
G1 X145.338 Y152.769 E472.66098
G1 X145.064 Y152.868 E472.67455
G1 X144.776 Y152.939 E472.68836
G1 X144.479 Y152.983 E472.70234
G1 X144.174 Y152.998 E472.71656
G0 F9000 X144.175 Y153.399
;TYPE:WALL-OUTER
G1 F1339.1 X143.837 Y153.383 E472.73232
G1 X143.487 Y153.33 E472.7488
G1 X143.159 Y153.247 E472.76455
G1 X142.855 Y153.137 E472.77961
G1 X142.546 Y152.991 E472.79552
G1 X142.245 Y152.81 E472.81188
G1 X141.993 Y152.622 E472.82652
G1 X141.728 Y152.38 E472.84323
G1 X141.495 Y152.121 E472.85945
G1 X141.312 Y151.875 E472.87373
G1 X141.128 Y151.568 E472.89039
G1 X140.988 Y151.27 E472.90572
G1 X140.874 Y150.953 E472.92141
G1 X140.792 Y150.623 E472.93724
G1 X140.743 Y150.29 E472.95292
G1 X140.726 Y149.937 E472.96937
G1 X140.744 Y149.592 E472.98546
G1 X140.795 Y149.262 E473.00101
G1 X140.874 Y148.947 E473.01613
G1 X140.994 Y148.617 E473.03248
G1 X141.134 Y148.321 E473.04773
G1 X141.315 Y148.02 E473.06408
G1 X141.502 Y147.769 E473.07866
G1 X141.752 Y147.495 E473.09593
G1 X141.982 Y147.287 E473.11037
G1 X142.256 Y147.083 E473.12627
G1 X142.553 Y146.905 E473.1424
G1 X142.849 Y146.766 E473.15762
G1 X143.191 Y146.645 E473.17452
G1 X143.502 Y146.567 E473.18945
G1 X143.835 Y146.518 E473.20512
G1 X144.175 Y146.501 E473.22097
G1 X144.527 Y146.518 E473.23738
G1 X144.863 Y146.57 E473.25321
G1 X145.178 Y146.649 E473.26833
G1 X145.508 Y146.769 E473.28468
G1 X145.797 Y146.905 E473.29956
G1 X146.094 Y147.083 E473.31568
G1 X146.368 Y147.287 E473.33159
G1 X146.607 Y147.503 E473.34659
G1 X146.855 Y147.779 E473.36386
G1 X147.038 Y148.025 E473.37814
G1 X147.22 Y148.328 E473.3946
G1 X147.36 Y148.625 E473.40989
G1 X147.476 Y148.947 E473.42583
G1 X147.558 Y149.277 E473.44166
G1 X147.607 Y149.608 E473.45724
G1 X147.624 Y149.964 E473.47384
G1 X147.607 Y150.29 E473.48904
G1 X147.558 Y150.623 E473.50471
G1 X147.472 Y150.966 E473.52117
G1 X147.362 Y151.27 E473.53623
G1 X147.216 Y151.579 E473.55214
G1 X147.038 Y151.875 E473.56823
G1 X146.848 Y152.131 E473.58307
G1 X146.605 Y152.397 E473.59985
G1 X146.346 Y152.63 E473.61607
G1 X146.1 Y152.813 E473.63035
G1 X145.797 Y152.995 E473.6468
G1 X145.495 Y153.137 E473.66234
G1 X145.178 Y153.251 E473.67803
G1 X144.848 Y153.333 E473.69386
G1 X144.515 Y153.382 E473.70954
G1 X144.175 Y153.399 E473.72539
G0 F9000 X144.175 Y152.959
G0 X144.172 Y152.608
;TYPE:SKIN
G1 F1339.1 X143.907 Y152.595 E473.73774
G1 X143.646 Y152.555 E473.75004
G1 X143.391 Y152.491 E473.76228
G1 X143.161 Y152.407 E473.77368
G1 X142.914 Y152.291 E473.78639
G1 X142.682 Y152.151 E473.799
G1 X142.496 Y152.013 E473.80979
G1 X142.291 Y151.825 E473.82274
G1 X142.108 Y151.62 E473.83554
G1 X141.968 Y151.434 E473.84638
G1 X141.823 Y151.189 E473.85963
G1 X141.718 Y150.966 E473.87111
G1 X141.63 Y150.724 E473.8831
G1 X141.568 Y150.47 E473.89528
G1 X141.531 Y150.216 E473.90723
G1 X141.517 Y149.931 E473.92051
G1 X141.531 Y149.673 E473.93255
G1 X141.573 Y149.404 E473.94522
G1 X141.63 Y149.178 E473.95608
G1 X141.72 Y148.931 E473.96832
G1 X141.834 Y148.689 E473.98077
G1 X141.974 Y148.457 E473.99339
G1 X142.113 Y148.27 E474.00424
G1 X142.303 Y148.063 E474.01732
G1 X142.493 Y147.891 E474.02926
G1 X142.691 Y147.743 E474.04077
G1 X142.927 Y147.603 E474.05355
G1 X143.15 Y147.499 E474.065
G1 X143.422 Y147.402 E474.07845
G1 X143.652 Y147.344 E474.0895
G1 X143.906 Y147.307 E474.10145
G1 X144.178 Y147.292 E474.11413
G1 X144.451 Y147.305 E474.12686
G1 X144.717 Y147.348 E474.13941
G1 X144.94 Y147.403 E474.1501
G1 X145.208 Y147.501 E474.16339
G1 X145.414 Y147.598 E474.17399
G1 X145.664 Y147.747 E474.18754
G1 X146.046 Y148.061 E474.21057
G1 X146.245 Y148.283 E474.22445
G1 X146.381 Y148.465 E474.23503
G1 X146.516 Y148.692 E474.24733
G1 X146.637 Y148.946 E474.26043
G1 X146.718 Y149.172 E474.27161
G1 X146.779 Y149.415 E474.28327
G1 X146.818 Y149.681 E474.29579
G1 X146.833 Y149.97 E474.30927
G1 X146.82 Y150.205 E474.32023
G1 X146.782 Y150.47 E474.33269
G1 X146.716 Y150.737 E474.3455
G1 X146.637 Y150.953 E474.35621
G1 X146.516 Y151.211 E474.36948
G1 X146.383 Y151.432 E474.38149
G1 X146.237 Y151.629 E474.39291
G1 X146.05 Y151.834 E474.40583
G1 X145.846 Y152.016 E474.41856
G1 X145.659 Y152.157 E474.42946
G1 X145.426 Y152.296 E474.4421
G1 X145.191 Y152.407 E474.4542
G1 X144.949 Y152.495 E474.46619
G1 X144.7 Y152.556 E474.47812
G1 X144.444 Y152.593 E474.49017
G1 X144.172 Y152.608 E474.50285
G0 F9000 X144.159 Y152.887
G0 X143.08 Y152.611
G0 X142.354 Y152.178
G0 X142.032 Y151.826
G0 X141.479 Y151.115
G0 X141.878 Y150.929
G1 F1339.1 X143.193 Y152.244 E474.58945
G0 F9000 X143.95 Y152.435
G1 F1339.1 X141.687 Y150.173 E474.73844
G0 F9000 X141.7 Y149.62
G1 F1339.1 X144.501 Y152.421 E474.92289
G0 F9000 X144.963 Y152.317
G1 F1339.1 X141.806 Y149.159 E475.13082
G0 F9000 X141.975 Y148.763
G1 F1339.1 X145.359 Y152.147 E475.35366
G0 F9000 X145.701 Y151.924
G1 F1339.1 X142.198 Y148.421 E475.58434
G0 F9000 X142.469 Y148.126
G1 F1339.1 X145.997 Y151.653 E475.81663
G0 F9000 X146.25 Y151.341
G1 F1339.1 X142.782 Y147.873 E476.045
G0 F9000 X143.15 Y147.675
G1 F1339.1 X146.449 Y150.975 E476.26228
G0 F9000 X146.595 Y150.555
G1 F1339.1 X143.57 Y147.53 E476.46148
G0 F9000 X144.064 Y147.458
G1 F1339.1 X146.666 Y150.06 E476.63283
G0 F9000 X146.622 Y149.451
G1 F1339.1 X144.674 Y147.502 E476.76114
G0 F9000 X144.782 Y147.076
G0 X146.121 Y147.751
G0 X145.82 Y148.083
G1 F1339.1 X146.116 Y148.379 E476.78063
G0 F9000 X146.377 Y148.145
G1 F2700 E471.78063
;MESH:NONMESH
G0 F300 X146.377 Y148.145 Z19.6
G0 F9000 X146.445 Y148.087
G0 X147.388 Y149.624
G0 X148.472 Y149.572
G0 X151.821 Y151.553
G0 X152.841 Y151.186
G0 X154.219 Y152.338
G0 X154.653 Y152.545
G0 X155.833 Y152.998
;TIME_ELAPSED:907.053380
;LAYER:69
;TYPE:WALL-INNER
;MESH:Shiny Hillar (2).stl
G1 F2700 E476.78063
G1 F1329 X155.531 Y152.984 E476.79471
G1 X155.224 Y152.939 E476.80916
G1 X154.936 Y152.868 E476.82297
G1 X154.662 Y152.769 E476.83653
G1 X154.383 Y152.637 E476.85091
G1 X154.131 Y152.485 E476.86461
G1 X153.882 Y152.299 E476.87908
G1 X153.674 Y152.112 E476.89211
G1 X153.459 Y151.873 E476.90708
G1 X153.294 Y151.651 E476.91996
G1 X153.133 Y151.382 E476.93455
G1 X153.008 Y151.117 E476.9482
G1 X152.906 Y150.832 E476.96229
G1 X152.834 Y150.545 E476.97607
G1 X152.792 Y150.251 E476.9899
G1 X152.777 Y149.932 E477.00477
G1 X152.791 Y149.657 E477.01759
G1 X152.836 Y149.349 E477.03209
G1 X152.905 Y149.07 E477.04547
G1 X153.011 Y148.774 E477.06011
G1 X153.143 Y148.498 E477.07435
G1 X153.293 Y148.251 E477.08781
G1 X153.476 Y148.007 E477.10201
G1 X153.661 Y147.801 E477.1149
G1 X153.903 Y147.584 E477.13004
G1 X154.127 Y147.417 E477.14305
G1 X154.385 Y147.263 E477.15704
G1 X154.674 Y147.126 E477.17193
G1 X154.939 Y147.033 E477.18501
G1 X155.232 Y146.959 E477.19908
G1 X155.535 Y146.916 E477.21333
G1 X155.815 Y146.902 E477.22639
G1 X156.142 Y146.917 E477.24163
G1 X156.425 Y146.961 E477.25497
G1 X156.707 Y147.031 E477.2685
G1 X156.997 Y147.135 E477.28284
G1 X157.276 Y147.267 E477.29721
G1 X157.531 Y147.421 E477.31108
G1 X157.752 Y147.587 E477.32395
G1 X157.979 Y147.791 E477.33817
G1 X158.189 Y148.025 E477.35281
G1 X158.358 Y148.252 E477.36598
G1 X158.514 Y148.513 E477.38014
G1 X158.646 Y148.792 E477.39451
G1 X158.743 Y149.062 E477.40787
G1 X158.816 Y149.355 E477.42193
G1 X158.858 Y149.649 E477.43576
G1 X158.873 Y149.967 E477.45059
G1 X158.858 Y150.25 E477.46378
G1 X158.814 Y150.552 E477.47799
G1 X158.745 Y150.83 E477.49133
G1 X158.639 Y151.125 E477.50593
G1 X158.512 Y151.391 E477.51965
G1 X158.356 Y151.651 E477.53377
G1 X158.182 Y151.884 E477.54731
G1 X157.976 Y152.112 E477.56162
G1 X157.762 Y152.306 E477.57507
G1 X157.529 Y152.479 E477.58858
G1 X157.254 Y152.643 E477.60349
G1 X156.983 Y152.771 E477.61745
G1 X156.716 Y152.867 E477.63066
G1 X156.412 Y152.941 E477.64523
G1 X156.112 Y152.984 E477.65934
G1 X155.833 Y152.998 E477.67235
G0 F9000 X155.825 Y153.399
;TYPE:WALL-OUTER
G1 F1329 X155.495 Y153.383 E477.68773
G1 X155.152 Y153.333 E477.70387
G1 X154.822 Y153.251 E477.71971
G1 X154.505 Y153.137 E477.73539
G1 X154.195 Y152.991 E477.75135
G1 X153.905 Y152.816 E477.76712
G1 X153.627 Y152.608 E477.78329
G1 X153.391 Y152.395 E477.79809
G1 X153.148 Y152.125 E477.81501
G1 X152.962 Y151.875 E477.82952
G1 X152.778 Y151.568 E477.84618
G1 X152.637 Y151.269 E477.86157
G1 X152.524 Y150.953 E477.8772
G1 X152.441 Y150.622 E477.89309
G1 X152.393 Y150.283 E477.90903
G1 X152.376 Y149.941 E477.92498
G1 X152.393 Y149.61 E477.94041
G1 X152.442 Y149.277 E477.95608
G1 X152.524 Y148.947 E477.97192
G1 X152.639 Y148.626 E477.9878
G1 X152.787 Y148.315 E478.00383
G1 X152.962 Y148.025 E478.0196
G1 X153.167 Y147.752 E478.0355
G1 X153.378 Y147.518 E478.05017
G1 X153.65 Y147.273 E478.06722
G1 X153.9 Y147.087 E478.08173
G1 X154.203 Y146.906 E478.09816
G1 X154.516 Y146.758 E478.11429
G1 X154.827 Y146.648 E478.12965
G1 X155.153 Y146.566 E478.1453
G1 X155.492 Y146.518 E478.16124
G1 X155.825 Y146.501 E478.17677
G1 X156.172 Y146.518 E478.19294
G1 X156.508 Y146.569 E478.20877
G1 X156.828 Y146.649 E478.22413
G1 X157.141 Y146.761 E478.23961
G1 X157.468 Y146.916 E478.25646
G1 X157.751 Y147.087 E478.27185
G1 X158.012 Y147.282 E478.28703
G1 X158.263 Y147.509 E478.30278
G1 X158.502 Y147.775 E478.31944
G1 X158.688 Y148.025 E478.33394
G1 X158.869 Y148.328 E478.35038
G1 X159.015 Y148.638 E478.36633
G1 X159.126 Y148.946 E478.38158
G1 X159.209 Y149.278 E478.39751
G1 X159.257 Y149.617 E478.41346
G1 X159.274 Y149.958 E478.42936
G1 X159.256 Y150.299 E478.44526
G1 X159.208 Y150.623 E478.46051
G1 X159.126 Y150.953 E478.47634
G1 X159.011 Y151.274 E478.49222
G1 X158.864 Y151.583 E478.50815
G1 X158.688 Y151.875 E478.52403
G1 X158.493 Y152.137 E478.53924
G1 X158.259 Y152.395 E478.55545
G1 X158.019 Y152.613 E478.57055
G1 X157.744 Y152.817 E478.5865
G1 X157.447 Y152.994 E478.60259
G1 X157.137 Y153.14 E478.61855
G1 X156.827 Y153.252 E478.6339
G1 X156.492 Y153.334 E478.64996
G1 X156.156 Y153.382 E478.66576
G1 X155.825 Y153.399 E478.6812
G0 F9000 X155.825 Y152.959
G0 X155.831 Y152.608
;TYPE:SKIN
G1 F1329 X155.564 Y152.594 E478.69365
G1 X155.301 Y152.556 E478.70602
G1 X155.051 Y152.495 E478.718
G1 X154.814 Y152.409 E478.72974
G1 X154.56 Y152.289 E478.74282
G1 X154.351 Y152.162 E478.75421
G1 X154.129 Y151.996 E478.76712
G1 X153.951 Y151.836 E478.77826
G1 X153.762 Y151.626 E478.79142
G1 X153.621 Y151.438 E478.80236
G1 X153.475 Y151.193 E478.81564
G1 X153.367 Y150.964 E478.82743
G1 X153.278 Y150.715 E478.83974
G1 X153.217 Y150.47 E478.8515
G1 X153.182 Y150.22 E478.86325
G1 X153.167 Y149.934 E478.87659
G1 X153.181 Y149.685 E478.8882
G1 X153.22 Y149.417 E478.90081
G1 X153.278 Y149.184 E478.91199
G1 X153.37 Y148.928 E478.92466
G1 X153.486 Y148.684 E478.93724
G1 X153.617 Y148.469 E478.94896
G1 X153.777 Y148.257 E478.96133
G1 X153.94 Y148.074 E478.97274
G1 X154.15 Y147.886 E478.98587
G1 X154.348 Y147.739 E478.99735
G1 X154.565 Y147.61 E479.00911
G1 X154.827 Y147.486 E479.0226
G1 X155.051 Y147.407 E479.03366
G1 X155.31 Y147.341 E479.04611
G1 X155.564 Y147.306 E479.05805
G1 X155.817 Y147.292 E479.06985
G1 X156.099 Y147.305 E479.08299
G1 X156.362 Y147.347 E479.09539
G1 X156.587 Y147.402 E479.10618
G1 X156.843 Y147.494 E479.11884
G1 X157.099 Y147.615 E479.13203
G1 X157.502 Y147.888 E479.1547
G1 X157.703 Y148.067 E479.16723
G1 X157.891 Y148.277 E479.18035
G1 X158.027 Y148.459 E479.19093
G1 X158.164 Y148.689 E479.2034
G1 X158.289 Y148.95 E479.21687
G1 X158.37 Y149.177 E479.2281
G1 X158.432 Y149.426 E479.24004
G1 X158.468 Y149.675 E479.25176
G1 X158.482 Y149.963 E479.26519
G1 X158.468 Y150.217 E479.27703
G1 X158.431 Y150.477 E479.28926
G1 X158.373 Y150.712 E479.30053
G1 X158.277 Y150.981 E479.31383
G1 X158.174 Y151.197 E479.32497
G1 X158.036 Y151.428 E479.3375
G1 X157.876 Y151.641 E479.34991
G1 X157.701 Y151.837 E479.36214
G1 X157.516 Y152.004 E479.37375
G1 X157.313 Y152.155 E479.38553
G1 X157.075 Y152.296 E479.39841
G1 X156.833 Y152.41 E479.41087
G1 X156.604 Y152.493 E479.42221
G1 X156.337 Y152.558 E479.435
G1 X156.081 Y152.594 E479.44704
G1 X155.831 Y152.608 E479.4587
G0 F9000 X156.514 Y152.349
G1 F1329 X158.225 Y150.639 E479.57134
G0 F9000 X158.318 Y149.98
G1 F1329 X155.852 Y152.445 E479.7337
G0 F9000 X155.333 Y152.399
G1 F1329 X158.273 Y149.459 E479.9273
G0 F9000 X158.143 Y149.023
G1 F1329 X154.898 Y152.269 E480.14102
G0 F9000 X154.521 Y152.079
G1 F1329 X157.952 Y148.649 E480.36693
G0 F9000 X157.714 Y148.321
G1 F1329 X154.195 Y151.84 E480.59866
G0 F9000 X153.914 Y151.555
G1 F1329 X157.431 Y148.038 E480.83026
G0 F9000 X157.097 Y147.806
G1 F1329 X153.68 Y151.223 E481.05527
G0 F9000 X153.493 Y150.844
G1 F1329 X156.719 Y147.619 E481.26768
G0 F9000 X156.277 Y147.495
G1 F1329 X153.368 Y150.404 E481.45924
G0 F9000 X153.33 Y149.876
G1 F1329 X155.751 Y147.455 E481.61867
G0 F9000 X155.072 Y147.568
G1 F1329 X153.441 Y149.2 E481.72611
G0 F9000 X153.111 Y149.084
G1 F2700 E476.72611
G0 F9000 X153.029 Y149.054
G0 X152.612 Y149.628
G0 X151.527 Y149.573
G0 X148.305 Y151.203
G0 X147.165 Y151.173
G0 X145.777 Y152.342
G0 X145.346 Y152.546
G0 X144.175 Y152.998
;TYPE:WALL-INNER
G1 F2700 E481.72611
G1 F1329 X143.871 Y152.983 E481.74028
G1 X143.574 Y152.939 E481.75426
G1 X143.281 Y152.865 E481.76833
G1 X143 Y152.764 E481.78224
G1 X142.722 Y152.632 E481.79657
G1 X142.476 Y152.483 E481.80996
G1 X142.238 Y152.305 E481.8238
G1 X142.019 Y152.107 E481.83754
G1 X141.806 Y151.869 E481.85242
G1 X141.642 Y151.648 E481.86523
G1 X141.488 Y151.39 E481.87922
G1 X141.35 Y151.099 E481.89422
G1 X141.259 Y150.845 E481.90678
G1 X141.183 Y150.534 E481.92169
G1 X141.142 Y150.254 E481.93487
G1 X141.127 Y149.933 E481.94983
G1 X141.142 Y149.651 E481.96298
G1 X141.189 Y149.336 E481.97781
G1 X141.256 Y149.068 E481.99067
G1 X141.361 Y148.774 E482.00521
G1 X141.489 Y148.506 E482.01904
G1 X141.644 Y148.248 E482.03305
G1 X141.819 Y148.013 E482.0467
G1 X142.026 Y147.786 E482.061
G1 X142.238 Y147.594 E482.07432
G1 X142.471 Y147.421 E482.08783
G1 X142.742 Y147.259 E482.10254
G1 X143.021 Y147.128 E482.11689
G1 X143.298 Y147.029 E482.13058
G1 X143.58 Y146.96 E482.1441
G1 X143.871 Y146.917 E482.1578
G1 X144.175 Y146.902 E482.17197
G1 X144.492 Y146.917 E482.18675
G1 X144.775 Y146.961 E482.20009
G1 X145.057 Y147.031 E482.21362
G1 X145.35 Y147.136 E482.22811
G1 X145.614 Y147.261 E482.24171
G1 X145.866 Y147.412 E482.25539
G1 X146.115 Y147.598 E482.26986
G1 X146.324 Y147.786 E482.28295
G1 X146.538 Y148.024 E482.29786
G1 X146.708 Y148.252 E482.3111
G1 X146.864 Y148.513 E482.32526
G1 X146.996 Y148.792 E482.33963
G1 X147.095 Y149.067 E482.35324
G1 X147.164 Y149.347 E482.36667
G1 X147.208 Y149.647 E482.38079
G1 X147.223 Y149.967 E482.3957
G1 X147.209 Y150.243 E482.40857
G1 X147.164 Y150.551 E482.42306
G1 X147.095 Y150.83 E482.43645
G1 X146.99 Y151.122 E482.4509
G1 X146.859 Y151.399 E482.46516
G1 X146.708 Y151.648 E482.47872
G1 X146.532 Y151.884 E482.49243
G1 X146.334 Y152.104 E482.50621
G1 X146.097 Y152.316 E482.52102
G1 X145.873 Y152.483 E482.53403
G1 X145.612 Y152.639 E482.54819
G1 X145.333 Y152.771 E482.56256
G1 X145.066 Y152.867 E482.57577
G1 X144.763 Y152.941 E482.5903
G1 X144.479 Y152.983 E482.60367
G1 X144.175 Y152.998 E482.61784
G0 F9000 X144.175 Y153.399
;TYPE:WALL-OUTER
G1 F1329 X143.835 Y153.382 E482.63369
G1 X143.493 Y153.332 E482.64978
G1 X143.164 Y153.248 E482.6656
G1 X142.859 Y153.139 E482.68068
G1 X142.532 Y152.984 E482.69753
G1 X142.249 Y152.813 E482.71292
G1 X141.985 Y152.616 E482.72826
G1 X141.734 Y152.388 E482.74405
G1 X141.498 Y152.125 E482.76051
G1 X141.312 Y151.875 E482.77502
G1 X141.131 Y151.572 E482.79145
G1 X140.984 Y151.261 E482.80747
G1 X140.873 Y150.952 E482.82276
G1 X140.79 Y150.613 E482.83901
G1 X140.743 Y150.29 E482.85421
G1 X140.726 Y149.942 E482.87043
G1 X140.744 Y149.602 E482.88628
G1 X140.794 Y149.267 E482.90206
G1 X140.874 Y148.947 E482.91742
G1 X140.989 Y148.626 E482.93329
G1 X141.137 Y148.315 E482.94933
G1 X141.312 Y148.024 E482.96514
G1 X141.509 Y147.76 E482.98048
G1 X141.743 Y147.503 E482.99666
G1 X141.981 Y147.287 E483.01163
G1 X142.256 Y147.083 E483.02757
G1 X142.553 Y146.906 E483.04367
G1 X142.866 Y146.758 E483.0598
G1 X143.179 Y146.647 E483.07526
G1 X143.508 Y146.566 E483.09104
G1 X143.835 Y146.518 E483.10643
G1 X144.175 Y146.501 E483.12228
G1 X144.522 Y146.518 E483.13845
G1 X144.858 Y146.569 E483.15428
G1 X145.178 Y146.649 E483.16964
G1 X145.499 Y146.764 E483.18552
G1 X145.8 Y146.907 E483.20103
G1 X146.094 Y147.083 E483.21699
G1 X146.368 Y147.287 E483.23289
G1 X146.607 Y147.503 E483.2479
G1 X146.852 Y147.775 E483.26494
G1 X147.038 Y148.025 E483.27945
G1 X147.219 Y148.328 E483.29589
G1 X147.365 Y148.638 E483.31184
G1 X147.477 Y148.948 E483.32719
G1 X147.558 Y149.278 E483.34301
G1 X147.607 Y149.61 E483.35864
G1 X147.624 Y149.959 E483.37491
G1 X147.607 Y150.29 E483.39034
G1 X147.558 Y150.623 E483.40601
G1 X147.476 Y150.953 E483.42185
G1 X147.364 Y151.266 E483.43733
G1 X147.21 Y151.591 E483.45407
G1 X147.038 Y151.875 E483.46953
G1 X146.843 Y152.137 E483.48474
G1 X146.616 Y152.388 E483.5005
G1 X146.35 Y152.627 E483.51715
G1 X146.1 Y152.813 E483.53166
G1 X145.797 Y152.994 E483.5481
G1 X145.487 Y153.14 E483.56405
G1 X145.177 Y153.252 E483.5794
G1 X144.842 Y153.334 E483.59546
G1 X144.515 Y153.382 E483.61085
G1 X144.175 Y153.399 E483.6267
G0 F9000 X144.175 Y152.959
G0 X144.175 Y152.607
;TYPE:SKIN
G1 F1329 X143.906 Y152.593 E483.63924
G1 X143.646 Y152.555 E483.65148
G1 X143.397 Y152.492 E483.66344
G1 X143.15 Y152.404 E483.67565
G1 X142.91 Y152.289 E483.68804
G1 X142.692 Y152.157 E483.69991
G1 X142.487 Y152.004 E483.71182
G1 X142.289 Y151.825 E483.72425
G1 X142.114 Y151.63 E483.73645
G1 X141.963 Y151.426 E483.74827
G1 X141.837 Y151.213 E483.75979
G1 X141.705 Y150.936 E483.77408
G1 X141.633 Y150.736 E483.78397
G1 X141.565 Y150.456 E483.79739
G1 X141.531 Y150.218 E483.80859
G1 X141.518 Y149.937 E483.82168
G1 X141.532 Y149.688 E483.8333
G1 X141.573 Y149.406 E483.84657
G1 X141.631 Y149.176 E483.85761
G1 X141.723 Y148.919 E483.87032
G1 X141.829 Y148.697 E483.88178
G1 X141.976 Y148.453 E483.89504
G1 X142.115 Y148.267 E483.90585
G1 X142.309 Y148.055 E483.91924
G1 X142.683 Y147.748 E483.94177
G1 X142.931 Y147.601 E483.95519
G1 X143.174 Y147.487 E483.96769
G1 X143.405 Y147.404 E483.97912
G1 X143.656 Y147.343 E483.99115
G1 X143.906 Y147.307 E484.00291
G1 X144.177 Y147.292 E484.01555
G1 X144.449 Y147.305 E484.02822
G1 X144.712 Y147.347 E484.04063
G1 X144.941 Y147.403 E484.0516
G1 X145.193 Y147.494 E484.06408
G1 X145.429 Y147.606 E484.07624
G1 X145.66 Y147.744 E484.08877
G1 X145.86 Y147.893 E484.10039
G1 X146.048 Y148.062 E484.11216
G1 X146.236 Y148.271 E484.12525
G1 X146.386 Y148.473 E484.13696
G1 X146.515 Y148.69 E484.14872
G1 X146.639 Y148.951 E484.16217
G1 X146.779 Y149.411 E484.18456
G1 X146.818 Y149.679 E484.19717
G1 X146.833 Y149.965 E484.21051
G1 X146.819 Y150.21 E484.22194
G1 X146.78 Y150.484 E484.23482
G1 X146.725 Y150.707 E484.24552
G1 X146.633 Y150.964 E484.25823
G1 X146.509 Y151.224 E484.27164
G1 X146.388 Y151.424 E484.28253
G1 X146.234 Y151.631 E484.29454
G1 X146.049 Y151.836 E484.3074
G1 X145.855 Y152.01 E484.31953
G1 X145.66 Y152.156 E484.33088
G1 X145.435 Y152.29 E484.34307
G1 X145.175 Y152.414 E484.35648
G1 X144.945 Y152.496 E484.36785
G1 X144.699 Y152.557 E484.37965
G1 X144.446 Y152.593 E484.39155
G1 X144.175 Y152.607 E484.40419
G0 F9000 X144.162 Y152.887
G0 X145.268 Y152.612
G0 X145.914 Y152.229
G0 X146.688 Y151.467
G0 X146.312 Y151.238
G1 F1329 X145.465 Y152.085 E484.45997
G0 F9000 X144.572 Y152.412
G1 F1329 X146.637 Y150.347 E484.59595
G0 F9000 X146.661 Y149.758
G1 F1329 X143.983 Y152.435 E484.77227
G0 F9000 X143.5 Y152.352
G1 F1329 X146.571 Y149.281 E484.9745
G0 F9000 X146.421 Y148.866
G1 F1329 X143.09 Y152.197 E485.19385
G0 F9000 X142.733 Y151.988
G1 F1329 X146.212 Y148.509 E485.42295
G0 F9000 X145.956 Y148.2
G1 F1329 X142.424 Y151.731 E485.6555
G0 F9000 X142.164 Y151.426
G1 F1329 X145.653 Y147.937 E485.88526
G0 F9000 X145.302 Y147.722
G1 F1329 X141.95 Y151.074 E486.106
G0 F9000 X141.784 Y150.675
G1 F1329 X144.901 Y147.557 E486.31129
G0 F9000 X144.43 Y147.463
G1 F1329 X141.69 Y150.202 E486.49169
G0 F9000 X141.703 Y149.624
G1 F1329 X143.852 Y147.475 E486.6332
G0 F9000 X143.032 Y147.729
G1 F1329 X141.952 Y148.809 E486.70432
G0 F9000 X141.638 Y148.659
G1 F2700 E481.70432
;MESH:NONMESH
G0 F300 X141.638 Y148.659 Z19.88
G0 F9000 X141.557 Y148.618
G0 X142.35 Y147.724
G0 X143.081 Y147.289
G0 X143.889 Y147.087
G0 X144.742 Y147.129
G0 X145.536 Y147.413
G0 X146.204 Y147.906
G0 X146.712 Y148.591
G0 X146.941 Y149.229
G0 X147.265 Y150.893
G0 X148.317 Y151.155
G0 X152.237 Y152.348
G0 X153.312 Y151.979
G0 X154.262 Y152.389
G0 X155.825 Y152.999
;TIME_ELAPSED:920.954257
;LAYER:70
;TYPE:WALL-INNER
;MESH:Shiny Hillar (2).stl
G1 F2700 E486.70432
G1 F1339.4 X155.531 Y152.984 E486.71803
G1 X155.229 Y152.941 E486.73224
G1 X154.932 Y152.866 E486.7465
G1 X154.662 Y152.769 E486.75986
G1 X154.385 Y152.638 E486.77413
G1 X154.134 Y152.488 E486.78774
G1 X153.881 Y152.299 E486.80245
G1 X153.669 Y152.107 E486.81577
G1 X153.467 Y151.884 E486.82978
G1 X153.289 Y151.644 E486.84369
G1 X153.133 Y151.383 E486.85785
G1 X153.006 Y151.113 E486.87174
G1 X152.907 Y150.839 E486.88531
G1 X152.836 Y150.551 E486.89912
G1 X152.791 Y150.247 E486.91343
G1 X152.777 Y149.946 E486.92746
G1 X152.792 Y149.644 E486.94154
G1 X152.836 Y149.348 E486.95547
G1 X152.909 Y149.057 E486.96944
G1 X153.006 Y148.785 E486.98289
G1 X153.139 Y148.506 E486.99728
G1 X153.285 Y148.262 E487.01052
G1 X153.475 Y148.007 E487.02533
G1 X153.668 Y147.794 E487.03872
G1 X153.891 Y147.592 E487.05273
G1 X154.124 Y147.419 E487.06624
G1 X154.397 Y147.256 E487.08104
G1 X154.663 Y147.131 E487.09473
G1 X154.937 Y147.034 E487.10826
G1 X155.229 Y146.96 E487.12229
G1 X155.536 Y146.916 E487.13673
G1 X155.815 Y146.902 E487.14974
G1 X156.133 Y146.917 E487.16456
G1 X156.424 Y146.96 E487.17826
G1 X156.709 Y147.032 E487.19195
G1 X156.992 Y147.133 E487.20594
G1 X157.268 Y147.264 E487.22017
G1 X157.525 Y147.418 E487.23412
G1 X157.753 Y147.588 E487.24736
G1 X157.989 Y147.802 E487.2622
G1 X158.179 Y148.013 E487.27542
G1 X158.359 Y148.254 E487.28942
G1 X158.518 Y148.521 E487.30389
G1 X158.644 Y148.788 E487.31764
G1 X158.743 Y149.065 E487.33134
G1 X158.814 Y149.349 E487.34497
G1 X158.858 Y149.65 E487.35913
G1 X158.873 Y149.946 E487.37293
G1 X158.858 Y150.256 E487.38739
G1 X158.814 Y150.552 E487.40132
G1 X158.745 Y150.83 E487.41466
G1 X158.639 Y151.125 E487.42925
G1 X158.512 Y151.393 E487.44306
G1 X158.362 Y151.644 E487.45668
G1 X158.187 Y151.878 E487.47029
G1 X157.978 Y152.107 E487.48472
G1 X157.76 Y152.306 E487.49847
G1 X157.521 Y152.484 E487.51234
G1 X157.254 Y152.643 E487.52681
G1 X156.987 Y152.769 E487.54056
G1 X156.709 Y152.869 E487.55432
G1 X156.425 Y152.939 E487.56794
G1 X156.114 Y152.984 E487.58257
G1 X155.825 Y152.999 E487.59605
G0 F9000 X155.825 Y153.399
;TYPE:WALL-OUTER
G1 F1339.4 X155.488 Y153.382 E487.61176
G1 X155.149 Y153.334 E487.6277
G1 X154.822 Y153.251 E487.64341
G1 X154.505 Y153.137 E487.6591
G1 X154.195 Y152.991 E487.67505
G1 X153.91 Y152.82 E487.69053
G1 X153.628 Y152.61 E487.7069
G1 X153.386 Y152.39 E487.72213
G1 X153.16 Y152.141 E487.73779
G1 X152.956 Y151.866 E487.75373
G1 X152.778 Y151.568 E487.76989
G1 X152.638 Y151.27 E487.78522
G1 X152.524 Y150.953 E487.80091
G1 X152.442 Y150.623 E487.81674
G1 X152.392 Y150.283 E487.83275
G1 X152.376 Y149.946 E487.84846
G1 X152.393 Y149.606 E487.86431
G1 X152.442 Y149.277 E487.8798
G1 X152.526 Y148.939 E487.89601
G1 X152.637 Y148.631 E487.91126
G1 X152.787 Y148.315 E487.92755
G1 X152.953 Y148.038 E487.94258
G1 X153.164 Y147.754 E487.95906
G1 X153.385 Y147.511 E487.97435
G1 X153.634 Y147.285 E487.99001
G1 X153.909 Y147.081 E488.00595
G1 X154.204 Y146.905 E488.02195
G1 X154.512 Y146.76 E488.0378
G1 X154.822 Y146.65 E488.05312
G1 X155.152 Y146.567 E488.06896
G1 X155.489 Y146.518 E488.08482
G1 X155.825 Y146.501 E488.10049
G1 X156.169 Y146.518 E488.11652
G1 X156.502 Y146.567 E488.1322
G1 X156.828 Y146.649 E488.14785
G1 X157.141 Y146.761 E488.16333
G1 X157.454 Y146.91 E488.17947
G1 X157.753 Y147.089 E488.1957
G1 X158.006 Y147.277 E488.21037
G1 X158.273 Y147.52 E488.22719
G1 X158.49 Y147.76 E488.24225
G1 X158.694 Y148.034 E488.25816
G1 X158.869 Y148.328 E488.27409
G1 X159.013 Y148.634 E488.28984
G1 X159.126 Y148.947 E488.30533
G1 X159.208 Y149.277 E488.32117
G1 X159.257 Y149.614 E488.33702
G1 X159.274 Y149.954 E488.35287
G1 X159.257 Y150.294 E488.36873
G1 X159.208 Y150.623 E488.38421
G1 X159.126 Y150.953 E488.40005
G1 X159.013 Y151.269 E488.41568
G1 X158.864 Y151.583 E488.43186
G1 X158.691 Y151.872 E488.44754
G1 X158.498 Y152.131 E488.46258
G1 X158.256 Y152.396 E488.47929
G1 X158.018 Y152.613 E488.49429
G1 X157.741 Y152.819 E488.51036
G1 X157.447 Y152.994 E488.5263
G1 X157.141 Y153.138 E488.54204
G1 X156.826 Y153.252 E488.55764
G1 X156.497 Y153.333 E488.57342
G1 X156.161 Y153.382 E488.58923
G1 X155.825 Y153.399 E488.6049
G0 F9000 X155.825 Y152.959
G0 X155.825 Y152.607
;TYPE:SKIN
G1 F1339.4 X155.56 Y152.594 E488.61725
G1 X155.307 Y152.559 E488.62914
G1 X155.046 Y152.493 E488.64168
G1 X154.82 Y152.412 E488.65286
G1 X154.562 Y152.289 E488.66617
G1 X154.35 Y152.163 E488.67765
G1 X154.124 Y151.994 E488.69079
G1 X153.944 Y151.832 E488.70207
G1 X153.769 Y151.638 E488.71423
G1 X153.616 Y151.432 E488.72618
G1 X153.478 Y151.199 E488.73879
G1 X153.368 Y150.966 E488.75079
G1 X153.28 Y150.724 E488.76278
G1 X153.218 Y150.47 E488.77495
G1 X153.18 Y150.21 E488.78719
G1 X153.167 Y149.947 E488.79945
G1 X153.182 Y149.677 E488.81204
G1 X153.221 Y149.415 E488.82438
G1 X153.284 Y149.165 E488.83638
G1 X153.361 Y148.948 E488.8471
G1 X153.485 Y148.689 E488.86047
G1 X153.616 Y148.469 E488.8724
G1 X153.778 Y148.252 E488.88501
G1 X153.943 Y148.069 E488.89648
G1 X154.137 Y147.894 E488.90865
G1 X154.338 Y147.745 E488.9203
G1 X154.581 Y147.601 E488.93345
G1 X154.81 Y147.494 E488.94522
G1 X155.054 Y147.407 E488.95728
G1 X155.306 Y147.343 E488.96939
G1 X155.567 Y147.306 E488.98166
G1 X155.816 Y147.293 E488.99327
G1 X156.098 Y147.307 E489.00642
G1 X156.352 Y147.344 E489.01837
G1 X156.597 Y147.406 E489.03014
G1 X156.835 Y147.491 E489.04191
G1 X157.082 Y147.608 E489.05463
G1 X157.311 Y147.745 E489.06706
G1 X157.505 Y147.889 E489.07831
G1 X157.712 Y148.077 E489.09133
G1 X157.876 Y148.26 E489.10277
G1 X158.033 Y148.469 E489.11495
G1 X158.168 Y148.696 E489.12724
G1 X158.287 Y148.945 E489.14009
G1 X158.367 Y149.17 E489.15121
G1 X158.429 Y149.416 E489.16303
G1 X158.468 Y149.685 E489.17568
G1 X158.482 Y149.946 E489.18785
G1 X158.469 Y150.218 E489.20053
G1 X158.43 Y150.484 E489.21305
G1 X158.373 Y150.712 E489.224
G1 X158.282 Y150.967 E489.2366
G1 X158.163 Y151.216 E489.24945
G1 X158.037 Y151.428 E489.26094
G1 X157.887 Y151.629 E489.27262
G1 X157.702 Y151.831 E489.28537
G1 X157.506 Y152.01 E489.29773
G1 X157.308 Y152.158 E489.30924
G1 X157.075 Y152.296 E489.32185
G1 X156.84 Y152.407 E489.33395
G1 X156.594 Y152.496 E489.34613
G1 X156.348 Y152.556 E489.35792
G1 X156.081 Y152.594 E489.37048
G1 X155.825 Y152.607 E489.38242
G0 F9000 X155.193 Y152.365
G1 F1339.4 X153.408 Y150.58 E489.49996
G0 F9000 X153.327 Y149.933
G1 F1339.4 X155.839 Y152.445 E489.66538
G0 F9000 X156.35 Y152.39
G1 F1339.4 X153.382 Y149.422 E489.86083
G0 F9000 X153.516 Y148.99
G1 F1339.4 X156.781 Y152.256 E490.07587
G0 F9000 X157.153 Y152.062
G1 F1339.4 X153.711 Y148.62 E490.30253
G0 F9000 X153.952 Y148.295
G1 F1339.4 X157.476 Y151.819 E490.53459
G0 F9000 X157.757 Y151.535
G1 F1339.4 X154.239 Y148.017 E490.76626
G0 F9000 X154.577 Y147.789
G1 F1339.4 X157.986 Y151.198 E490.99075
G0 F9000 X158.167 Y150.813
G1 F1339.4 X154.963 Y147.609 E491.20174
G0 F9000 X155.409 Y147.489
G1 F1339.4 X158.284 Y150.364 E491.39106
G0 F9000 X158.314 Y149.828
G1 F1339.4 X155.946 Y147.46 E491.547
G0 F9000 X156.643 Y147.592
G1 F1339.4 X158.184 Y149.133 E491.64847
G0 F9000 X158.513 Y149.017
G1 F2700 E486.64847
G0 F9000 X158.599 Y148.989
G0 X158.048 Y148.123
G0 X157.429 Y147.559
G0 X156.658 Y147.195
G0 X155.816 Y147.073
G0 X154.982 Y147.199
G0 X154.221 Y147.559
G0 X153.601 Y148.123
G0 X153.165 Y148.85
G0 X153.052 Y149.307
G0 X152.734 Y150.889
G0 X151.683 Y151.151
G0 X147.784 Y152.312
G0 X146.854 Y151.755
G0 X145.433 Y152.523
G0 X144.175 Y152.998
;TYPE:WALL-INNER
G1 F2700 E491.64847
G1 F1339.4 X143.871 Y152.983 E491.66265
G1 X143.575 Y152.94 E491.67657
G1 X143.278 Y152.865 E491.69084
G1 X143.016 Y152.771 E491.7038
G1 X142.732 Y152.636 E491.71844
G1 X142.475 Y152.482 E491.73239
G1 X142.246 Y152.311 E491.7457
G1 X142.011 Y152.098 E491.76047
G1 X141.809 Y151.874 E491.77451
G1 X141.645 Y151.653 E491.78733
G1 X141.485 Y151.386 E491.80182
G1 X141.356 Y151.112 E491.81592
G1 X141.256 Y150.834 E491.82968
G1 X141.186 Y150.55 E491.8433
G1 X141.142 Y150.254 E491.85724
G1 X141.127 Y149.946 E491.87159
G1 X141.142 Y149.64 E491.88586
G1 X141.185 Y149.348 E491.8996
G1 X141.257 Y149.066 E491.91316
G1 X141.359 Y148.779 E491.92734
G1 X141.489 Y148.506 E491.94142
G1 X141.641 Y148.252 E491.9552
G1 X141.813 Y148.022 E491.96858
G1 X142.028 Y147.785 E491.98348
G1 X142.235 Y147.598 E491.99647
G1 X142.477 Y147.418 E492.01051
G1 X142.742 Y147.259 E492.0249
G1 X143.017 Y147.13 E492.03904
G1 X143.291 Y147.032 E492.05259
G1 X143.577 Y146.961 E492.06631
G1 X143.873 Y146.917 E492.08025
G1 X144.175 Y146.902 E492.09433
G1 X144.483 Y146.917 E492.10869
G1 X144.774 Y146.96 E492.12239
G1 X145.059 Y147.032 E492.13607
G1 X145.345 Y147.134 E492.15021
G1 X145.615 Y147.262 E492.16413
G1 X145.866 Y147.413 E492.17776
G1 X146.115 Y147.598 E492.19221
G1 X146.332 Y147.793 E492.20579
G1 X146.533 Y148.016 E492.21977
G1 X146.706 Y148.249 E492.23329
G1 X146.868 Y148.521 E492.24803
G1 X146.994 Y148.788 E492.26178
G1 X147.094 Y149.066 E492.27553
G1 X147.164 Y149.35 E492.28915
G1 X147.208 Y149.646 E492.30309
G1 X147.223 Y149.964 E492.31791
G1 X147.209 Y150.243 E492.33092
G1 X147.164 Y150.551 E492.34541
G1 X147.092 Y150.843 E492.35942
G1 X146.996 Y151.109 E492.37258
G1 X146.861 Y151.393 E492.38723
G1 X146.705 Y151.653 E492.40135
G1 X146.541 Y151.874 E492.41416
G1 X146.326 Y152.111 E492.42906
G1 X146.113 Y152.304 E492.44244
G1 X145.871 Y152.484 E492.45649
G1 X145.604 Y152.643 E492.47096
G1 X145.337 Y152.769 E492.48471
G1 X145.059 Y152.869 E492.49846
G1 X144.775 Y152.939 E492.51208
G1 X144.479 Y152.983 E492.52602
G1 X144.175 Y152.998 E492.54019
G0 F9000 X144.175 Y153.399
;TYPE:WALL-OUTER
G1 F1339.4 X143.835 Y153.382 E492.55604
G1 X143.498 Y153.333 E492.5719
G1 X143.168 Y153.25 E492.58774
G1 X142.859 Y153.139 E492.60303
G1 X142.546 Y152.99 E492.61917
G1 X142.247 Y152.811 E492.6354
G1 X141.993 Y152.622 E492.65014
G1 X141.727 Y152.38 E492.66689
G1 X141.502 Y152.131 E492.68251
G1 X141.312 Y151.875 E492.69736
G1 X141.13 Y151.571 E492.71386
G1 X140.987 Y151.266 E492.72954
G1 X140.873 Y150.951 E492.74514
G1 X140.792 Y150.622 E492.76092
G1 X140.743 Y150.29 E492.77655
G1 X140.726 Y149.946 E492.79258
G1 X140.743 Y149.602 E492.80862
G1 X140.792 Y149.271 E492.8242
G1 X140.874 Y148.947 E492.83976
G1 X140.987 Y148.631 E492.85539
G1 X141.137 Y148.315 E492.87168
G1 X141.309 Y148.028 E492.88726
G1 X141.502 Y147.769 E492.9023
G1 X141.745 Y147.502 E492.91911
G1 X141.982 Y147.287 E492.93401
G1 X142.256 Y147.083 E492.94992
G1 X142.553 Y146.906 E492.96602
G1 X142.862 Y146.76 E492.98193
G1 X143.172 Y146.65 E492.99725
G1 X143.506 Y146.567 E493.01327
G1 X143.835 Y146.518 E493.02876
G1 X144.175 Y146.501 E493.04461
G1 X144.519 Y146.518 E493.06065
G1 X144.852 Y146.567 E493.07632
G1 X145.178 Y146.649 E493.09198
G1 X145.494 Y146.762 E493.1076
G1 X145.801 Y146.908 E493.12343
G1 X146.094 Y147.083 E493.13932
G1 X146.368 Y147.287 E493.15523
G1 X146.615 Y147.51 E493.17073
G1 X146.84 Y147.759 E493.18635
G1 X147.044 Y148.034 E493.2023
G1 X147.219 Y148.328 E493.21823
G1 X147.363 Y148.634 E493.23397
G1 X147.477 Y148.949 E493.24957
G1 X147.558 Y149.278 E493.26535
G1 X147.607 Y149.61 E493.28098
G1 X147.624 Y149.954 E493.29701
G1 X147.607 Y150.29 E493.31268
G1 X147.558 Y150.623 E493.32835
G1 X147.475 Y150.957 E493.34438
G1 X147.364 Y151.266 E493.35967
G1 X147.215 Y151.579 E493.37581
G1 X147.038 Y151.875 E493.39187
G1 X146.848 Y152.131 E493.40671
G1 X146.609 Y152.394 E493.42326
G1 X146.365 Y152.615 E493.43859
G1 X146.091 Y152.819 E493.4545
G1 X145.797 Y152.994 E493.47043
G1 X145.491 Y153.138 E493.48618
G1 X145.176 Y153.252 E493.50177
G1 X144.847 Y153.333 E493.51755
G1 X144.515 Y153.382 E493.53318
G1 X144.175 Y153.399 E493.54903
G0 F9000 X144.175 Y152.959
G0 X144.175 Y152.607
;TYPE:SKIN
G1 F1339.4 X143.904 Y152.593 E493.56167
G1 X143.648 Y152.556 E493.57371
G1 X143.394 Y152.492 E493.58591
G1 X143.174 Y152.414 E493.59678
G1 X142.915 Y152.29 E493.61015
G1 X142.687 Y152.154 E493.62251
G1 X142.495 Y152.01 E493.63368
G1 X142.286 Y151.821 E493.64681
G1 X142.112 Y151.627 E493.65894
G1 X141.972 Y151.44 E493.66982
G1 X141.827 Y151.197 E493.68299
G1 X141.717 Y150.962 E493.69508
G1 X141.629 Y150.719 E493.70711
G1 X141.569 Y150.474 E493.71886
G1 X141.531 Y150.216 E493.731
G1 X141.517 Y149.947 E493.74354
G1 X141.532 Y149.665 E493.75669
G1 X141.568 Y149.424 E493.76804
G1 X141.633 Y149.17 E493.78025
G1 X141.714 Y148.942 E493.79151
G1 X141.835 Y148.689 E493.80457
G1 X141.969 Y148.464 E493.81677
G1 X142.118 Y148.265 E493.82834
G1 X142.304 Y148.06 E493.84123
G1 X142.482 Y147.9 E493.85238
G1 X142.692 Y147.743 E493.86458
G1 X142.923 Y147.605 E493.87711
G1 X143.172 Y147.488 E493.88992
G1 X143.646 Y147.345 E493.91298
G1 X143.908 Y147.307 E493.92531
G1 X144.175 Y147.293 E493.93776
G1 X144.448 Y147.307 E493.95048
G1 X144.702 Y147.344 E493.96244
G1 X144.947 Y147.406 E493.9742
G1 X145.188 Y147.492 E493.98612
G1 X145.438 Y147.61 E493.99899
G1 X145.646 Y147.735 E494.01029
G1 X145.859 Y147.894 E494.02267
G1 X146.061 Y148.075 E494.0353
G1 X146.228 Y148.26 E494.0469
G1 X146.385 Y148.47 E494.05911
G1 X146.518 Y148.694 E494.07124
G1 X146.632 Y148.935 E494.08366
G1 X146.72 Y149.179 E494.09573
G1 X146.781 Y149.426 E494.10758
G1 X146.818 Y149.682 E494.11963
G1 X146.832 Y149.963 E494.13273
G1 X146.82 Y150.205 E494.14401
G1 X146.782 Y150.47 E494.15647
G1 X146.719 Y150.728 E494.16884
G1 X146.637 Y150.954 E494.18004
G1 X146.513 Y151.216 E494.19353
G1 X146.391 Y151.421 E494.20464
G1 X146.233 Y151.634 E494.21699
G1 X146.051 Y151.835 E494.22962
G1 X145.865 Y152.002 E494.24126
G1 X145.657 Y152.159 E494.25339
G1 X145.425 Y152.296 E494.26594
G1 X145.193 Y152.406 E494.27789
G1 X144.944 Y152.496 E494.29022
G1 X144.699 Y152.556 E494.30197
G1 X144.444 Y152.593 E494.31396
G1 X144.175 Y152.607 E494.32651
G0 F9000 X144.16 Y152.887
G0 X143.081 Y152.612
G0 X142.354 Y152.178
G0 X142.032 Y151.826
G0 X141.48 Y151.117
G0 X141.879 Y150.93
G1 F1339.4 X143.195 Y152.246 E494.41317
G0 F9000 X143.948 Y152.433
G1 F1339.4 X141.688 Y150.173 E494.56199
G0 F9000 X141.7 Y149.62
G1 F1339.4 X144.501 Y152.421 E494.74644
G0 F9000 X144.963 Y152.317
G1 F1339.4 X141.805 Y149.159 E494.9544
G0 F9000 X141.975 Y148.763
G1 F1339.4 X145.359 Y152.147 E495.17725
G0 F9000 X145.701 Y151.924
G1 F1339.4 X142.199 Y148.421 E495.40789
G0 F9000 X142.469 Y148.126
G1 F1339.4 X145.998 Y151.655 E495.64028
G0 F9000 X146.25 Y151.342
G1 F1339.4 X142.783 Y147.875 E495.86859
G0 F9000 X143.15 Y147.675
G1 F1339.4 X146.449 Y150.975 E496.08587
G0 F9000 X146.595 Y150.555
G1 F1339.4 X143.573 Y147.532 E496.2849
G0 F9000 X144.065 Y147.459
G1 F1339.4 X146.666 Y150.06 E496.45618
G0 F9000 X146.623 Y149.451
G1 F1339.4 X144.673 Y147.501 E496.5846
G0 F9000 X144.78 Y147.076
G0 X146.01 Y147.659
G0 X145.748 Y148.011
G1 F1339.4 X146.123 Y148.386 E496.60929
G0 F9000 X146.404 Y148.177
;TIME_ELAPSED:934.213921
G1 F2700 E491.60929
M140 S0
M107
G91 ;Relative positioning
G1 E-2 F2700 ;Retract a bit
G1 E-2 Z0.2 F2400 ;Retract and raise Z
G1 X5 Y5 F3000 ;Wipe out
G1 Z10 ;Raise Z more
G90 ;Absolute positioning

G1 X0 Y300 ;Present print
M106 S0 ;Turn-off fan
M104 S0 ;Turn-off hotend
M140 S0 ;Turn-off bed

M84 X Y E ;Disable all steppers but Z

M82 ;absolute extrusion mode
M104 S0
;End of Gcode
;SETTING_3 {"global_quality": "[general]\\nversion = 4\\nname = Low Quality #2\\
;SETTING_3 ndefinition = creality_base\\n\\n[metadata]\\ntype = quality_changes\
;SETTING_3 \nquality_type = low\\nsetting_version = 16\\n\\n[values]\\n\\n", "ex
;SETTING_3 truder_quality": ["[general]\\nversion = 4\\nname = Low Quality #2\\n
;SETTING_3 definition = creality_cr10s\\n\\n[metadata]\\ntype = quality_changes\
;SETTING_3 \nquality_type = low\\nsetting_version = 16\\nposition = 0\\n\\n[valu
;SETTING_3 es]\\ninfill_sparse_density = 40\\nmaterial_print_temperature = 210\\
;SETTING_3 nspeed_print = 60\\n\\n"]}
